{
	"type" : "FeatureCollection",
	"name" : "movilidad_reducida",
	"features" : [
		{
			"type" : "Feature",
			"geometry" : {
				"type" : "Point",
				"coordinates" : [ -6.3959560957, 39.4677046984 ]
			},
			"properties" : {
				"NUCLEO" : "CACERES",
				"DISTRITO" : "OESTE",
				"BARRIO" : "ESTACION",
				"CODBARRIO" : 20,
				"CODIGO_VIA" : 4143,
				"TIPO_VIA" : "AVDA",
				"NOMBRE_VIA" : "DE LAS ARENAS",
				"GESTION" : "PRIVADA",
				"URL_FICHA" : "https://sig.caceres.es/serweb/fichasig/fichamovilidadreducida.php?mslink=263",
				"URL_FOTO" : "https://sig.caceres.es/fotosOriginales/MOVILIDAD/4143_1_1.JPG",
				"URL_VIA" : "https://sig.caceres.es/serweb/fichasig/fichacalle.php?codigo=4143",
				"WGS84_X" : -6.395956,
				"WGS84_Y" : 39.467705,
				"COORD_X" : 724012,
				"COORD_Y" : 4371917
			}
		},
		{
			"type" : "Feature",
			"geometry" : {
				"type" : "Point",
				"coordinates" : [ -6.3959134433, 39.4677180374 ]
			},
			"properties" : {
				"NUCLEO" : "CACERES",
				"DISTRITO" : "OESTE",
				"BARRIO" : "ESTACION",
				"CODBARRIO" : 20,
				"CODIGO_VIA" : 4143,
				"TIPO_VIA" : "AVDA",
				"NOMBRE_VIA" : "DE LAS ARENAS",
				"GESTION" : "PRIVADA",
				"URL_FICHA" : "https://sig.caceres.es/serweb/fichasig/fichamovilidadreducida.php?mslink=264",
				"URL_FOTO" : "https://sig.caceres.es/fotosOriginales/MOVILIDAD/4143_1_1.JPG",
				"URL_VIA" : "https://sig.caceres.es/serweb/fichasig/fichacalle.php?codigo=4143",
				"WGS84_X" : -6.395913,
				"WGS84_Y" : 39.467718,
				"COORD_X" : 724015,
				"COORD_Y" : 4371919
			}
		},
		{
			"type" : "Feature",
			"geometry" : {
				"type" : "Point",
				"coordinates" : [ -6.3958741385, 39.4677299198 ]
			},
			"properties" : {
				"NUCLEO" : "CACERES",
				"DISTRITO" : "OESTE",
				"BARRIO" : "ESTACION",
				"CODBARRIO" : 20,
				"CODIGO_VIA" : 4143,
				"TIPO_VIA" : "AVDA",
				"NOMBRE_VIA" : "DE LAS ARENAS",
				"GESTION" : "PRIVADA",
				"URL_FICHA" : "https://sig.caceres.es/serweb/fichasig/fichamovilidadreducida.php?mslink=265",
				"URL_FOTO" : "https://sig.caceres.es/fotosOriginales/MOVILIDAD/4143_1_1.JPG",
				"URL_VIA" : "https://sig.caceres.es/serweb/fichasig/fichacalle.php?codigo=4143",
				"WGS84_X" : -6.395874,
				"WGS84_Y" : 39.46773,
				"COORD_X" : 724019,
				"COORD_Y" : 4371920
			}
		},
		{
			"type" : "Feature",
			"geometry" : {
				"type" : "Point",
				"coordinates" : [ -6.395831486, 39.4677432587 ]
			},
			"properties" : {
				"NUCLEO" : "CACERES",
				"DISTRITO" : "OESTE",
				"BARRIO" : "ESTACION",
				"CODBARRIO" : 20,
				"CODIGO_VIA" : 4143,
				"TIPO_VIA" : "AVDA",
				"NOMBRE_VIA" : "DE LAS ARENAS",
				"GESTION" : "PRIVADA",
				"URL_FICHA" : "https://sig.caceres.es/serweb/fichasig/fichamovilidadreducida.php?mslink=266",
				"URL_FOTO" : "https://sig.caceres.es/fotosOriginales/MOVILIDAD/4143_1_1.JPG",
				"URL_VIA" : "https://sig.caceres.es/serweb/fichasig/fichacalle.php?codigo=4143",
				"WGS84_X" : -6.395831,
				"WGS84_Y" : 39.467743,
				"COORD_X" : 724022,
				"COORD_Y" : 4371922
			}
		},
		{
			"type" : "Feature",
			"geometry" : {
				"type" : "Point",
				"coordinates" : [ -6.3957914661, 39.4677566566 ]
			},
			"properties" : {
				"NUCLEO" : "CACERES",
				"DISTRITO" : "OESTE",
				"BARRIO" : "ESTACION",
				"CODBARRIO" : 20,
				"CODIGO_VIA" : 4143,
				"TIPO_VIA" : "AVDA",
				"NOMBRE_VIA" : "DE LAS ARENAS",
				"GESTION" : "PRIVADA",
				"URL_FICHA" : "https://sig.caceres.es/serweb/fichasig/fichamovilidadreducida.php?mslink=267",
				"URL_FOTO" : "https://sig.caceres.es/fotosOriginales/MOVILIDAD/4143_2_1.JPG",
				"URL_VIA" : "https://sig.caceres.es/serweb/fichasig/fichacalle.php?codigo=4143",
				"WGS84_X" : -6.395791,
				"WGS84_Y" : 39.467757,
				"COORD_X" : 724026,
				"COORD_Y" : 4371924
			}
		},
		{
			"type" : "Feature",
			"geometry" : {
				"type" : "Point",
				"coordinates" : [ -6.395750845, 39.4677685094 ]
			},
			"properties" : {
				"NUCLEO" : "CACERES",
				"DISTRITO" : "OESTE",
				"BARRIO" : "ESTACION",
				"CODBARRIO" : 20,
				"CODIGO_VIA" : 4143,
				"TIPO_VIA" : "AVDA",
				"NOMBRE_VIA" : "DE LAS ARENAS",
				"GESTION" : "PRIVADA",
				"URL_FICHA" : "https://sig.caceres.es/serweb/fichasig/fichamovilidadreducida.php?mslink=268",
				"URL_FOTO" : "https://sig.caceres.es/fotosOriginales/MOVILIDAD/4143_2_1.JPG",
				"URL_VIA" : "https://sig.caceres.es/serweb/fichasig/fichacalle.php?codigo=4143",
				"WGS84_X" : -6.395751,
				"WGS84_Y" : 39.467769,
				"COORD_X" : 724029,
				"COORD_Y" : 4371925
			}
		},
		{
			"type" : "Feature",
			"geometry" : {
				"type" : "Point",
				"coordinates" : [ -6.3957114641, 39.4677824322 ]
			},
			"properties" : {
				"NUCLEO" : "CACERES",
				"DISTRITO" : "OESTE",
				"BARRIO" : "ESTACION",
				"CODBARRIO" : 20,
				"CODIGO_VIA" : 4143,
				"TIPO_VIA" : "AVDA",
				"NOMBRE_VIA" : "DE LAS ARENAS",
				"GESTION" : "PRIVADA",
				"URL_FICHA" : "https://sig.caceres.es/serweb/fichasig/fichamovilidadreducida.php?mslink=269",
				"URL_FOTO" : "https://sig.caceres.es/fotosOriginales/MOVILIDAD/4143_2_1.JPG",
				"URL_VIA" : "https://sig.caceres.es/serweb/fichasig/fichacalle.php?codigo=4143",
				"WGS84_X" : -6.395711,
				"WGS84_Y" : 39.467782,
				"COORD_X" : 724032,
				"COORD_Y" : 4371927
			}
		},
		{
			"type" : "Feature",
			"geometry" : {
				"type" : "Point",
				"coordinates" : [ -6.3948514705, 39.4684839151 ]
			},
			"properties" : {
				"NUCLEO" : "CACERES",
				"DISTRITO" : "OESTE",
				"BARRIO" : "ESTACION",
				"CODBARRIO" : 20,
				"CODIGO_VIA" : 4143,
				"TIPO_VIA" : "AVDA",
				"NOMBRE_VIA" : "DE LAS ARENAS",
				"GESTION" : "PRIVADA",
				"URL_FICHA" : "https://sig.caceres.es/serweb/fichasig/fichamovilidadreducida.php?mslink=270",
				"URL_FOTO" : "https://sig.caceres.es/fotosOriginales/MOVILIDAD/4143_3_1.JPG",
				"URL_VIA" : "https://sig.caceres.es/serweb/fichasig/fichacalle.php?codigo=4143",
				"WGS84_X" : -6.394851,
				"WGS84_Y" : 39.468484,
				"COORD_X" : 724104,
				"COORD_Y" : 4372007
			}
		},
		{
			"type" : "Feature",
			"geometry" : {
				"type" : "Point",
				"coordinates" : [ -6.3948138351, 39.4684945567 ]
			},
			"properties" : {
				"NUCLEO" : "CACERES",
				"DISTRITO" : "OESTE",
				"BARRIO" : "ESTACION",
				"CODBARRIO" : 20,
				"CODIGO_VIA" : 4143,
				"TIPO_VIA" : "AVDA",
				"NOMBRE_VIA" : "DE LAS ARENAS",
				"GESTION" : "PRIVADA",
				"URL_FICHA" : "https://sig.caceres.es/serweb/fichasig/fichamovilidadreducida.php?mslink=271",
				"URL_FOTO" : "https://sig.caceres.es/fotosOriginales/MOVILIDAD/4143_3_1.JPG",
				"URL_VIA" : "https://sig.caceres.es/serweb/fichasig/fichacalle.php?codigo=4143",
				"WGS84_X" : -6.394814,
				"WGS84_Y" : 39.468495,
				"COORD_X" : 724107,
				"COORD_Y" : 4372008
			}
		},
		{
			"type" : "Feature",
			"geometry" : {
				"type" : "Point",
				"coordinates" : [ -6.3853632942, 39.4609755639 ]
			},
			"properties" : {
				"NUCLEO" : "CACERES",
				"DISTRITO" : "OESTE",
				"BARRIO" : "ESTACION",
				"CODBARRIO" : 20,
				"CODIGO_VIA" : 4018,
				"TIPO_VIA" : "AVDA",
				"NOMBRE_VIA" : "JUAN PABLO II",
				"NUMPOL" : "6",
				"GESTION" : "PUBLICA",
				"URL_FICHA" : "https://sig.caceres.es/serweb/fichasig/fichamovilidadreducida.php?mslink=272",
				"URL_FOTO" : "https://sig.caceres.es/fotosOriginales/MOVILIDAD/4018_1_1.JPG",
				"URL_VIA" : "https://sig.caceres.es/serweb/fichasig/fichacalle.php?codigo=4018",
				"WGS84_X" : -6.385363,
				"WGS84_Y" : 39.460976,
				"COORD_X" : 724945,
				"COORD_Y" : 4371197
			}
		},
		{
			"type" : "Feature",
			"geometry" : {
				"type" : "Point",
				"coordinates" : [ -6.3850458097, 39.4619039837 ]
			},
			"properties" : {
				"NUCLEO" : "CACERES",
				"DISTRITO" : "OESTE",
				"BARRIO" : "ESTACION",
				"CODBARRIO" : 20,
				"CODIGO_VIA" : 4018,
				"TIPO_VIA" : "AVDA",
				"NOMBRE_VIA" : "JUAN PABLO II",
				"NUMPOL" : "2",
				"GESTION" : "PUBLICA",
				"URL_FICHA" : "https://sig.caceres.es/serweb/fichasig/fichamovilidadreducida.php?mslink=273",
				"URL_FOTO" : "https://sig.caceres.es/fotosOriginales/MOVILIDAD/4018_2_1.JPG",
				"URL_VIA" : "https://sig.caceres.es/serweb/fichasig/fichacalle.php?codigo=4018",
				"WGS84_X" : -6.385046,
				"WGS84_Y" : 39.461904,
				"COORD_X" : 724969,
				"COORD_Y" : 4371301
			}
		},
		{
			"type" : "Feature",
			"geometry" : {
				"type" : "Point",
				"coordinates" : [ -6.3850050184, 39.4619072917 ]
			},
			"properties" : {
				"NUCLEO" : "CACERES",
				"DISTRITO" : "OESTE",
				"BARRIO" : "ESTACION",
				"CODBARRIO" : 20,
				"CODIGO_VIA" : 4018,
				"TIPO_VIA" : "AVDA",
				"NOMBRE_VIA" : "JUAN PABLO II",
				"NUMPOL" : "2",
				"GESTION" : "PUBLICA",
				"URL_FICHA" : "https://sig.caceres.es/serweb/fichasig/fichamovilidadreducida.php?mslink=274",
				"URL_FOTO" : "https://sig.caceres.es/fotosOriginales/MOVILIDAD/4018_2_1.JPG",
				"URL_VIA" : "https://sig.caceres.es/serweb/fichasig/fichacalle.php?codigo=4018",
				"WGS84_X" : -6.385005,
				"WGS84_Y" : 39.461907,
				"COORD_X" : 724973,
				"COORD_Y" : 4371301
			}
		},
		{
			"type" : "Feature",
			"geometry" : {
				"type" : "Point",
				"coordinates" : [ -6.3853678158, 39.4610136004 ]
			},
			"properties" : {
				"NUCLEO" : "CACERES",
				"DISTRITO" : "OESTE",
				"BARRIO" : "ESTACION",
				"CODBARRIO" : 20,
				"CODIGO_VIA" : 4018,
				"TIPO_VIA" : "AVDA",
				"NOMBRE_VIA" : "JUAN PABLO II",
				"NUMPOL" : "6",
				"GESTION" : "PUBLICA",
				"URL_FICHA" : "https://sig.caceres.es/serweb/fichasig/fichamovilidadreducida.php?mslink=275",
				"URL_FOTO" : "https://sig.caceres.es/fotosOriginales/MOVILIDAD/4018_1_1.JPG",
				"URL_VIA" : "https://sig.caceres.es/serweb/fichasig/fichacalle.php?codigo=4018",
				"WGS84_X" : -6.385368,
				"WGS84_Y" : 39.461014,
				"COORD_X" : 724944,
				"COORD_Y" : 4371201
			}
		},
		{
			"type" : "Feature",
			"geometry" : {
				"type" : "Point",
				"coordinates" : [ -6.386753893, 39.465028757 ]
			},
			"properties" : {
				"NUCLEO" : "CACERES",
				"DISTRITO" : "CENTRO",
				"BARRIO" : "EL PERU",
				"CODBARRIO" : 20,
				"CODIGO_VIA" : 4142,
				"TIPO_VIA" : "AVDA",
				"NOMBRE_VIA" : "DEL FERROCARRIL",
				"GESTION" : "PUBLICA",
				"URL_FICHA" : "https://sig.caceres.es/serweb/fichasig/fichamovilidadreducida.php?mslink=515",
				"URL_FOTO" : "https://sig.caceres.es/fotosOriginales/MOVILIDAD/4142_2_1.JPG",
				"URL_VIA" : "https://sig.caceres.es/serweb/fichasig/fichacalle.php?codigo=4142",
				"WGS84_X" : -6.386754,
				"WGS84_Y" : 39.465029,
				"COORD_X" : 724812,
				"COORD_Y" : 4371643
			}
		},
		{
			"type" : "Feature",
			"geometry" : {
				"type" : "Point",
				"coordinates" : [ -6.3867858323, 39.465007323 ]
			},
			"properties" : {
				"NUCLEO" : "CACERES",
				"DISTRITO" : "CENTRO",
				"BARRIO" : "EL PERU",
				"CODBARRIO" : 20,
				"CODIGO_VIA" : 4142,
				"TIPO_VIA" : "AVDA",
				"NOMBRE_VIA" : "DEL FERROCARRIL",
				"GESTION" : "PUBLICA",
				"URL_FICHA" : "https://sig.caceres.es/serweb/fichasig/fichamovilidadreducida.php?mslink=516",
				"URL_FOTO" : "https://sig.caceres.es/fotosOriginales/MOVILIDAD/4142_1_1.JPG",
				"URL_VIA" : "https://sig.caceres.es/serweb/fichasig/fichacalle.php?codigo=4142",
				"WGS84_X" : -6.386786,
				"WGS84_Y" : 39.465007,
				"COORD_X" : 724809,
				"COORD_Y" : 4371641
			}
		},
		{
			"type" : "Feature",
			"geometry" : {
				"type" : "Point",
				"coordinates" : [ -6.3870605852, 39.4653396624 ]
			},
			"properties" : {
				"NUCLEO" : "CACERES",
				"DISTRITO" : "CENTRO",
				"BARRIO" : "EL PERU",
				"CODBARRIO" : 20,
				"CODIGO_VIA" : 4142,
				"TIPO_VIA" : "AVDA",
				"NOMBRE_VIA" : "DEL FERROCARRIL",
				"GESTION" : "PUBLICA",
				"URL_FICHA" : "https://sig.caceres.es/serweb/fichasig/fichamovilidadreducida.php?mslink=517",
				"URL_FOTO" : "https://sig.caceres.es/fotosOriginales/MOVILIDAD/4142_3_1.JPG",
				"URL_VIA" : "https://sig.caceres.es/serweb/fichasig/fichacalle.php?codigo=4142",
				"WGS84_X" : -6.387061,
				"WGS84_Y" : 39.46534,
				"COORD_X" : 724785,
				"COORD_Y" : 4371677
			}
		},
		{
			"type" : "Feature",
			"geometry" : {
				"type" : "Point",
				"coordinates" : [ -6.3874071765, 39.4651697811 ]
			},
			"properties" : {
				"NUCLEO" : "CACERES",
				"DISTRITO" : "CENTRO",
				"BARRIO" : "EL PERU",
				"CODBARRIO" : 20,
				"CODIGO_VIA" : 4142,
				"TIPO_VIA" : "AVDA",
				"NOMBRE_VIA" : "DEL FERROCARRIL",
				"GESTION" : "PUBLICA",
				"URL_FICHA" : "https://sig.caceres.es/serweb/fichasig/fichamovilidadreducida.php?mslink=518",
				"URL_FOTO" : "https://sig.caceres.es/fotosOriginales/MOVILIDAD/4142_4_1.JPG",
				"URL_VIA" : "https://sig.caceres.es/serweb/fichasig/fichacalle.php?codigo=4142",
				"WGS84_X" : -6.387407,
				"WGS84_Y" : 39.46517,
				"COORD_X" : 724755,
				"COORD_Y" : 4371657
			}
		},
		{
			"type" : "Feature",
			"geometry" : {
				"type" : "Point",
				"coordinates" : [ -6.3992613327, 39.4644789605 ]
			},
			"properties" : {
				"NUCLEO" : "CACERES",
				"DISTRITO" : "OESTE",
				"BARRIO" : "EL JUNQUILLO",
				"CODBARRIO" : 15,
				"CODIGO_VIA" : 3462,
				"TIPO_VIA" : "CALLE",
				"NOMBRE_VIA" : "AMAPOLA",
				"NUMPOL" : "2",
				"GESTION" : "PUBLICA",
				"URL_FICHA" : "https://sig.caceres.es/serweb/fichasig/fichamovilidadreducida.php?mslink=559",
				"URL_VIA" : "https://sig.caceres.es/serweb/fichasig/fichacalle.php?codigo=3462",
				"WGS84_X" : -6.399261,
				"WGS84_Y" : 39.464479,
				"COORD_X" : 723738,
				"COORD_Y" : 4371551
			}
		},
		{
			"type" : "Feature",
			"geometry" : {
				"type" : "Point",
				"coordinates" : [ -6.3984486893, 39.4687743459 ]
			},
			"properties" : {
				"NUCLEO" : "CACERES",
				"DISTRITO" : "OESTE",
				"BARRIO" : "LOS CASTELLANOS",
				"CODBARRIO" : 40,
				"CODIGO_VIA" : 3609,
				"TIPO_VIA" : "CALLE",
				"NOMBRE_VIA" : "MIGUEL SERRANO",
				"NUMPOL" : "15",
				"GESTION" : "PUBLICA",
				"URL_FICHA" : "https://sig.caceres.es/serweb/fichasig/fichamovilidadreducida.php?mslink=276",
				"URL_FOTO" : "https://sig.caceres.es/fotosOriginales/MOVILIDAD/3609_1_1.JPG",
				"URL_VIA" : "https://sig.caceres.es/serweb/fichasig/fichacalle.php?codigo=3609",
				"WGS84_X" : -6.398449,
				"WGS84_Y" : 39.468774,
				"COORD_X" : 723794,
				"COORD_Y" : 4372030
			}
		},
		{
			"type" : "Feature",
			"geometry" : {
				"type" : "Point",
				"coordinates" : [ -6.3982231977, 39.474061447 ]
			},
			"properties" : {
				"NUCLEO" : "CACERES",
				"DISTRITO" : "OESTE",
				"BARRIO" : "LOS CASTELLANOS",
				"CODBARRIO" : 40,
				"CODIGO_VIA" : 3123,
				"TIPO_VIA" : "CALLE",
				"NOMBRE_VIA" : "MANUEL PACHECO",
				"NUMPOL" : "4",
				"GESTION" : "PUBLICA",
				"URL_FICHA" : "https://sig.caceres.es/serweb/fichasig/fichamovilidadreducida.php?mslink=277",
				"URL_FOTO" : "https://sig.caceres.es/fotosOriginales/MOVILIDAD/3123_1_1.JPG",
				"URL_VIA" : "https://sig.caceres.es/serweb/fichasig/fichacalle.php?codigo=3123",
				"WGS84_X" : -6.398223,
				"WGS84_Y" : 39.474061,
				"COORD_X" : 723796,
				"COORD_Y" : 4372617
			}
		},
		{
			"type" : "Feature",
			"geometry" : {
				"type" : "Point",
				"coordinates" : [ -6.3969169764, 39.4737376104 ]
			},
			"properties" : {
				"NUCLEO" : "CACERES",
				"DISTRITO" : "OESTE",
				"BARRIO" : "LOS CASTELLANOS",
				"CODBARRIO" : 40,
				"CODIGO_VIA" : 3123,
				"TIPO_VIA" : "CALLE",
				"NOMBRE_VIA" : "MANUEL PACHECO",
				"NUMPOL" : "14",
				"GESTION" : "PUBLICA",
				"URL_FICHA" : "https://sig.caceres.es/serweb/fichasig/fichamovilidadreducida.php?mslink=278",
				"URL_FOTO" : "https://sig.caceres.es/fotosOriginales/MOVILIDAD/3123_2_1.JPG",
				"URL_VIA" : "https://sig.caceres.es/serweb/fichasig/fichacalle.php?codigo=3123",
				"WGS84_X" : -6.396917,
				"WGS84_Y" : 39.473738,
				"COORD_X" : 723910,
				"COORD_Y" : 4372585
			}
		},
		{
			"type" : "Feature",
			"geometry" : {
				"type" : "Point",
				"coordinates" : [ -6.3986203596, 39.4688030714 ]
			},
			"properties" : {
				"NUCLEO" : "CACERES",
				"DISTRITO" : "OESTE",
				"BARRIO" : "LOS CASTELLANOS",
				"CODBARRIO" : 40,
				"CODIGO_VIA" : 3609,
				"TIPO_VIA" : "CALLE",
				"NOMBRE_VIA" : "MIGUEL SERRANO",
				"GESTION" : "PUBLICA",
				"URL_FICHA" : "https://sig.caceres.es/serweb/fichasig/fichamovilidadreducida.php?mslink=642",
				"URL_FOTO" : "https://sig.caceres.es/fotosOriginales/MOVILIDAD/3609_2_1.JPG",
				"URL_VIA" : "https://sig.caceres.es/serweb/fichasig/fichacalle.php?codigo=3609",
				"WGS84_X" : -6.39862,
				"WGS84_Y" : 39.468803,
				"COORD_X" : 723779,
				"COORD_Y" : 4372033
			}
		},
		{
			"type" : "Feature",
			"geometry" : {
				"type" : "Point",
				"coordinates" : [ -6.4022785869, 39.4717935839 ]
			},
			"properties" : {
				"NUCLEO" : "CACERES",
				"DISTRITO" : "OESTE",
				"BARRIO" : "MACONDO",
				"CODBARRIO" : 42,
				"CODIGO_VIA" : 3965,
				"TIPO_VIA" : "CALLE",
				"NOMBRE_VIA" : "GABO",
				"GESTION" : "PUBLICA",
				"URL_FICHA" : "https://sig.caceres.es/serweb/fichasig/fichamovilidadreducida.php?mslink=279",
				"URL_FOTO" : "https://sig.caceres.es/fotosOriginales/MOVILIDAD/3965_1_1.JPG",
				"URL_VIA" : "https://sig.caceres.es/serweb/fichasig/fichacalle.php?codigo=3965",
				"WGS84_X" : -6.402279,
				"WGS84_Y" : 39.471794,
				"COORD_X" : 723455,
				"COORD_Y" : 4372356
			}
		},
		{
			"type" : "Feature",
			"geometry" : {
				"type" : "Point",
				"coordinates" : [ -6.4033028961, 39.4727743736 ]
			},
			"properties" : {
				"NUCLEO" : "CACERES",
				"DISTRITO" : "OESTE",
				"BARRIO" : "MACONDO",
				"CODBARRIO" : 42,
				"CODIGO_VIA" : 3971,
				"TIPO_VIA" : "CALLE",
				"NOMBRE_VIA" : "PADRE NICANOR",
				"NUMPOL" : "11",
				"GESTION" : "PUBLICA",
				"URL_FICHA" : "https://sig.caceres.es/serweb/fichasig/fichamovilidadreducida.php?mslink=280",
				"URL_FOTO" : "https://sig.caceres.es/fotosOriginales/MOVILIDAD/3971_1_1.JPG",
				"URL_VIA" : "https://sig.caceres.es/serweb/fichasig/fichacalle.php?codigo=3971",
				"WGS84_X" : -6.403303,
				"WGS84_Y" : 39.472774,
				"COORD_X" : 723363,
				"COORD_Y" : 4372462
			}
		},
		{
			"type" : "Feature",
			"geometry" : {
				"type" : "Point",
				"coordinates" : [ -6.4032740682, 39.4727465786 ]
			},
			"properties" : {
				"NUCLEO" : "CACERES",
				"DISTRITO" : "OESTE",
				"BARRIO" : "MACONDO",
				"CODBARRIO" : 42,
				"CODIGO_VIA" : 3971,
				"TIPO_VIA" : "CALLE",
				"NOMBRE_VIA" : "PADRE NICANOR",
				"NUMPOL" : "9",
				"GESTION" : "PUBLICA",
				"URL_FICHA" : "https://sig.caceres.es/serweb/fichasig/fichamovilidadreducida.php?mslink=281",
				"URL_FOTO" : "https://sig.caceres.es/fotosOriginales/MOVILIDAD/3971_1_1.JPG",
				"URL_VIA" : "https://sig.caceres.es/serweb/fichasig/fichacalle.php?codigo=3971",
				"WGS84_X" : -6.403274,
				"WGS84_Y" : 39.472747,
				"COORD_X" : 723366,
				"COORD_Y" : 4372459
			}
		},
		{
			"type" : "Feature",
			"geometry" : {
				"type" : "Point",
				"coordinates" : [ -6.4047441861, 39.4705194348 ]
			},
			"properties" : {
				"NUCLEO" : "CACERES",
				"DISTRITO" : "OESTE",
				"BARRIO" : "MACONDO",
				"CODBARRIO" : 42,
				"CODIGO_VIA" : 3966,
				"TIPO_VIA" : "CALLE",
				"NOMBRE_VIA" : "CIEN AÑOS DE SOLEDAD",
				"GESTION" : "PUBLICA",
				"URL_FICHA" : "https://sig.caceres.es/serweb/fichasig/fichamovilidadreducida.php?mslink=282",
				"URL_FOTO" : "https://sig.caceres.es/fotosOriginales/MOVILIDAD/3966_1_1.JPG",
				"URL_VIA" : "https://sig.caceres.es/serweb/fichasig/fichacalle.php?codigo=3966",
				"WGS84_X" : -6.404744,
				"WGS84_Y" : 39.470519,
				"COORD_X" : 723247,
				"COORD_Y" : 4372208
			}
		},
		{
			"type" : "Feature",
			"geometry" : {
				"type" : "Point",
				"coordinates" : [ -6.4047139324, 39.4705395705 ]
			},
			"properties" : {
				"NUCLEO" : "CACERES",
				"DISTRITO" : "OESTE",
				"BARRIO" : "MACONDO",
				"CODBARRIO" : 42,
				"CODIGO_VIA" : 3966,
				"TIPO_VIA" : "CALLE",
				"NOMBRE_VIA" : "CIEN AÑOS DE SOLEDAD",
				"GESTION" : "PUBLICA",
				"URL_FICHA" : "https://sig.caceres.es/serweb/fichasig/fichamovilidadreducida.php?mslink=283",
				"URL_FOTO" : "https://sig.caceres.es/fotosOriginales/MOVILIDAD/3966_1_1.JPG",
				"URL_VIA" : "https://sig.caceres.es/serweb/fichasig/fichacalle.php?codigo=3966",
				"WGS84_X" : -6.404714,
				"WGS84_Y" : 39.47054,
				"COORD_X" : 723249,
				"COORD_Y" : 4372210
			}
		},
		{
			"type" : "Feature",
			"geometry" : {
				"type" : "Point",
				"coordinates" : [ -6.4046804609, 39.4705601856 ]
			},
			"properties" : {
				"NUCLEO" : "CACERES",
				"DISTRITO" : "OESTE",
				"BARRIO" : "MACONDO",
				"CODBARRIO" : 42,
				"CODIGO_VIA" : 3966,
				"TIPO_VIA" : "CALLE",
				"NOMBRE_VIA" : "CIEN AÑOS DE SOLEDAD",
				"GESTION" : "PUBLICA",
				"URL_FICHA" : "https://sig.caceres.es/serweb/fichasig/fichamovilidadreducida.php?mslink=284",
				"URL_FOTO" : "https://sig.caceres.es/fotosOriginales/MOVILIDAD/3966_1_1.JPG",
				"URL_VIA" : "https://sig.caceres.es/serweb/fichasig/fichacalle.php?codigo=3966",
				"WGS84_X" : -6.40468,
				"WGS84_Y" : 39.47056,
				"COORD_X" : 723252,
				"COORD_Y" : 4372213
			}
		},
		{
			"type" : "Feature",
			"geometry" : {
				"type" : "Point",
				"coordinates" : [ -6.402745996, 39.4717627734 ]
			},
			"properties" : {
				"NUCLEO" : "CACERES",
				"DISTRITO" : "OESTE",
				"BARRIO" : "MACONDO",
				"CODBARRIO" : 42,
				"CODIGO_VIA" : 3966,
				"TIPO_VIA" : "CALLE",
				"NOMBRE_VIA" : "CIEN AÑOS DE SOLEDAD",
				"GESTION" : "PUBLICA",
				"URL_FICHA" : "https://sig.caceres.es/serweb/fichasig/fichamovilidadreducida.php?mslink=285",
				"URL_FOTO" : "https://sig.caceres.es/fotosOriginales/MOVILIDAD/3966_2_1.JPG",
				"URL_VIA" : "https://sig.caceres.es/serweb/fichasig/fichacalle.php?codigo=3966",
				"WGS84_X" : -6.402746,
				"WGS84_Y" : 39.471763,
				"COORD_X" : 723415,
				"COORD_Y" : 4372351
			}
		},
		{
			"type" : "Feature",
			"geometry" : {
				"type" : "Point",
				"coordinates" : [ -6.4027023939, 39.4717892434 ]
			},
			"properties" : {
				"NUCLEO" : "CACERES",
				"DISTRITO" : "OESTE",
				"BARRIO" : "MACONDO",
				"CODBARRIO" : 42,
				"CODIGO_VIA" : 3966,
				"TIPO_VIA" : "CALLE",
				"NOMBRE_VIA" : "CIEN AÑOS DE SOLEDAD",
				"GESTION" : "PUBLICA",
				"URL_FICHA" : "https://sig.caceres.es/serweb/fichasig/fichamovilidadreducida.php?mslink=286",
				"URL_FOTO" : "https://sig.caceres.es/fotosOriginales/MOVILIDAD/3966_2_1.JPG",
				"URL_VIA" : "https://sig.caceres.es/serweb/fichasig/fichacalle.php?codigo=3966",
				"WGS84_X" : -6.402702,
				"WGS84_Y" : 39.471789,
				"COORD_X" : 723418,
				"COORD_Y" : 4372354
			}
		},
		{
			"type" : "Feature",
			"geometry" : {
				"type" : "Point",
				"coordinates" : [ -6.4043277705, 39.4705844098 ]
			},
			"properties" : {
				"NUCLEO" : "CACERES",
				"DISTRITO" : "OESTE",
				"BARRIO" : "MACONDO",
				"CODBARRIO" : 42,
				"CODIGO_VIA" : 3962,
				"TIPO_VIA" : "CALLE",
				"NOMBRE_VIA" : "CORONEL AURELIANO BUENDIA",
				"NUMPOL" : "31",
				"GESTION" : "PUBLICA",
				"URL_FICHA" : "https://sig.caceres.es/serweb/fichasig/fichamovilidadreducida.php?mslink=287",
				"URL_FOTO" : "https://sig.caceres.es/fotosOriginales/MOVILIDAD/3962_1_1.JPG",
				"URL_VIA" : "https://sig.caceres.es/serweb/fichasig/fichacalle.php?codigo=3962",
				"WGS84_X" : -6.404328,
				"WGS84_Y" : 39.470584,
				"COORD_X" : 723282,
				"COORD_Y" : 4372216
			}
		},
		{
			"type" : "Feature",
			"geometry" : {
				"type" : "Point",
				"coordinates" : [ -6.4043010327, 39.4705589689 ]
			},
			"properties" : {
				"NUCLEO" : "CACERES",
				"DISTRITO" : "OESTE",
				"BARRIO" : "MACONDO",
				"CODBARRIO" : 42,
				"CODIGO_VIA" : 3962,
				"TIPO_VIA" : "CALLE",
				"NOMBRE_VIA" : "CORONEL AURELIANO BUENDIA",
				"NUMPOL" : "31",
				"GESTION" : "PUBLICA",
				"URL_FICHA" : "https://sig.caceres.es/serweb/fichasig/fichamovilidadreducida.php?mslink=288",
				"URL_FOTO" : "https://sig.caceres.es/fotosOriginales/MOVILIDAD/3962_1_1.JPG",
				"URL_VIA" : "https://sig.caceres.es/serweb/fichasig/fichacalle.php?codigo=3962",
				"WGS84_X" : -6.404301,
				"WGS84_Y" : 39.470559,
				"COORD_X" : 723285,
				"COORD_Y" : 4372213
			}
		},
		{
			"type" : "Feature",
			"geometry" : {
				"type" : "Point",
				"coordinates" : [ -6.4042730611, 39.4705332609 ]
			},
			"properties" : {
				"NUCLEO" : "CACERES",
				"DISTRITO" : "OESTE",
				"BARRIO" : "MACONDO",
				"CODBARRIO" : 42,
				"CODIGO_VIA" : 3962,
				"TIPO_VIA" : "CALLE",
				"NOMBRE_VIA" : "CORONEL AURELIANO BUENDIA",
				"NUMPOL" : "31",
				"GESTION" : "PUBLICA",
				"URL_FICHA" : "https://sig.caceres.es/serweb/fichasig/fichamovilidadreducida.php?mslink=289",
				"URL_FOTO" : "https://sig.caceres.es/fotosOriginales/MOVILIDAD/3962_1_1.JPG",
				"URL_VIA" : "https://sig.caceres.es/serweb/fichasig/fichacalle.php?codigo=3962",
				"WGS84_X" : -6.404273,
				"WGS84_Y" : 39.470533,
				"COORD_X" : 723287,
				"COORD_Y" : 4372211
			}
		},
		{
			"type" : "Feature",
			"geometry" : {
				"type" : "Point",
				"coordinates" : [ -6.401774085, 39.4692296294 ]
			},
			"properties" : {
				"NUCLEO" : "CACERES",
				"DISTRITO" : "OESTE",
				"BARRIO" : "MACONDO",
				"CODBARRIO" : 42,
				"CODIGO_VIA" : 3962,
				"TIPO_VIA" : "CALLE",
				"NOMBRE_VIA" : "CORONEL AURELIANO BUENDIA",
				"NUMPOL" : "7",
				"GESTION" : "PUBLICA",
				"URL_FICHA" : "https://sig.caceres.es/serweb/fichasig/fichamovilidadreducida.php?mslink=290",
				"URL_FOTO" : "https://sig.caceres.es/fotosOriginales/MOVILIDAD/3962_2_1.JPG",
				"URL_VIA" : "https://sig.caceres.es/serweb/fichasig/fichacalle.php?codigo=3962",
				"WGS84_X" : -6.401774,
				"WGS84_Y" : 39.46923,
				"COORD_X" : 723506,
				"COORD_Y" : 4372072
			}
		},
		{
			"type" : "Feature",
			"geometry" : {
				"type" : "Point",
				"coordinates" : [ -6.4017351862, 39.4692217653 ]
			},
			"properties" : {
				"NUCLEO" : "CACERES",
				"DISTRITO" : "OESTE",
				"BARRIO" : "MACONDO",
				"CODBARRIO" : 42,
				"CODIGO_VIA" : 3962,
				"TIPO_VIA" : "CALLE",
				"NOMBRE_VIA" : "CORONEL AURELIANO BUENDIA",
				"NUMPOL" : "7",
				"GESTION" : "PUBLICA",
				"URL_FICHA" : "https://sig.caceres.es/serweb/fichasig/fichamovilidadreducida.php?mslink=291",
				"URL_FOTO" : "https://sig.caceres.es/fotosOriginales/MOVILIDAD/3962_2_1.JPG",
				"URL_VIA" : "https://sig.caceres.es/serweb/fichasig/fichacalle.php?codigo=3962",
				"WGS84_X" : -6.401735,
				"WGS84_Y" : 39.469222,
				"COORD_X" : 723510,
				"COORD_Y" : 4372071
			}
		},
		{
			"type" : "Feature",
			"geometry" : {
				"type" : "Point",
				"coordinates" : [ -6.4040998696, 39.4693106995 ]
			},
			"properties" : {
				"NUCLEO" : "CACERES",
				"DISTRITO" : "OESTE",
				"BARRIO" : "MACONDO",
				"CODBARRIO" : 42,
				"CODIGO_VIA" : 3961,
				"TIPO_VIA" : "CALLE",
				"NOMBRE_VIA" : "DOCTOR ALIRIO NOGUERA",
				"GESTION" : "PUBLICA",
				"URL_FICHA" : "https://sig.caceres.es/serweb/fichasig/fichamovilidadreducida.php?mslink=292",
				"URL_FOTO" : "https://sig.caceres.es/fotosOriginales/MOVILIDAD/3961_2_1.JPG",
				"URL_VIA" : "https://sig.caceres.es/serweb/fichasig/fichacalle.php?codigo=3961",
				"WGS84_X" : -6.4041,
				"WGS84_Y" : 39.469311,
				"COORD_X" : 723306,
				"COORD_Y" : 4372075
			}
		},
		{
			"type" : "Feature",
			"geometry" : {
				"type" : "Point",
				"coordinates" : [ -6.4040617278, 39.4692944109 ]
			},
			"properties" : {
				"NUCLEO" : "CACERES",
				"DISTRITO" : "OESTE",
				"BARRIO" : "MACONDO",
				"CODBARRIO" : 42,
				"CODIGO_VIA" : 3961,
				"TIPO_VIA" : "CALLE",
				"NOMBRE_VIA" : "DOCTOR ALIRIO NOGUERA",
				"GESTION" : "PUBLICA",
				"URL_FICHA" : "https://sig.caceres.es/serweb/fichasig/fichamovilidadreducida.php?mslink=293",
				"URL_FOTO" : "https://sig.caceres.es/fotosOriginales/MOVILIDAD/3961_2_1.JPG",
				"URL_VIA" : "https://sig.caceres.es/serweb/fichasig/fichacalle.php?codigo=3961",
				"WGS84_X" : -6.404062,
				"WGS84_Y" : 39.469294,
				"COORD_X" : 723309,
				"COORD_Y" : 4372074
			}
		},
		{
			"type" : "Feature",
			"geometry" : {
				"type" : "Point",
				"coordinates" : [ -6.4011396434, 39.4683064637 ]
			},
			"properties" : {
				"NUCLEO" : "CACERES",
				"DISTRITO" : "OESTE",
				"BARRIO" : "MACONDO",
				"CODBARRIO" : 42,
				"CODIGO_VIA" : 3961,
				"TIPO_VIA" : "CALLE",
				"NOMBRE_VIA" : "DOCTOR ALIRIO NOGUERA",
				"GESTION" : "PUBLICA",
				"URL_FICHA" : "https://sig.caceres.es/serweb/fichasig/fichamovilidadreducida.php?mslink=294",
				"URL_FOTO" : "https://sig.caceres.es/fotosOriginales/MOVILIDAD/3961_4_1.JPG",
				"URL_VIA" : "https://sig.caceres.es/serweb/fichasig/fichacalle.php?codigo=3961",
				"WGS84_X" : -6.40114,
				"WGS84_Y" : 39.468306,
				"COORD_X" : 723564,
				"COORD_Y" : 4371971
			}
		},
		{
			"type" : "Feature",
			"geometry" : {
				"type" : "Point",
				"coordinates" : [ -6.401093961, 39.4682970008 ]
			},
			"properties" : {
				"NUCLEO" : "CACERES",
				"DISTRITO" : "OESTE",
				"BARRIO" : "MACONDO",
				"CODBARRIO" : 42,
				"CODIGO_VIA" : 3961,
				"TIPO_VIA" : "CALLE",
				"NOMBRE_VIA" : "DOCTOR ALIRIO NOGUERA",
				"GESTION" : "PUBLICA",
				"URL_FICHA" : "https://sig.caceres.es/serweb/fichasig/fichamovilidadreducida.php?mslink=295",
				"URL_FOTO" : "https://sig.caceres.es/fotosOriginales/MOVILIDAD/3961_4_1.JPG",
				"URL_VIA" : "https://sig.caceres.es/serweb/fichasig/fichacalle.php?codigo=3961",
				"WGS84_X" : -6.401094,
				"WGS84_Y" : 39.468297,
				"COORD_X" : 723568,
				"COORD_Y" : 4371970
			}
		},
		{
			"type" : "Feature",
			"geometry" : {
				"type" : "Point",
				"coordinates" : [ -6.4024834519, 39.4686867409 ]
			},
			"properties" : {
				"NUCLEO" : "CACERES",
				"DISTRITO" : "OESTE",
				"BARRIO" : "MACONDO",
				"CODBARRIO" : 42,
				"CODIGO_VIA" : 3961,
				"TIPO_VIA" : "CALLE",
				"NOMBRE_VIA" : "DOCTOR ALIRIO NOGUERA",
				"GESTION" : "PUBLICA",
				"URL_FICHA" : "https://sig.caceres.es/serweb/fichasig/fichamovilidadreducida.php?mslink=296",
				"URL_FOTO" : "https://sig.caceres.es/fotosOriginales/MOVILIDAD/3961_3_1.JPG",
				"URL_VIA" : "https://sig.caceres.es/serweb/fichasig/fichacalle.php?codigo=3961",
				"WGS84_X" : -6.402483,
				"WGS84_Y" : 39.468687,
				"COORD_X" : 723447,
				"COORD_Y" : 4372010
			}
		},
		{
			"type" : "Feature",
			"geometry" : {
				"type" : "Point",
				"coordinates" : [ -6.4024387856, 39.468674104 ]
			},
			"properties" : {
				"NUCLEO" : "CACERES",
				"DISTRITO" : "OESTE",
				"BARRIO" : "MACONDO",
				"CODBARRIO" : 42,
				"CODIGO_VIA" : 3961,
				"TIPO_VIA" : "CALLE",
				"NOMBRE_VIA" : "DOCTOR ALIRIO NOGUERA",
				"GESTION" : "PUBLICA",
				"URL_FICHA" : "https://sig.caceres.es/serweb/fichasig/fichamovilidadreducida.php?mslink=297",
				"URL_FOTO" : "https://sig.caceres.es/fotosOriginales/MOVILIDAD/3961_3_1.JPG",
				"URL_VIA" : "https://sig.caceres.es/serweb/fichasig/fichacalle.php?codigo=3961",
				"WGS84_X" : -6.402439,
				"WGS84_Y" : 39.468674,
				"COORD_X" : 723451,
				"COORD_Y" : 4372009
			}
		},
		{
			"type" : "Feature",
			"geometry" : {
				"type" : "Point",
				"coordinates" : [ -6.4032750028, 39.4711851814 ]
			},
			"properties" : {
				"NUCLEO" : "CACERES",
				"DISTRITO" : "OESTE",
				"BARRIO" : "MACONDO",
				"CODBARRIO" : 42,
				"CODIGO_VIA" : 3959,
				"TIPO_VIA" : "CALLE",
				"NOMBRE_VIA" : "JOSE ARCADIO BUENDIA",
				"NUMPOL" : "35",
				"GESTION" : "PUBLICA",
				"URL_FICHA" : "https://sig.caceres.es/serweb/fichasig/fichamovilidadreducida.php?mslink=298",
				"URL_FOTO" : "https://sig.caceres.es/fotosOriginales/MOVILIDAD/3959_1_1.JPG",
				"URL_VIA" : "https://sig.caceres.es/serweb/fichasig/fichacalle.php?codigo=3959",
				"WGS84_X" : -6.403275,
				"WGS84_Y" : 39.471185,
				"COORD_X" : 723371,
				"COORD_Y" : 4372286
			}
		},
		{
			"type" : "Feature",
			"geometry" : {
				"type" : "Point",
				"coordinates" : [ -6.4032458861, 39.4711567935 ]
			},
			"properties" : {
				"NUCLEO" : "CACERES",
				"DISTRITO" : "OESTE",
				"BARRIO" : "MACONDO",
				"CODBARRIO" : 42,
				"CODIGO_VIA" : 3959,
				"TIPO_VIA" : "CALLE",
				"NOMBRE_VIA" : "JOSE ARCADIO BUENDIA",
				"NUMPOL" : "35",
				"GESTION" : "PUBLICA",
				"URL_FICHA" : "https://sig.caceres.es/serweb/fichasig/fichamovilidadreducida.php?mslink=299",
				"URL_FOTO" : "https://sig.caceres.es/fotosOriginales/MOVILIDAD/3959_1_1.JPG",
				"URL_VIA" : "https://sig.caceres.es/serweb/fichasig/fichacalle.php?codigo=3959",
				"WGS84_X" : -6.403246,
				"WGS84_Y" : 39.471157,
				"COORD_X" : 723373,
				"COORD_Y" : 4372282
			}
		},
		{
			"type" : "Feature",
			"geometry" : {
				"type" : "Point",
				"coordinates" : [ -6.401437722, 39.4699799066 ]
			},
			"properties" : {
				"NUCLEO" : "CACERES",
				"DISTRITO" : "OESTE",
				"BARRIO" : "MACONDO",
				"CODBARRIO" : 42,
				"CODIGO_VIA" : 3959,
				"TIPO_VIA" : "CALLE",
				"NOMBRE_VIA" : "JOSE ARCADIO BUENDIA",
				"GESTION" : "PUBLICA",
				"URL_FICHA" : "https://sig.caceres.es/serweb/fichasig/fichamovilidadreducida.php?mslink=300",
				"URL_FOTO" : "https://sig.caceres.es/fotosOriginales/MOVILIDAD/3959_2_1.JPG",
				"URL_VIA" : "https://sig.caceres.es/serweb/fichasig/fichacalle.php?codigo=3959",
				"WGS84_X" : -6.401438,
				"WGS84_Y" : 39.46998,
				"COORD_X" : 723533,
				"COORD_Y" : 4372156
			}
		},
		{
			"type" : "Feature",
			"geometry" : {
				"type" : "Point",
				"coordinates" : [ -6.401395694, 39.4699916467 ]
			},
			"properties" : {
				"NUCLEO" : "CACERES",
				"DISTRITO" : "OESTE",
				"BARRIO" : "MACONDO",
				"CODBARRIO" : 42,
				"CODIGO_VIA" : 3959,
				"TIPO_VIA" : "CALLE",
				"NOMBRE_VIA" : "JOSE ARCADIO BUENDIA",
				"GESTION" : "PUBLICA",
				"URL_FICHA" : "https://sig.caceres.es/serweb/fichasig/fichamovilidadreducida.php?mslink=301",
				"URL_FOTO" : "https://sig.caceres.es/fotosOriginales/MOVILIDAD/3959_2_1.JPG",
				"URL_VIA" : "https://sig.caceres.es/serweb/fichasig/fichacalle.php?codigo=3959",
				"WGS84_X" : -6.401396,
				"WGS84_Y" : 39.469992,
				"COORD_X" : 723536,
				"COORD_Y" : 4372158
			}
		},
		{
			"type" : "Feature",
			"geometry" : {
				"type" : "Point",
				"coordinates" : [ -6.4056763587, 39.4719557077 ]
			},
			"properties" : {
				"NUCLEO" : "CACERES",
				"DISTRITO" : "OESTE",
				"BARRIO" : "MACONDO",
				"CODBARRIO" : 42,
				"CODIGO_VIA" : 3970,
				"TIPO_VIA" : "CALLE",
				"NOMBRE_VIA" : "AURELIANO SEGUNDO",
				"GESTION" : "PUBLICA",
				"URL_FICHA" : "https://sig.caceres.es/serweb/fichasig/fichamovilidadreducida.php?mslink=302",
				"URL_FOTO" : "https://sig.caceres.es/fotosOriginales/MOVILIDAD/3970_1_1.JPG",
				"URL_VIA" : "https://sig.caceres.es/serweb/fichasig/fichacalle.php?codigo=3970",
				"WGS84_X" : -6.405676,
				"WGS84_Y" : 39.471956,
				"COORD_X" : 723162,
				"COORD_Y" : 4372365
			}
		},
		{
			"type" : "Feature",
			"geometry" : {
				"type" : "Point",
				"coordinates" : [ -6.4056264968, 39.4719773365 ]
			},
			"properties" : {
				"NUCLEO" : "CACERES",
				"DISTRITO" : "OESTE",
				"BARRIO" : "MACONDO",
				"CODBARRIO" : 42,
				"CODIGO_VIA" : 3970,
				"TIPO_VIA" : "CALLE",
				"NOMBRE_VIA" : "AURELIANO SEGUNDO",
				"GESTION" : "PUBLICA",
				"URL_FICHA" : "https://sig.caceres.es/serweb/fichasig/fichamovilidadreducida.php?mslink=303",
				"URL_FOTO" : "https://sig.caceres.es/fotosOriginales/MOVILIDAD/3970_1_1.JPG",
				"URL_VIA" : "https://sig.caceres.es/serweb/fichasig/fichacalle.php?codigo=3970",
				"WGS84_X" : -6.405626,
				"WGS84_Y" : 39.471977,
				"COORD_X" : 723166,
				"COORD_Y" : 4372368
			}
		},
		{
			"type" : "Feature",
			"geometry" : {
				"type" : "Point",
				"coordinates" : [ -6.4058053109, 39.4703394479 ]
			},
			"properties" : {
				"NUCLEO" : "CACERES",
				"DISTRITO" : "OESTE",
				"BARRIO" : "MACONDO",
				"CODBARRIO" : 42,
				"CODIGO_VIA" : 3961,
				"TIPO_VIA" : "CALLE",
				"NOMBRE_VIA" : "DOCTOR ALIRIO NOGUERA",
				"NUMPOL" : "20",
				"GESTION" : "PUBLICA",
				"URL_FICHA" : "https://sig.caceres.es/serweb/fichasig/fichamovilidadreducida.php?mslink=304",
				"URL_FOTO" : "https://sig.caceres.es/fotosOriginales/MOVILIDAD/3961_1_1.JPG",
				"URL_VIA" : "https://sig.caceres.es/serweb/fichasig/fichacalle.php?codigo=3961",
				"WGS84_X" : -6.405805,
				"WGS84_Y" : 39.470339,
				"COORD_X" : 723156,
				"COORD_Y" : 4372185
			}
		},
		{
			"type" : "Feature",
			"geometry" : {
				"type" : "Point",
				"coordinates" : [ -6.4057663934, 39.470308723 ]
			},
			"properties" : {
				"NUCLEO" : "CACERES",
				"DISTRITO" : "OESTE",
				"BARRIO" : "MACONDO",
				"CODBARRIO" : 42,
				"CODIGO_VIA" : 3961,
				"TIPO_VIA" : "CALLE",
				"NOMBRE_VIA" : "DOCTOR ALIRIO NOGUERA",
				"NUMPOL" : "18",
				"GESTION" : "PUBLICA",
				"URL_FICHA" : "https://sig.caceres.es/serweb/fichasig/fichamovilidadreducida.php?mslink=305",
				"URL_FOTO" : "https://sig.caceres.es/fotosOriginales/MOVILIDAD/3961_1_1.JPG",
				"URL_VIA" : "https://sig.caceres.es/serweb/fichasig/fichacalle.php?codigo=3961",
				"WGS84_X" : -6.405766,
				"WGS84_Y" : 39.470309,
				"COORD_X" : 723159,
				"COORD_Y" : 4372182
			}
		},
		{
			"type" : "Feature",
			"geometry" : {
				"type" : "Point",
				"coordinates" : [ -6.4023060528, 39.4718224721 ]
			},
			"properties" : {
				"NUCLEO" : "CACERES",
				"DISTRITO" : "OESTE",
				"BARRIO" : "MACONDO",
				"CODBARRIO" : 42,
				"CODIGO_VIA" : 3965,
				"TIPO_VIA" : "CALLE",
				"NOMBRE_VIA" : "GABO",
				"GESTION" : "PUBLICA",
				"URL_FICHA" : "https://sig.caceres.es/serweb/fichasig/fichamovilidadreducida.php?mslink=306",
				"URL_FOTO" : "https://sig.caceres.es/fotosOriginales/MOVILIDAD/3965_1_1.JPG",
				"URL_VIA" : "https://sig.caceres.es/serweb/fichasig/fichacalle.php?codigo=3965",
				"WGS84_X" : -6.402306,
				"WGS84_Y" : 39.471822,
				"COORD_X" : 723452,
				"COORD_Y" : 4372359
			}
		},
		{
			"type" : "Feature",
			"geometry" : {
				"type" : "Point",
				"coordinates" : [ -6.3879934711, 39.4727766293 ]
			},
			"properties" : {
				"NUCLEO" : "CACERES",
				"DISTRITO" : "OESTE",
				"BARRIO" : "R-66A PARQUE DEL PRINCIPE",
				"CODBARRIO" : 61,
				"CODIGO_VIA" : 3583,
				"TIPO_VIA" : "CALLE",
				"NOMBRE_VIA" : "ISLA DE TENERIFE",
				"NUMPOL" : "1",
				"GESTION" : "PUBLICA",
				"URL_FICHA" : "https://sig.caceres.es/serweb/fichasig/fichamovilidadreducida.php?mslink=307",
				"URL_FOTO" : "https://sig.caceres.es/fotosOriginales/MOVILIDAD/3583_2_1.JPG",
				"URL_VIA" : "https://sig.caceres.es/serweb/fichasig/fichacalle.php?codigo=3583",
				"WGS84_X" : -6.387993,
				"WGS84_Y" : 39.472777,
				"COORD_X" : 724680,
				"COORD_Y" : 4372500
			}
		},
		{
			"type" : "Feature",
			"geometry" : {
				"type" : "Point",
				"coordinates" : [ -6.3887288743, 39.4758456058 ]
			},
			"properties" : {
				"NUCLEO" : "CACERES",
				"DISTRITO" : "OESTE",
				"BARRIO" : "R-66A PARQUE DEL PRINCIPE",
				"CODBARRIO" : 61,
				"CODIGO_VIA" : 3744,
				"TIPO_VIA" : "CALLE",
				"NOMBRE_VIA" : "ISLA DE LA TOJA",
				"NUMPOL" : "37",
				"GESTION" : "PUBLICA",
				"URL_FICHA" : "https://sig.caceres.es/serweb/fichasig/fichamovilidadreducida.php?mslink=308",
				"URL_FOTO" : "https://sig.caceres.es/fotosOriginales/MOVILIDAD/3744_1_1.JPG",
				"URL_VIA" : "https://sig.caceres.es/serweb/fichasig/fichacalle.php?codigo=3744",
				"WGS84_X" : -6.388729,
				"WGS84_Y" : 39.475846,
				"COORD_X" : 724607,
				"COORD_Y" : 4372839
			}
		},
		{
			"type" : "Feature",
			"geometry" : {
				"type" : "Point",
				"coordinates" : [ -6.3893420714, 39.4748744402 ]
			},
			"properties" : {
				"NUCLEO" : "CACERES",
				"DISTRITO" : "OESTE",
				"BARRIO" : "R-66A PARQUE DEL PRINCIPE",
				"CODBARRIO" : 61,
				"CODIGO_VIA" : 3583,
				"TIPO_VIA" : "CALLE",
				"NOMBRE_VIA" : "LUIS CHAMIZO",
				"NUMPOL" : "27",
				"GESTION" : "PUBLICA",
				"URL_FICHA" : "https://sig.caceres.es/serweb/fichasig/fichamovilidadreducida.php?mslink=309",
				"URL_FOTO" : "https://sig.caceres.es/fotosOriginales/MOVILIDAD/3583_1_1.JPG",
				"URL_VIA" : "https://sig.caceres.es/serweb/fichasig/fichacalle.php?codigo=3583",
				"WGS84_X" : -6.389342,
				"WGS84_Y" : 39.474874,
				"COORD_X" : 724558,
				"COORD_Y" : 4372730
			}
		},
		{
			"type" : "Feature",
			"geometry" : {
				"type" : "Point",
				"coordinates" : [ -6.3901412469, 39.4756922553 ]
			},
			"properties" : {
				"NUCLEO" : "CACERES",
				"DISTRITO" : "OESTE",
				"BARRIO" : "R-66A PARQUE DEL PRINCIPE",
				"CODBARRIO" : 61,
				"CODIGO_VIA" : 3592,
				"TIPO_VIA" : "CALLE",
				"NOMBRE_VIA" : "ISLA DE CORCEGA",
				"GESTION" : "PUBLICA",
				"URL_FICHA" : "https://sig.caceres.es/serweb/fichasig/fichamovilidadreducida.php?mslink=310",
				"URL_FOTO" : "https://sig.caceres.es/fotosOriginales/MOVILIDAD/3592_1_1.JPG",
				"URL_VIA" : "https://sig.caceres.es/serweb/fichasig/fichacalle.php?codigo=3592",
				"WGS84_X" : -6.390141,
				"WGS84_Y" : 39.475692,
				"COORD_X" : 724486,
				"COORD_Y" : 4372818
			}
		},
		{
			"type" : "Feature",
			"geometry" : {
				"type" : "Point",
				"coordinates" : [ -6.3889522792, 39.4725018961 ]
			},
			"properties" : {
				"NUCLEO" : "CACERES",
				"DISTRITO" : "OESTE",
				"BARRIO" : "R-66A PARQUE DEL PRINCIPE",
				"CODBARRIO" : 61,
				"CODIGO_VIA" : 3611,
				"TIPO_VIA" : "AVDA",
				"NOMBRE_VIA" : "ALFONSO DIAZ DE BUSTAMANTE",
				"GESTION" : "PUBLICA",
				"URL_FICHA" : "https://sig.caceres.es/serweb/fichasig/fichamovilidadreducida.php?mslink=311",
				"URL_FOTO" : "https://sig.caceres.es/fotosOriginales/MOVILIDAD/3611_1_1.JPG",
				"URL_VIA" : "https://sig.caceres.es/serweb/fichasig/fichacalle.php?codigo=3611",
				"WGS84_X" : -6.388952,
				"WGS84_Y" : 39.472502,
				"COORD_X" : 724599,
				"COORD_Y" : 4372467
			}
		},
		{
			"type" : "Feature",
			"geometry" : {
				"type" : "Point",
				"coordinates" : [ -6.3924004143, 39.4733716941 ]
			},
			"properties" : {
				"NUCLEO" : "CACERES",
				"DISTRITO" : "OESTE",
				"BARRIO" : "R-66A PARQUE DEL PRINCIPE",
				"CODBARRIO" : 61,
				"CODIGO_VIA" : 3589,
				"TIPO_VIA" : "CALLE",
				"NOMBRE_VIA" : "ISLAS AZORES",
				"NUMPOL" : "27",
				"GESTION" : "PUBLICA",
				"URL_FICHA" : "https://sig.caceres.es/serweb/fichasig/fichamovilidadreducida.php?mslink=637",
				"URL_FOTO" : "https://sig.caceres.es/fotosOriginales/MOVILIDAD/3589_1_1.JPG",
				"URL_VIA" : "https://sig.caceres.es/serweb/fichasig/fichacalle.php?codigo=3589",
				"WGS84_X" : -6.3924,
				"WGS84_Y" : 39.473372,
				"COORD_X" : 724299,
				"COORD_Y" : 4372555
			}
		},
		{
			"type" : "Feature",
			"geometry" : {
				"type" : "Point",
				"coordinates" : [ -6.3848552067, 39.4711364583 ]
			},
			"properties" : {
				"NUCLEO" : "CACERES",
				"DISTRITO" : "OESTE",
				"BARRIO" : "PARQUE DEL PRINCIPE",
				"CODBARRIO" : 49,
				"CODIGO_VIA" : 1125,
				"TIPO_VIA" : "AVDA",
				"NOMBRE_VIA" : "RODRIGUEZ DE LEDESMA",
				"NUMPOL" : "8",
				"GESTION" : "PUBLICA",
				"URL_FICHA" : "https://sig.caceres.es/serweb/fichasig/fichamovilidadreducida.php?mslink=318",
				"URL_FOTO" : "https://sig.caceres.es/fotosOriginales/MOVILIDAD/1125_1_1.JPG",
				"URL_VIA" : "https://sig.caceres.es/serweb/fichasig/fichacalle.php?codigo=1125",
				"WGS84_X" : -6.384855,
				"WGS84_Y" : 39.471136,
				"COORD_X" : 724956,
				"COORD_Y" : 4372326
			}
		},
		{
			"type" : "Feature",
			"geometry" : {
				"type" : "Point",
				"coordinates" : [ -6.3848071231, 39.4711191899 ]
			},
			"properties" : {
				"NUCLEO" : "CACERES",
				"DISTRITO" : "OESTE",
				"BARRIO" : "PARQUE DEL PRINCIPE",
				"CODBARRIO" : 49,
				"CODIGO_VIA" : 1125,
				"TIPO_VIA" : "AVDA",
				"NOMBRE_VIA" : "RODRIGUEZ DE LEDESMA",
				"NUMPOL" : "8",
				"GESTION" : "PUBLICA",
				"URL_FICHA" : "https://sig.caceres.es/serweb/fichasig/fichamovilidadreducida.php?mslink=319",
				"URL_FOTO" : "https://sig.caceres.es/fotosOriginales/MOVILIDAD/1125_1_1.JPG",
				"URL_VIA" : "https://sig.caceres.es/serweb/fichasig/fichacalle.php?codigo=1125",
				"WGS84_X" : -6.384807,
				"WGS84_Y" : 39.471119,
				"COORD_X" : 724960,
				"COORD_Y" : 4372324
			}
		},
		{
			"type" : "Feature",
			"geometry" : {
				"type" : "Point",
				"coordinates" : [ -6.3820831186, 39.472608526 ]
			},
			"properties" : {
				"NUCLEO" : "CACERES",
				"DISTRITO" : "OESTE",
				"BARRIO" : "PARQUE DEL PRINCIPE",
				"CODBARRIO" : 49,
				"CODIGO_VIA" : 532,
				"TIPO_VIA" : "CALLE",
				"NOMBRE_VIA" : "VIENA",
				"NUMPOL" : "3",
				"GESTION" : "PUBLICA",
				"URL_FICHA" : "https://sig.caceres.es/serweb/fichasig/fichamovilidadreducida.php?mslink=320",
				"URL_FOTO" : "https://sig.caceres.es/fotosOriginales/MOVILIDAD/532_3_1.JPG",
				"URL_VIA" : "https://sig.caceres.es/serweb/fichasig/fichacalle.php?codigo=532",
				"WGS84_X" : -6.382083,
				"WGS84_Y" : 39.472609,
				"COORD_X" : 725189,
				"COORD_Y" : 4372496
			}
		},
		{
			"type" : "Feature",
			"geometry" : {
				"type" : "Point",
				"coordinates" : [ -6.383419137, 39.4700883921 ]
			},
			"properties" : {
				"NUCLEO" : "CACERES",
				"DISTRITO" : "OESTE",
				"BARRIO" : "PARQUE DEL PRINCIPE",
				"CODBARRIO" : 49,
				"CODIGO_VIA" : 537,
				"TIPO_VIA" : "AVDA",
				"NOMBRE_VIA" : "VIRGEN DE GUADALUPE",
				"GESTION" : "PUBLICA",
				"URL_FICHA" : "https://sig.caceres.es/serweb/fichasig/fichamovilidadreducida.php?mslink=322",
				"URL_FOTO" : "https://sig.caceres.es/fotosOriginales/MOVILIDAD/537_4_1.JPG",
				"URL_VIA" : "https://sig.caceres.es/serweb/fichasig/fichacalle.php?codigo=537",
				"WGS84_X" : -6.383419,
				"WGS84_Y" : 39.470088,
				"COORD_X" : 725083,
				"COORD_Y" : 4372213
			}
		},
		{
			"type" : "Feature",
			"geometry" : {
				"type" : "Point",
				"coordinates" : [ -6.3809942759, 39.4713165056 ]
			},
			"properties" : {
				"NUCLEO" : "CACERES",
				"DISTRITO" : "OESTE",
				"BARRIO" : "LA MADRILA",
				"CODBARRIO" : 49,
				"CODIGO_VIA" : 537,
				"TIPO_VIA" : "AVDA",
				"NOMBRE_VIA" : "VIRGEN DE GUADALUPE",
				"GESTION" : "PUBLICA",
				"URL_FICHA" : "https://sig.caceres.es/serweb/fichasig/fichamovilidadreducida.php?mslink=336",
				"URL_FOTO" : "https://sig.caceres.es/fotosOriginales/MOVILIDAD/537_5_1.JPG",
				"URL_VIA" : "https://sig.caceres.es/serweb/fichasig/fichacalle.php?codigo=537",
				"WGS84_X" : -6.380994,
				"WGS84_Y" : 39.471317,
				"COORD_X" : 725287,
				"COORD_Y" : 4372356
			}
		},
		{
			"type" : "Feature",
			"geometry" : {
				"type" : "Point",
				"coordinates" : [ -6.3817955629, 39.4707142317 ]
			},
			"properties" : {
				"NUCLEO" : "CACERES",
				"DISTRITO" : "CENTRO",
				"BARRIO" : "PARQUE DEL PRINCIPE",
				"CODBARRIO" : 49,
				"CODIGO_VIA" : 537,
				"TIPO_VIA" : "AVDA",
				"NOMBRE_VIA" : "VIRGEN DE GUADALUPE",
				"NUMPOL" : "20",
				"GESTION" : "PUBLICA",
				"URL_FICHA" : "https://sig.caceres.es/serweb/fichasig/fichamovilidadreducida.php?mslink=633",
				"URL_FOTO" : "https://sig.caceres.es/fotosOriginales/MOVILIDAD/537_6_1.JPG",
				"URL_VIA" : "https://sig.caceres.es/serweb/fichasig/fichacalle.php?codigo=537",
				"WGS84_X" : -6.381796,
				"WGS84_Y" : 39.470714,
				"COORD_X" : 725220,
				"COORD_Y" : 4372287
			}
		},
		{
			"type" : "Feature",
			"geometry" : {
				"type" : "Point",
				"coordinates" : [ -6.381747495, 39.470749757 ]
			},
			"properties" : {
				"NUCLEO" : "CACERES",
				"DISTRITO" : "CENTRO",
				"BARRIO" : "PARQUE DEL PRINCIPE",
				"CODBARRIO" : 49,
				"CODIGO_VIA" : 537,
				"TIPO_VIA" : "AVDA",
				"NOMBRE_VIA" : "VIRGEN DE GUADALUPE",
				"NUMPOL" : "20",
				"GESTION" : "PUBLICA",
				"URL_FICHA" : "https://sig.caceres.es/serweb/fichasig/fichamovilidadreducida.php?mslink=634",
				"URL_FOTO" : "https://sig.caceres.es/fotosOriginales/MOVILIDAD/537_7_1.JPG",
				"URL_VIA" : "https://sig.caceres.es/serweb/fichasig/fichacalle.php?codigo=537",
				"WGS84_X" : -6.381747,
				"WGS84_Y" : 39.47075,
				"COORD_X" : 725224,
				"COORD_Y" : 4372291
			}
		},
		{
			"type" : "Feature",
			"geometry" : {
				"type" : "Point",
				"coordinates" : [ -6.3925704997, 39.4708406005 ]
			},
			"properties" : {
				"NUCLEO" : "CACERES",
				"DISTRITO" : "OESTE",
				"BARRIO" : "EL VIVERO",
				"CODBARRIO" : 18,
				"CODIGO_VIA" : 3598,
				"TIPO_VIA" : "CALLE",
				"NOMBRE_VIA" : "MONFRAGÜE",
				"NUMPOL" : "3",
				"GESTION" : "PUBLICA",
				"URL_FICHA" : "https://sig.caceres.es/serweb/fichasig/fichamovilidadreducida.php?mslink=323",
				"URL_FOTO" : "https://sig.caceres.es/fotosOriginales/MOVILIDAD/3598_1_1.JPG",
				"URL_VIA" : "https://sig.caceres.es/serweb/fichasig/fichacalle.php?codigo=3598",
				"WGS84_X" : -6.39257,
				"WGS84_Y" : 39.470841,
				"COORD_X" : 724293,
				"COORD_Y" : 4372274
			}
		},
		{
			"type" : "Feature",
			"geometry" : {
				"type" : "Point",
				"coordinates" : [ -6.3924314153, 39.4723909384 ]
			},
			"properties" : {
				"NUCLEO" : "CACERES",
				"DISTRITO" : "OESTE",
				"BARRIO" : "EL VIVERO",
				"CODBARRIO" : 18,
				"CODIGO_VIA" : 1901,
				"TIPO_VIA" : "AVDA",
				"NOMBRE_VIA" : "RUTA DE LA PLATA",
				"NUMPOL" : "15",
				"GESTION" : "PRIVADA",
				"URL_FICHA" : "https://sig.caceres.es/serweb/fichasig/fichamovilidadreducida.php?mslink=324",
				"URL_FOTO" : "https://sig.caceres.es/fotosOriginales/MOVILIDAD/1901_1_1.JPG",
				"URL_VIA" : "https://sig.caceres.es/serweb/fichasig/fichacalle.php?codigo=1901",
				"WGS84_X" : -6.392431,
				"WGS84_Y" : 39.472391,
				"COORD_X" : 724300,
				"COORD_Y" : 4372446
			}
		},
		{
			"type" : "Feature",
			"geometry" : {
				"type" : "Point",
				"coordinates" : [ -6.3939399843, 39.4705261427 ]
			},
			"properties" : {
				"NUCLEO" : "CACERES",
				"DISTRITO" : "OESTE",
				"BARRIO" : "EL VIVERO",
				"CODBARRIO" : 18,
				"CODIGO_VIA" : 3605,
				"TIPO_VIA" : "CALLE",
				"NOMBRE_VIA" : "DOÑANA",
				"GESTION" : "PUBLICA",
				"URL_FICHA" : "https://sig.caceres.es/serweb/fichasig/fichamovilidadreducida.php?mslink=325",
				"URL_FOTO" : "https://sig.caceres.es/fotosOriginales/MOVILIDAD/3605_1_1.JPG",
				"URL_VIA" : "https://sig.caceres.es/serweb/fichasig/fichacalle.php?codigo=3605",
				"WGS84_X" : -6.39394,
				"WGS84_Y" : 39.470526,
				"COORD_X" : 724176,
				"COORD_Y" : 4372236
			}
		},
		{
			"type" : "Feature",
			"geometry" : {
				"type" : "Point",
				"coordinates" : [ -6.3940728397, 39.4714857718 ]
			},
			"properties" : {
				"NUCLEO" : "CACERES",
				"DISTRITO" : "OESTE",
				"BARRIO" : "EL VIVERO",
				"CODBARRIO" : 18,
				"CODIGO_VIA" : 3605,
				"TIPO_VIA" : "CALLE",
				"NOMBRE_VIA" : "DOÑANA",
				"GESTION" : "PUBLICA",
				"URL_FICHA" : "https://sig.caceres.es/serweb/fichasig/fichamovilidadreducida.php?mslink=326",
				"URL_FOTO" : "https://sig.caceres.es/fotosOriginales/MOVILIDAD/3605_2_1.JPG",
				"URL_VIA" : "https://sig.caceres.es/serweb/fichasig/fichacalle.php?codigo=3605",
				"WGS84_X" : -6.394073,
				"WGS84_Y" : 39.471486,
				"COORD_X" : 724162,
				"COORD_Y" : 4372342
			}
		},
		{
			"type" : "Feature",
			"geometry" : {
				"type" : "Point",
				"coordinates" : [ -6.3923680977, 39.4723667751 ]
			},
			"properties" : {
				"NUCLEO" : "CACERES",
				"DISTRITO" : "OESTE",
				"BARRIO" : "EL VIVERO",
				"CODBARRIO" : 18,
				"CODIGO_VIA" : 1901,
				"TIPO_VIA" : "AVDA",
				"NOMBRE_VIA" : "RUTA DE LA PLATA",
				"NUMPOL" : "15",
				"GESTION" : "PRIVADA",
				"URL_FICHA" : "https://sig.caceres.es/serweb/fichasig/fichamovilidadreducida.php?mslink=327",
				"URL_FOTO" : "https://sig.caceres.es/fotosOriginales/MOVILIDAD/1901_1_1.JPG",
				"URL_VIA" : "https://sig.caceres.es/serweb/fichasig/fichacalle.php?codigo=1901",
				"WGS84_X" : -6.392368,
				"WGS84_Y" : 39.472367,
				"COORD_X" : 724305,
				"COORD_Y" : 4372444
			}
		},
		{
			"type" : "Feature",
			"geometry" : {
				"type" : "Point",
				"coordinates" : [ -6.3923925254, 39.4723734749 ]
			},
			"properties" : {
				"NUCLEO" : "CACERES",
				"DISTRITO" : "OESTE",
				"BARRIO" : "EL VIVERO",
				"CODBARRIO" : 18,
				"CODIGO_VIA" : 1901,
				"TIPO_VIA" : "AVDA",
				"NOMBRE_VIA" : "RUTA DE LA PLATA",
				"NUMPOL" : "15",
				"GESTION" : "PRIVADA",
				"URL_FICHA" : "https://sig.caceres.es/serweb/fichasig/fichamovilidadreducida.php?mslink=328",
				"URL_FOTO" : "https://sig.caceres.es/fotosOriginales/MOVILIDAD/1901_1_1.JPG",
				"URL_VIA" : "https://sig.caceres.es/serweb/fichasig/fichacalle.php?codigo=1901",
				"WGS84_X" : -6.392393,
				"WGS84_Y" : 39.472373,
				"COORD_X" : 724303,
				"COORD_Y" : 4372444
			}
		},
		{
			"type" : "Feature",
			"geometry" : {
				"type" : "Point",
				"coordinates" : [ -6.3866279226, 39.4677911018 ]
			},
			"properties" : {
				"NUCLEO" : "CACERES",
				"DISTRITO" : "OESTE",
				"BARRIO" : "CABEZARRUBIA",
				"CODBARRIO" : 4,
				"CODIGO_VIA" : 3446,
				"TIPO_VIA" : "CALLE",
				"NOMBRE_VIA" : "JUAN GARCIA GARCIA",
				"NUMPOL" : "4",
				"GESTION" : "PUBLICA",
				"URL_FICHA" : "https://sig.caceres.es/serweb/fichasig/fichamovilidadreducida.php?mslink=329",
				"URL_FOTO" : "https://sig.caceres.es/fotosOriginales/MOVILIDAD/3446_1_1.JPG",
				"URL_VIA" : "https://sig.caceres.es/serweb/fichasig/fichacalle.php?codigo=3446",
				"WGS84_X" : -6.386628,
				"WGS84_Y" : 39.467791,
				"COORD_X" : 724814,
				"COORD_Y" : 4371950
			}
		},
		{
			"type" : "Feature",
			"geometry" : {
				"type" : "Point",
				"coordinates" : [ -6.3862961825, 39.4681078415 ]
			},
			"properties" : {
				"NUCLEO" : "CACERES",
				"DISTRITO" : "OESTE",
				"BARRIO" : "CABEZARRUBIA",
				"CODBARRIO" : 4,
				"CODIGO_VIA" : 3497,
				"TIPO_VIA" : "AVDA",
				"NOMBRE_VIA" : "PARIS",
				"NUMPOL" : "3",
				"F_REPINTAD" : "19-7-2017",
				"GESTION" : "PUBLICA",
				"URL_FICHA" : "https://sig.caceres.es/serweb/fichasig/fichamovilidadreducida.php?mslink=330",
				"URL_FOTO" : "https://sig.caceres.es/fotosOriginales/MOVILIDAD/3497_1_1.JPG",
				"URL_VIA" : "https://sig.caceres.es/serweb/fichasig/fichacalle.php?codigo=3497",
				"WGS84_X" : -6.386296,
				"WGS84_Y" : 39.468108,
				"COORD_X" : 724841,
				"COORD_Y" : 4371986
			}
		},
		{
			"type" : "Feature",
			"geometry" : {
				"type" : "Point",
				"coordinates" : [ -6.3878767912, 39.4691939087 ]
			},
			"properties" : {
				"NUCLEO" : "CACERES",
				"DISTRITO" : "OESTE",
				"BARRIO" : "CABEZARRUBIA",
				"CODBARRIO" : 4,
				"CODIGO_VIA" : 3450,
				"TIPO_VIA" : "CALLE",
				"NOMBRE_VIA" : "PISA",
				"GESTION" : "PUBLICA",
				"URL_FICHA" : "https://sig.caceres.es/serweb/fichasig/fichamovilidadreducida.php?mslink=331",
				"URL_FOTO" : "https://sig.caceres.es/fotosOriginales/MOVILIDAD/3450_1_1.JPG",
				"URL_VIA" : "https://sig.caceres.es/serweb/fichasig/fichacalle.php?codigo=3450",
				"WGS84_X" : -6.387877,
				"WGS84_Y" : 39.469194,
				"COORD_X" : 724702,
				"COORD_Y" : 4372103
			}
		},
		{
			"type" : "Feature",
			"geometry" : {
				"type" : "Point",
				"coordinates" : [ -6.3878172798, 39.4690211757 ]
			},
			"properties" : {
				"NUCLEO" : "CACERES",
				"DISTRITO" : "OESTE",
				"BARRIO" : "CABEZARRUBIA",
				"CODBARRIO" : 4,
				"CODIGO_VIA" : 3497,
				"TIPO_VIA" : "AVDA",
				"NOMBRE_VIA" : "PARIS",
				"GESTION" : "PUBLICA",
				"URL_FICHA" : "https://sig.caceres.es/serweb/fichasig/fichamovilidadreducida.php?mslink=630",
				"URL_FOTO" : "https://sig.caceres.es/fotosOriginales/MOVILIDAD/3497_2_1.JPG",
				"URL_VIA" : "https://sig.caceres.es/serweb/fichasig/fichacalle.php?codigo=3497",
				"WGS84_X" : -6.387817,
				"WGS84_Y" : 39.469021,
				"COORD_X" : 724708,
				"COORD_Y" : 4372084
			}
		},
		{
			"type" : "Feature",
			"geometry" : {
				"type" : "Point",
				"coordinates" : [ -6.3910979231, 39.4698618952 ]
			},
			"properties" : {
				"NUCLEO" : "CACERES",
				"DISTRITO" : "OESTE",
				"BARRIO" : "CABEZARRUBIA",
				"CODBARRIO" : 4,
				"CODIGO_VIA" : 3443,
				"TIPO_VIA" : "CALLE",
				"NOMBRE_VIA" : "COIMBRA",
				"F_CREACION" : "8/3/2023",
				"GESTION" : "PUBLICA",
				"URL_FICHA" : "https://sig.caceres.es/serweb/fichasig/fichamovilidadreducida.php?mslink=648",
				"URL_VIA" : "https://sig.caceres.es/serweb/fichasig/fichacalle.php?codigo=3443",
				"WGS84_X" : -6.391098,
				"WGS84_Y" : 39.469862,
				"COORD_X" : 724423,
				"COORD_Y" : 4372169
			}
		},
		{
			"type" : "Feature",
			"geometry" : {
				"type" : "Point",
				"coordinates" : [ -6.3813879758, 39.472710916 ]
			},
			"properties" : {
				"NUCLEO" : "CACERES",
				"DISTRITO" : "OESTE",
				"BARRIO" : "LA MADRILA",
				"CODBARRIO" : 33,
				"CODIGO_VIA" : 665,
				"TIPO_VIA" : "PLAZA",
				"NOMBRE_VIA" : "DE GANTE",
				"GESTION" : "PUBLICA",
				"URL_FICHA" : "https://sig.caceres.es/serweb/fichasig/fichamovilidadreducida.php?mslink=332",
				"URL_FOTO" : "https://sig.caceres.es/fotosOriginales/MOVILIDAD/665_2_1.JPG",
				"URL_VIA" : "https://sig.caceres.es/serweb/fichasig/fichacalle.php?codigo=665",
				"WGS84_X" : -6.381388,
				"WGS84_Y" : 39.472711,
				"COORD_X" : 725249,
				"COORD_Y" : 4372509
			}
		},
		{
			"type" : "Feature",
			"geometry" : {
				"type" : "Point",
				"coordinates" : [ -6.3813627055, 39.4727328244 ]
			},
			"properties" : {
				"NUCLEO" : "CACERES",
				"DISTRITO" : "OESTE",
				"BARRIO" : "LA MADRILA",
				"CODBARRIO" : 33,
				"CODIGO_VIA" : 665,
				"TIPO_VIA" : "PLAZA",
				"NOMBRE_VIA" : "DE GANTE",
				"GESTION" : "PUBLICA",
				"URL_FICHA" : "https://sig.caceres.es/serweb/fichasig/fichamovilidadreducida.php?mslink=333",
				"URL_FOTO" : "https://sig.caceres.es/fotosOriginales/MOVILIDAD/665_2_1.JPG",
				"URL_VIA" : "https://sig.caceres.es/serweb/fichasig/fichacalle.php?codigo=665",
				"WGS84_X" : -6.381363,
				"WGS84_Y" : 39.472733,
				"COORD_X" : 725251,
				"COORD_Y" : 4372512
			}
		},
		{
			"type" : "Feature",
			"geometry" : {
				"type" : "Point",
				"coordinates" : [ -6.3813360172, 39.4727506388 ]
			},
			"properties" : {
				"NUCLEO" : "CACERES",
				"DISTRITO" : "OESTE",
				"BARRIO" : "LA MADRILA",
				"CODBARRIO" : 33,
				"CODIGO_VIA" : 665,
				"TIPO_VIA" : "PLAZA",
				"NOMBRE_VIA" : "DE GANTE",
				"GESTION" : "PUBLICA",
				"URL_FICHA" : "https://sig.caceres.es/serweb/fichasig/fichamovilidadreducida.php?mslink=334",
				"URL_FOTO" : "https://sig.caceres.es/fotosOriginales/MOVILIDAD/665_2_1.JPG",
				"URL_VIA" : "https://sig.caceres.es/serweb/fichasig/fichacalle.php?codigo=665",
				"WGS84_X" : -6.381336,
				"WGS84_Y" : 39.472751,
				"COORD_X" : 725253,
				"COORD_Y" : 4372514
			}
		},
		{
			"type" : "Feature",
			"geometry" : {
				"type" : "Point",
				"coordinates" : [ -6.3812441477, 39.4728400816 ]
			},
			"properties" : {
				"NUCLEO" : "CACERES",
				"DISTRITO" : "CENTRO",
				"BARRIO" : "LA MADRILA",
				"CODBARRIO" : 33,
				"CODIGO_VIA" : 528,
				"TIPO_VIA" : "CALLE",
				"NOMBRE_VIA" : "VENECIA",
				"NUMPOL" : "4",
				"GESTION" : "PUBLICA",
				"URL_FICHA" : "https://sig.caceres.es/serweb/fichasig/fichamovilidadreducida.php?mslink=335",
				"URL_FOTO" : "https://sig.caceres.es/fotosOriginales/MOVILIDAD/528_1_1.JPG",
				"URL_VIA" : "https://sig.caceres.es/serweb/fichasig/fichacalle.php?codigo=528",
				"WGS84_X" : -6.381244,
				"WGS84_Y" : 39.47284,
				"COORD_X" : 725261,
				"COORD_Y" : 4372524
			}
		},
		{
			"type" : "Feature",
			"geometry" : {
				"type" : "Point",
				"coordinates" : [ -6.3794205446, 39.4726663562 ]
			},
			"properties" : {
				"NUCLEO" : "CACERES",
				"DISTRITO" : "OESTE",
				"BARRIO" : "LA MADRILA",
				"CODBARRIO" : 33,
				"CODIGO_VIA" : 165,
				"TIPO_VIA" : "CALLE",
				"NOMBRE_VIA" : "DOCTOR FLEMING",
				"NUMPOL" : "1",
				"GESTION" : "PUBLICA",
				"URL_FICHA" : "https://sig.caceres.es/serweb/fichasig/fichamovilidadreducida.php?mslink=337",
				"URL_FOTO" : "https://sig.caceres.es/fotosOriginales/MOVILIDAD/165_1_1.JPG",
				"URL_VIA" : "https://sig.caceres.es/serweb/fichasig/fichacalle.php?codigo=165",
				"WGS84_X" : -6.379421,
				"WGS84_Y" : 39.472666,
				"COORD_X" : 725418,
				"COORD_Y" : 4372509
			}
		},
		{
			"type" : "Feature",
			"geometry" : {
				"type" : "Point",
				"coordinates" : [ -6.3794837967, 39.4726945081 ]
			},
			"properties" : {
				"NUCLEO" : "CACERES",
				"DISTRITO" : "OESTE",
				"BARRIO" : "LA MADRILA",
				"CODBARRIO" : 33,
				"CODIGO_VIA" : 165,
				"TIPO_VIA" : "CALLE",
				"NOMBRE_VIA" : "DOCTOR FLEMING",
				"NUMPOL" : "1",
				"GESTION" : "PUBLICA",
				"URL_FICHA" : "https://sig.caceres.es/serweb/fichasig/fichamovilidadreducida.php?mslink=338",
				"URL_FOTO" : "https://sig.caceres.es/fotosOriginales/MOVILIDAD/165_1_1.JPG",
				"URL_VIA" : "https://sig.caceres.es/serweb/fichasig/fichacalle.php?codigo=165",
				"WGS84_X" : -6.379484,
				"WGS84_Y" : 39.472695,
				"COORD_X" : 725413,
				"COORD_Y" : 4372512
			}
		},
		{
			"type" : "Feature",
			"geometry" : {
				"type" : "Point",
				"coordinates" : [ -6.3795512007, 39.4727240562 ]
			},
			"properties" : {
				"NUCLEO" : "CACERES",
				"DISTRITO" : "OESTE",
				"BARRIO" : "LA MADRILA",
				"CODBARRIO" : 33,
				"CODIGO_VIA" : 165,
				"TIPO_VIA" : "CALLE",
				"NOMBRE_VIA" : "DOCTOR FLEMING",
				"NUMPOL" : "1",
				"GESTION" : "PUBLICA",
				"URL_FICHA" : "https://sig.caceres.es/serweb/fichasig/fichamovilidadreducida.php?mslink=339",
				"URL_FOTO" : "https://sig.caceres.es/fotosOriginales/MOVILIDAD/165_1_1.JPG",
				"URL_VIA" : "https://sig.caceres.es/serweb/fichasig/fichacalle.php?codigo=165",
				"WGS84_X" : -6.379551,
				"WGS84_Y" : 39.472724,
				"COORD_X" : 725407,
				"COORD_Y" : 4372515
			}
		},
		{
			"type" : "Feature",
			"geometry" : {
				"type" : "Point",
				"coordinates" : [ -6.3794676028, 39.473899166 ]
			},
			"properties" : {
				"NUCLEO" : "CACERES",
				"DISTRITO" : "OESTE",
				"BARRIO" : "LA MADRILA",
				"CODBARRIO" : 33,
				"CODIGO_VIA" : 3545,
				"TIPO_VIA" : "CALLE",
				"NOMBRE_VIA" : "SANTA TERESA DE JESUS",
				"GESTION" : "PUBLICA",
				"URL_FICHA" : "https://sig.caceres.es/serweb/fichasig/fichamovilidadreducida.php?mslink=340",
				"URL_FOTO" : "https://sig.caceres.es/fotosOriginales/MOVILIDAD/3545_2_1.JPG",
				"URL_VIA" : "https://sig.caceres.es/serweb/fichasig/fichacalle.php?codigo=3545",
				"WGS84_X" : -6.379468,
				"WGS84_Y" : 39.473899,
				"COORD_X" : 725410,
				"COORD_Y" : 4372646
			}
		},
		{
			"type" : "Feature",
			"geometry" : {
				"type" : "Point",
				"coordinates" : [ -6.3808512204, 39.4737093806 ]
			},
			"properties" : {
				"NUCLEO" : "CACERES",
				"DISTRITO" : "OESTE",
				"BARRIO" : "LA MADRILA",
				"CODBARRIO" : 33,
				"CODIGO_VIA" : 3545,
				"TIPO_VIA" : "CALLE",
				"NOMBRE_VIA" : "SANTA TERESA DE JESUS",
				"GESTION" : "PUBLICA",
				"URL_FICHA" : "https://sig.caceres.es/serweb/fichasig/fichamovilidadreducida.php?mslink=342",
				"URL_FOTO" : "https://sig.caceres.es/fotosOriginales/MOVILIDAD/3545_1_1.JPG",
				"URL_VIA" : "https://sig.caceres.es/serweb/fichasig/fichacalle.php?codigo=3545",
				"WGS84_X" : -6.380851,
				"WGS84_Y" : 39.473709,
				"COORD_X" : 725292,
				"COORD_Y" : 4372622
			}
		},
		{
			"type" : "Feature",
			"geometry" : {
				"type" : "Point",
				"coordinates" : [ -6.3805038526, 39.4743909636 ]
			},
			"properties" : {
				"NUCLEO" : "CACERES",
				"DISTRITO" : "OESTE",
				"BARRIO" : "LA MADRILA",
				"CODBARRIO" : 33,
				"CODIGO_VIA" : 3656,
				"TIPO_VIA" : "CALLE",
				"NOMBRE_VIA" : "ABILIO RODRIGUEZ ROSILLO",
				"GESTION" : "PUBLICA",
				"URL_FICHA" : "https://sig.caceres.es/serweb/fichasig/fichamovilidadreducida.php?mslink=343",
				"URL_FOTO" : "https://sig.caceres.es/fotosOriginales/MOVILIDAD/3656_1_1.JPG",
				"URL_VIA" : "https://sig.caceres.es/serweb/fichasig/fichacalle.php?codigo=3656",
				"WGS84_X" : -6.380504,
				"WGS84_Y" : 39.474391,
				"COORD_X" : 725320,
				"COORD_Y" : 4372698
			}
		},
		{
			"type" : "Feature",
			"geometry" : {
				"type" : "Point",
				"coordinates" : [ -6.3806298982, 39.4744458094 ]
			},
			"properties" : {
				"NUCLEO" : "CACERES",
				"DISTRITO" : "OESTE",
				"BARRIO" : "LA MADRILA",
				"CODBARRIO" : 33,
				"CODIGO_VIA" : 3656,
				"TIPO_VIA" : "CALLE",
				"NOMBRE_VIA" : "ABILIO RODRIGUEZ ROSILLO",
				"GESTION" : "PUBLICA",
				"URL_FICHA" : "https://sig.caceres.es/serweb/fichasig/fichamovilidadreducida.php?mslink=547",
				"URL_FOTO" : "https://sig.caceres.es/fotosOriginales/MOVILIDAD/3656_2_1.JPG",
				"URL_VIA" : "https://sig.caceres.es/serweb/fichasig/fichacalle.php?codigo=3656",
				"WGS84_X" : -6.38063,
				"WGS84_Y" : 39.474446,
				"COORD_X" : 725309,
				"COORD_Y" : 4372704
			}
		},
		{
			"type" : "Feature",
			"geometry" : {
				"type" : "Point",
				"coordinates" : [ -6.3811924724, 39.472881211 ]
			},
			"properties" : {
				"NUCLEO" : "CACERES",
				"DISTRITO" : "CENTRO",
				"BARRIO" : "LA MADRILA",
				"CODBARRIO" : 33,
				"CODIGO_VIA" : 528,
				"TIPO_VIA" : "CALLE",
				"NOMBRE_VIA" : "VENECIA",
				"GESTION" : "PUBLICA",
				"URL_FICHA" : "https://sig.caceres.es/serweb/fichasig/fichamovilidadreducida.php?mslink=578",
				"URL_VIA" : "https://sig.caceres.es/serweb/fichasig/fichacalle.php?codigo=528",
				"WGS84_X" : -6.381192,
				"WGS84_Y" : 39.472881,
				"COORD_X" : 725265,
				"COORD_Y" : 4372529
			}
		},
		{
			"type" : "Feature",
			"geometry" : {
				"type" : "Point",
				"coordinates" : [ -6.3937836854, 39.4737841397 ]
			},
			"properties" : {
				"NUCLEO" : "CACERES",
				"DISTRITO" : "OESTE",
				"BARRIO" : "R-66B EL ARCO",
				"CODBARRIO" : 60,
				"CODIGO_VIA" : 3390,
				"TIPO_VIA" : "CALLE",
				"NOMBRE_VIA" : "LEO",
				"GESTION" : "PRIVADA",
				"URL_FICHA" : "https://sig.caceres.es/serweb/fichasig/fichamovilidadreducida.php?mslink=344",
				"URL_FOTO" : "https://sig.caceres.es/fotosOriginales/MOVILIDAD/3390_3_1.JPG",
				"URL_VIA" : "https://sig.caceres.es/serweb/fichasig/fichacalle.php?codigo=3390",
				"WGS84_X" : -6.393784,
				"WGS84_Y" : 39.473784,
				"COORD_X" : 724179,
				"COORD_Y" : 4372598
			}
		},
		{
			"type" : "Feature",
			"geometry" : {
				"type" : "Point",
				"coordinates" : [ -6.3934399118, 39.4739335422 ]
			},
			"properties" : {
				"NUCLEO" : "CACERES",
				"DISTRITO" : "OESTE",
				"BARRIO" : "R-66B EL ARCO",
				"CODBARRIO" : 60,
				"CODIGO_VIA" : 3390,
				"TIPO_VIA" : "CALLE",
				"NOMBRE_VIA" : "LEO",
				"GESTION" : "PRIVADA",
				"URL_FICHA" : "https://sig.caceres.es/serweb/fichasig/fichamovilidadreducida.php?mslink=345",
				"URL_FOTO" : "https://sig.caceres.es/fotosOriginales/MOVILIDAD/3390_1_1.JPG",
				"URL_VIA" : "https://sig.caceres.es/serweb/fichasig/fichacalle.php?codigo=3390",
				"WGS84_X" : -6.39344,
				"WGS84_Y" : 39.473934,
				"COORD_X" : 724208,
				"COORD_Y" : 4372615
			}
		},
		{
			"type" : "Feature",
			"geometry" : {
				"type" : "Point",
				"coordinates" : [ -6.393347619, 39.4739021747 ]
			},
			"properties" : {
				"NUCLEO" : "CACERES",
				"DISTRITO" : "OESTE",
				"BARRIO" : "R-66B EL ARCO",
				"CODBARRIO" : 60,
				"CODIGO_VIA" : 3390,
				"TIPO_VIA" : "CALLE",
				"NOMBRE_VIA" : "LEO",
				"GESTION" : "PRIVADA",
				"URL_FICHA" : "https://sig.caceres.es/serweb/fichasig/fichamovilidadreducida.php?mslink=346",
				"URL_FOTO" : "https://sig.caceres.es/fotosOriginales/MOVILIDAD/3390_2_1.JPG",
				"URL_VIA" : "https://sig.caceres.es/serweb/fichasig/fichacalle.php?codigo=3390",
				"WGS84_X" : -6.393348,
				"WGS84_Y" : 39.473902,
				"COORD_X" : 724216,
				"COORD_Y" : 4372612
			}
		},
		{
			"type" : "Feature",
			"geometry" : {
				"type" : "Point",
				"coordinates" : [ -6.3971415045, 39.4748525002 ]
			},
			"properties" : {
				"NUCLEO" : "CACERES",
				"DISTRITO" : "OESTE",
				"BARRIO" : "R-66B EL ARCO",
				"CODBARRIO" : 60,
				"CODIGO_VIA" : 3389,
				"TIPO_VIA" : "CALLE",
				"NOMBRE_VIA" : "ACUARIO",
				"GESTION" : "PUBLICA",
				"URL_FICHA" : "https://sig.caceres.es/serweb/fichasig/fichamovilidadreducida.php?mslink=347",
				"URL_FOTO" : "https://sig.caceres.es/fotosOriginales/MOVILIDAD/3389_1_1.JPG",
				"URL_VIA" : "https://sig.caceres.es/serweb/fichasig/fichacalle.php?codigo=3389",
				"WGS84_X" : -6.397142,
				"WGS84_Y" : 39.474853,
				"COORD_X" : 723887,
				"COORD_Y" : 4372708
			}
		},
		{
			"type" : "Feature",
			"geometry" : {
				"type" : "Point",
				"coordinates" : [ -6.3973246767, 39.4749913828 ]
			},
			"properties" : {
				"NUCLEO" : "CACERES",
				"DISTRITO" : "OESTE",
				"BARRIO" : "R-66B EL ARCO",
				"CODBARRIO" : 60,
				"CODIGO_VIA" : 3389,
				"TIPO_VIA" : "CALLE",
				"NOMBRE_VIA" : "ACUARIO",
				"NUMPOL" : "3",
				"GESTION" : "PUBLICA",
				"URL_FICHA" : "https://sig.caceres.es/serweb/fichasig/fichamovilidadreducida.php?mslink=348",
				"URL_FOTO" : "https://sig.caceres.es/fotosOriginales/MOVILIDAD/3389_2_1.JPG",
				"URL_VIA" : "https://sig.caceres.es/serweb/fichasig/fichacalle.php?codigo=3389",
				"WGS84_X" : -6.397325,
				"WGS84_Y" : 39.474991,
				"COORD_X" : 723871,
				"COORD_Y" : 4372723
			}
		},
		{
			"type" : "Feature",
			"geometry" : {
				"type" : "Point",
				"coordinates" : [ -6.3643163672, 39.5037199412 ]
			},
			"properties" : {
				"NUCLEO" : "CACERES",
				"DISTRITO" : "NORTE",
				"BARRIO" : "INDUSTRIAL LA MEJOSTILLA",
				"CODBARRIO" : 28,
				"CODIGO_VIA" : 4132,
				"TIPO_VIA" : "CALLE",
				"NOMBRE_VIA" : "LEONARDO DA VINCI",
				"GESTION" : "PUBLICA",
				"URL_FICHA" : "https://sig.caceres.es/serweb/fichasig/fichamovilidadreducida.php?mslink=401",
				"URL_FOTO" : "https://sig.caceres.es/fotosOriginales/MOVILIDAD/4132_1_1.JPG",
				"URL_VIA" : "https://sig.caceres.es/serweb/fichasig/fichacalle.php?codigo=4132",
				"WGS84_X" : -6.364316,
				"WGS84_Y" : 39.50372,
				"COORD_X" : 726617,
				"COORD_Y" : 4375994
			}
		},
		{
			"type" : "Feature",
			"geometry" : {
				"type" : "Point",
				"coordinates" : [ -6.3704409164, 39.50583624 ]
			},
			"properties" : {
				"NUCLEO" : "CACERES",
				"DISTRITO" : "NORTE",
				"BARRIO" : "INDUSTRIAL LA MEJOSTILLA",
				"CODBARRIO" : 28,
				"CODIGO_VIA" : 4128,
				"TIPO_VIA" : "CALLE",
				"NOMBRE_VIA" : "PITAGORAS",
				"GESTION" : "PUBLICA",
				"URL_FICHA" : "https://sig.caceres.es/serweb/fichasig/fichamovilidadreducida.php?mslink=402",
				"URL_FOTO" : "https://sig.caceres.es/fotosOriginales/MOVILIDAD/4128_1_1.JPG",
				"URL_VIA" : "https://sig.caceres.es/serweb/fichasig/fichacalle.php?codigo=4128",
				"WGS84_X" : -6.370441,
				"WGS84_Y" : 39.505836,
				"COORD_X" : 726083,
				"COORD_Y" : 4376214
			}
		},
		{
			"type" : "Feature",
			"geometry" : {
				"type" : "Point",
				"coordinates" : [ -6.3681100599, 39.5044545316 ]
			},
			"properties" : {
				"NUCLEO" : "CACERES",
				"DISTRITO" : "NORTE",
				"BARRIO" : "INDUSTRIAL LA MEJOSTILLA",
				"CODBARRIO" : 28,
				"CODIGO_VIA" : 4125,
				"TIPO_VIA" : "CALLE",
				"NOMBRE_VIA" : "MIGUEL SERVET",
				"GESTION" : "PUBLICA",
				"URL_FICHA" : "https://sig.caceres.es/serweb/fichasig/fichamovilidadreducida.php?mslink=403",
				"URL_FOTO" : "https://sig.caceres.es/fotosOriginales/MOVILIDAD/4125_1_1.JPG",
				"URL_VIA" : "https://sig.caceres.es/serweb/fichasig/fichacalle.php?codigo=4125",
				"WGS84_X" : -6.36811,
				"WGS84_Y" : 39.504455,
				"COORD_X" : 726288,
				"COORD_Y" : 4376066
			}
		},
		{
			"type" : "Feature",
			"geometry" : {
				"type" : "Point",
				"coordinates" : [ -6.3673312129, 39.503999427 ]
			},
			"properties" : {
				"NUCLEO" : "CACERES",
				"DISTRITO" : "NORTE",
				"BARRIO" : "INDUSTRIAL LA MEJOSTILLA",
				"CODBARRIO" : 28,
				"CODIGO_VIA" : 4124,
				"TIPO_VIA" : "CALLE",
				"NOMBRE_VIA" : "ISAAC PERAL",
				"GESTION" : "PUBLICA",
				"URL_FICHA" : "https://sig.caceres.es/serweb/fichasig/fichamovilidadreducida.php?mslink=404",
				"URL_FOTO" : "https://sig.caceres.es/fotosOriginales/MOVILIDAD/4124_1_1.JPG",
				"URL_VIA" : "https://sig.caceres.es/serweb/fichasig/fichacalle.php?codigo=4124",
				"WGS84_X" : -6.367331,
				"WGS84_Y" : 39.503999,
				"COORD_X" : 726357,
				"COORD_Y" : 4376018
			}
		},
		{
			"type" : "Feature",
			"geometry" : {
				"type" : "Point",
				"coordinates" : [ -6.3650228839, 39.5026029034 ]
			},
			"properties" : {
				"NUCLEO" : "CACERES",
				"DISTRITO" : "NORTE",
				"BARRIO" : "INDUSTRIAL LA MEJOSTILLA",
				"CODBARRIO" : 28,
				"CODIGO_VIA" : 4121,
				"TIPO_VIA" : "CALLE",
				"NOMBRE_VIA" : "CLAUDIO PTOLOMEO",
				"GESTION" : "PUBLICA",
				"URL_FICHA" : "https://sig.caceres.es/serweb/fichasig/fichamovilidadreducida.php?mslink=405",
				"URL_FOTO" : "https://sig.caceres.es/fotosOriginales/MOVILIDAD/4121_1_1.JPG",
				"URL_VIA" : "https://sig.caceres.es/serweb/fichasig/fichacalle.php?codigo=4121",
				"WGS84_X" : -6.365023,
				"WGS84_Y" : 39.502603,
				"COORD_X" : 726560,
				"COORD_Y" : 4375869
			}
		},
		{
			"type" : "Feature",
			"geometry" : {
				"type" : "Point",
				"coordinates" : [ -6.3643027919, 39.5037699464 ]
			},
			"properties" : {
				"NUCLEO" : "CACERES",
				"DISTRITO" : "NORTE",
				"BARRIO" : "INDUSTRIAL LA MEJOSTILLA",
				"CODBARRIO" : 28,
				"CODIGO_VIA" : 4132,
				"TIPO_VIA" : "CALLE",
				"NOMBRE_VIA" : "LEONARDO DA VINCI",
				"GESTION" : "PUBLICA",
				"URL_FICHA" : "https://sig.caceres.es/serweb/fichasig/fichamovilidadreducida.php?mslink=406",
				"URL_FOTO" : "https://sig.caceres.es/fotosOriginales/MOVILIDAD/4132_1_1.JPG",
				"URL_VIA" : "https://sig.caceres.es/serweb/fichasig/fichacalle.php?codigo=4132",
				"WGS84_X" : -6.364303,
				"WGS84_Y" : 39.50377,
				"COORD_X" : 726618,
				"COORD_Y" : 4376000
			}
		},
		{
			"type" : "Feature",
			"geometry" : {
				"type" : "Point",
				"coordinates" : [ -6.3585022682, 39.5005006415 ]
			},
			"properties" : {
				"NUCLEO" : "CACERES",
				"DISTRITO" : "CENTRO",
				"BARRIO" : "CACERES EL VIEJO",
				"CODBARRIO" : 5,
				"CODIGO_VIA" : 3878,
				"TIPO_VIA" : "CALLE",
				"NOMBRE_VIA" : "LOS TRIGALES",
				"GESTION" : "PUBLICA",
				"URL_FICHA" : "https://sig.caceres.es/serweb/fichasig/fichamovilidadreducida.php?mslink=407",
				"URL_FOTO" : "https://sig.caceres.es/fotosOriginales/MOVILIDAD/3878_1_1.JPG",
				"URL_VIA" : "https://sig.caceres.es/serweb/fichasig/fichacalle.php?codigo=3878",
				"WGS84_X" : -6.358502,
				"WGS84_Y" : 39.500501,
				"COORD_X" : 727127,
				"COORD_Y" : 4375652
			}
		},
		{
			"type" : "Feature",
			"geometry" : {
				"type" : "Point",
				"coordinates" : [ -6.3584163501, 39.5005033692 ]
			},
			"properties" : {
				"NUCLEO" : "CACERES",
				"DISTRITO" : "CENTRO",
				"BARRIO" : "CACERES EL VIEJO",
				"CODBARRIO" : 5,
				"CODIGO_VIA" : 3878,
				"TIPO_VIA" : "CALLE",
				"NOMBRE_VIA" : "LOS TRIGALES",
				"GESTION" : "PUBLICA",
				"URL_FICHA" : "https://sig.caceres.es/serweb/fichasig/fichamovilidadreducida.php?mslink=407",
				"URL_FOTO" : "https://sig.caceres.es/fotosOriginales/MOVILIDAD/3878_1_1.JPG",
				"URL_VIA" : "https://sig.caceres.es/serweb/fichasig/fichacalle.php?codigo=3878",
				"WGS84_X" : -6.358416,
				"WGS84_Y" : 39.500503,
				"COORD_X" : 727135,
				"COORD_Y" : 4375652
			}
		},
		{
			"type" : "Feature",
			"geometry" : {
				"type" : "Point",
				"coordinates" : [ -6.3752813908, 39.4881848278 ]
			},
			"properties" : {
				"NUCLEO" : "CACERES",
				"DISTRITO" : "NORTE",
				"BARRIO" : "MONTESOL",
				"CODBARRIO" : 47,
				"CODIGO_VIA" : 4088,
				"TIPO_VIA" : "CALLE",
				"NOMBRE_VIA" : "LAS AGUILAS",
				"NUMPOL" : "22",
				"GESTION" : "PUBLICA",
				"URL_FICHA" : "https://sig.caceres.es/serweb/fichasig/fichamovilidadreducida.php?mslink=437",
				"URL_FOTO" : "https://sig.caceres.es/fotosOriginales/MOVILIDAD/4088_2_1.JPG",
				"URL_VIA" : "https://sig.caceres.es/serweb/fichasig/fichacalle.php?codigo=4088",
				"WGS84_X" : -6.375281,
				"WGS84_Y" : 39.488185,
				"COORD_X" : 725724,
				"COORD_Y" : 4374242
			}
		},
		{
			"type" : "Feature",
			"geometry" : {
				"type" : "Point",
				"coordinates" : [ -6.3733824233, 39.488080365 ]
			},
			"properties" : {
				"NUCLEO" : "CACERES",
				"DISTRITO" : "NORTE",
				"BARRIO" : "MONTESOL",
				"CODBARRIO" : 47,
				"CODIGO_VIA" : 4088,
				"TIPO_VIA" : "CALLE",
				"NOMBRE_VIA" : "LAS AGUILAS",
				"NUMPOL" : "4",
				"GESTION" : "PUBLICA",
				"URL_FICHA" : "https://sig.caceres.es/serweb/fichasig/fichamovilidadreducida.php?mslink=438",
				"URL_FOTO" : "https://sig.caceres.es/fotosOriginales/MOVILIDAD/4088_1_1.JPG",
				"URL_VIA" : "https://sig.caceres.es/serweb/fichasig/fichacalle.php?codigo=4088",
				"WGS84_X" : -6.373382,
				"WGS84_Y" : 39.48808,
				"COORD_X" : 725888,
				"COORD_Y" : 4374236
			}
		},
		{
			"type" : "Feature",
			"geometry" : {
				"type" : "Point",
				"coordinates" : [ -6.367785234, 39.4891903509 ]
			},
			"properties" : {
				"NUCLEO" : "CACERES",
				"DISTRITO" : "NORTE",
				"BARRIO" : "MONTESOL",
				"CODBARRIO" : 47,
				"CODIGO_VIA" : 3932,
				"TIPO_VIA" : "AVDA",
				"NOMBRE_VIA" : "POZO DE LA NIEVE",
				"GESTION" : "PRIVADA",
				"URL_FICHA" : "https://sig.caceres.es/serweb/fichasig/fichamovilidadreducida.php?mslink=439",
				"URL_FOTO" : "https://sig.caceres.es/fotosOriginales/MOVILIDAD/3932_4_1.JPG",
				"URL_VIA" : "https://sig.caceres.es/serweb/fichasig/fichacalle.php?codigo=3932",
				"WGS84_X" : -6.367785,
				"WGS84_Y" : 39.48919,
				"COORD_X" : 726366,
				"COORD_Y" : 4374373
			}
		},
		{
			"type" : "Feature",
			"geometry" : {
				"type" : "Point",
				"coordinates" : [ -6.3677880758, 39.4891551356 ]
			},
			"properties" : {
				"NUCLEO" : "CACERES",
				"DISTRITO" : "NORTE",
				"BARRIO" : "MONTESOL",
				"CODBARRIO" : 47,
				"CODIGO_VIA" : 3932,
				"TIPO_VIA" : "AVDA",
				"NOMBRE_VIA" : "POZO DE LA NIEVE",
				"GESTION" : "PRIVADA",
				"URL_FICHA" : "https://sig.caceres.es/serweb/fichasig/fichamovilidadreducida.php?mslink=440",
				"URL_FOTO" : "https://sig.caceres.es/fotosOriginales/MOVILIDAD/3932_4_1.JPG",
				"URL_VIA" : "https://sig.caceres.es/serweb/fichasig/fichacalle.php?codigo=3932",
				"WGS84_X" : -6.367788,
				"WGS84_Y" : 39.489155,
				"COORD_X" : 726366,
				"COORD_Y" : 4374369
			}
		},
		{
			"type" : "Feature",
			"geometry" : {
				"type" : "Point",
				"coordinates" : [ -6.3685865516, 39.4887380576 ]
			},
			"properties" : {
				"NUCLEO" : "CACERES",
				"DISTRITO" : "NORTE",
				"BARRIO" : "MONTESOL",
				"CODBARRIO" : 47,
				"CODIGO_VIA" : 3932,
				"TIPO_VIA" : "AVDA",
				"NOMBRE_VIA" : "POZO DE LA NIEVE",
				"GESTION" : "PUBLICA",
				"URL_FICHA" : "https://sig.caceres.es/serweb/fichasig/fichamovilidadreducida.php?mslink=441",
				"URL_FOTO" : "https://sig.caceres.es/fotosOriginales/MOVILIDAD/3932_2_1.JPG",
				"URL_VIA" : "https://sig.caceres.es/serweb/fichasig/fichacalle.php?codigo=3932",
				"WGS84_X" : -6.368587,
				"WGS84_Y" : 39.488738,
				"COORD_X" : 726298,
				"COORD_Y" : 4374321
			}
		},
		{
			"type" : "Feature",
			"geometry" : {
				"type" : "Point",
				"coordinates" : [ -6.368436875, 39.4881013987 ]
			},
			"properties" : {
				"NUCLEO" : "CACERES",
				"DISTRITO" : "NORTE",
				"BARRIO" : "MONTESOL",
				"CODBARRIO" : 47,
				"CODIGO_VIA" : 3932,
				"TIPO_VIA" : "AVDA",
				"NOMBRE_VIA" : "POZO DE LA NIEVE",
				"NUMPOL" : "8",
				"GESTION" : "PUBLICA",
				"URL_FICHA" : "https://sig.caceres.es/serweb/fichasig/fichamovilidadreducida.php?mslink=443",
				"URL_FOTO" : "https://sig.caceres.es/fotosOriginales/MOVILIDAD/3932_3_1.JPG",
				"URL_VIA" : "https://sig.caceres.es/serweb/fichasig/fichacalle.php?codigo=3932",
				"WGS84_X" : -6.368437,
				"WGS84_Y" : 39.488101,
				"COORD_X" : 726313,
				"COORD_Y" : 4374250
			}
		},
		{
			"type" : "Feature",
			"geometry" : {
				"type" : "Point",
				"coordinates" : [ -6.3677339071, 39.488675477 ]
			},
			"properties" : {
				"NUCLEO" : "CACERES",
				"DISTRITO" : "NORTE",
				"BARRIO" : "MONTESOL",
				"CODBARRIO" : 47,
				"CODIGO_VIA" : 3932,
				"TIPO_VIA" : "AVDA",
				"NOMBRE_VIA" : "POZO DE LA NIEVE",
				"GESTION" : "PRIVADA",
				"URL_FICHA" : "https://sig.caceres.es/serweb/fichasig/fichamovilidadreducida.php?mslink=445",
				"URL_FOTO" : "https://sig.caceres.es/fotosOriginales/MOVILIDAD/3932_7_1.JPG",
				"URL_VIA" : "https://sig.caceres.es/serweb/fichasig/fichacalle.php?codigo=3932",
				"WGS84_X" : -6.367734,
				"WGS84_Y" : 39.488675,
				"COORD_X" : 726372,
				"COORD_Y" : 4374316
			}
		},
		{
			"type" : "Feature",
			"geometry" : {
				"type" : "Point",
				"coordinates" : [ -6.3678984792, 39.4886983841 ]
			},
			"properties" : {
				"NUCLEO" : "CACERES",
				"DISTRITO" : "NORTE",
				"BARRIO" : "MONTESOL",
				"CODBARRIO" : 47,
				"CODIGO_VIA" : 3932,
				"TIPO_VIA" : "AVDA",
				"NOMBRE_VIA" : "POZO DE LA NIEVE",
				"GESTION" : "PRIVADA",
				"URL_FICHA" : "https://sig.caceres.es/serweb/fichasig/fichamovilidadreducida.php?mslink=446",
				"URL_FOTO" : "https://sig.caceres.es/fotosOriginales/MOVILIDAD/3932_6_1.JPG",
				"URL_VIA" : "https://sig.caceres.es/serweb/fichasig/fichacalle.php?codigo=3932",
				"WGS84_X" : -6.367898,
				"WGS84_Y" : 39.488698,
				"COORD_X" : 726358,
				"COORD_Y" : 4374318
			}
		},
		{
			"type" : "Feature",
			"geometry" : {
				"type" : "Point",
				"coordinates" : [ -6.372375741, 39.4862365817 ]
			},
			"properties" : {
				"NUCLEO" : "CACERES",
				"DISTRITO" : "NORTE",
				"BARRIO" : "MONTESOL",
				"CODBARRIO" : 47,
				"CODIGO_VIA" : 3930,
				"TIPO_VIA" : "CALLE",
				"NOMBRE_VIA" : "CORDEL DE MERINAS",
				"NUMPOL" : "13",
				"GESTION" : "PUBLICA",
				"URL_FICHA" : "https://sig.caceres.es/serweb/fichasig/fichamovilidadreducida.php?mslink=447",
				"URL_FOTO" : "https://sig.caceres.es/fotosOriginales/MOVILIDAD/3930_1_1.JPG",
				"URL_VIA" : "https://sig.caceres.es/serweb/fichasig/fichacalle.php?codigo=3930",
				"WGS84_X" : -6.372376,
				"WGS84_Y" : 39.486237,
				"COORD_X" : 725980,
				"COORD_Y" : 4374033
			}
		},
		{
			"type" : "Feature",
			"geometry" : {
				"type" : "Point",
				"coordinates" : [ -6.372377115, 39.4862000993 ]
			},
			"properties" : {
				"NUCLEO" : "CACERES",
				"DISTRITO" : "NORTE",
				"BARRIO" : "MONTESOL",
				"CODBARRIO" : 47,
				"CODIGO_VIA" : 3930,
				"TIPO_VIA" : "CALLE",
				"NOMBRE_VIA" : "CORDEL DE MERINAS",
				"NUMPOL" : "11",
				"GESTION" : "PUBLICA",
				"URL_FICHA" : "https://sig.caceres.es/serweb/fichasig/fichamovilidadreducida.php?mslink=448",
				"URL_FOTO" : "https://sig.caceres.es/fotosOriginales/MOVILIDAD/3930_1_1.JPG",
				"URL_VIA" : "https://sig.caceres.es/serweb/fichasig/fichacalle.php?codigo=3930",
				"WGS84_X" : -6.372377,
				"WGS84_Y" : 39.4862,
				"COORD_X" : 725980,
				"COORD_Y" : 4374029
			}
		},
		{
			"type" : "Feature",
			"geometry" : {
				"type" : "Point",
				"coordinates" : [ -6.3680161478, 39.4881685573 ]
			},
			"properties" : {
				"NUCLEO" : "CACERES",
				"DISTRITO" : "NORTE",
				"BARRIO" : "MONTESOL",
				"CODBARRIO" : 47,
				"CODIGO_VIA" : 3932,
				"TIPO_VIA" : "AVDA",
				"NOMBRE_VIA" : "POZO DE LA NIEVE",
				"GESTION" : "PRIVADA",
				"URL_FICHA" : "https://sig.caceres.es/serweb/fichasig/fichamovilidadreducida.php?mslink=449",
				"URL_FOTO" : "https://sig.caceres.es/fotosOriginales/MOVILIDAD/3932_5_1.JPG",
				"URL_VIA" : "https://sig.caceres.es/serweb/fichasig/fichacalle.php?codigo=3932",
				"WGS84_X" : -6.368016,
				"WGS84_Y" : 39.488169,
				"COORD_X" : 726349,
				"COORD_Y" : 4374259
			}
		},
		{
			"type" : "Feature",
			"geometry" : {
				"type" : "Point",
				"coordinates" : [ -6.3677707025, 39.4886771114 ]
			},
			"properties" : {
				"NUCLEO" : "CACERES",
				"DISTRITO" : "NORTE",
				"BARRIO" : "MONTESOL",
				"CODBARRIO" : 47,
				"CODIGO_VIA" : 3932,
				"TIPO_VIA" : "AVDA",
				"NOMBRE_VIA" : "POZO DE LA NIEVE",
				"GESTION" : "PRIVADA",
				"URL_FICHA" : "https://sig.caceres.es/serweb/fichasig/fichamovilidadreducida.php?mslink=450",
				"URL_FOTO" : "https://sig.caceres.es/fotosOriginales/MOVILIDAD/3932_7_1.JPG",
				"URL_VIA" : "https://sig.caceres.es/serweb/fichasig/fichacalle.php?codigo=3932",
				"WGS84_X" : -6.367771,
				"WGS84_Y" : 39.488677,
				"COORD_X" : 726369,
				"COORD_Y" : 4374316
			}
		},
		{
			"type" : "Feature",
			"geometry" : {
				"type" : "Point",
				"coordinates" : [ -6.3772623783, 39.4867308026 ]
			},
			"properties" : {
				"NUCLEO" : "CACERES",
				"DISTRITO" : "NORTE",
				"BARRIO" : "MONTESOL",
				"CODBARRIO" : 47,
				"CODIGO_VIA" : 4095,
				"TIPO_VIA" : "CALLE",
				"NOMBRE_VIA" : "LOS HALCONES",
				"GESTION" : "PUBLICA",
				"URL_FICHA" : "https://sig.caceres.es/serweb/fichasig/fichamovilidadreducida.php?mslink=452",
				"URL_FOTO" : "https://sig.caceres.es/fotosOriginales/MOVILIDAD/4095_1_1.JPG",
				"URL_VIA" : "https://sig.caceres.es/serweb/fichasig/fichacalle.php?codigo=4095",
				"WGS84_X" : -6.377262,
				"WGS84_Y" : 39.486731,
				"COORD_X" : 725558,
				"COORD_Y" : 4374076
			}
		},
		{
			"type" : "Feature",
			"geometry" : {
				"type" : "Point",
				"coordinates" : [ -6.3770770381, 39.4887835906 ]
			},
			"properties" : {
				"NUCLEO" : "CACERES",
				"DISTRITO" : "NORTE",
				"BARRIO" : "MONTESOL",
				"CODBARRIO" : 47,
				"CODIGO_VIA" : 4095,
				"TIPO_VIA" : "CALLE",
				"NOMBRE_VIA" : "LOS HALCONES",
				"GESTION" : "PUBLICA",
				"URL_FICHA" : "https://sig.caceres.es/serweb/fichasig/fichamovilidadreducida.php?mslink=453",
				"URL_FOTO" : "https://sig.caceres.es/fotosOriginales/MOVILIDAD/4095_2_1.JPG",
				"URL_VIA" : "https://sig.caceres.es/serweb/fichasig/fichacalle.php?codigo=4095",
				"WGS84_X" : -6.377077,
				"WGS84_Y" : 39.488784,
				"COORD_X" : 725568,
				"COORD_Y" : 4374304
			}
		},
		{
			"type" : "Feature",
			"geometry" : {
				"type" : "Point",
				"coordinates" : [ -6.3679634137, 39.4887003496 ]
			},
			"properties" : {
				"NUCLEO" : "CACERES",
				"DISTRITO" : "NORTE",
				"BARRIO" : "MONTESOL",
				"CODBARRIO" : 47,
				"CODIGO_VIA" : 3932,
				"TIPO_VIA" : "AVDA",
				"NOMBRE_VIA" : "POZO DE LA NIEVE",
				"GESTION" : "PRIVADA",
				"URL_FICHA" : "https://sig.caceres.es/serweb/fichasig/fichamovilidadreducida.php?mslink=454",
				"URL_FOTO" : "https://sig.caceres.es/fotosOriginales/MOVILIDAD/3932_6_1.JPG",
				"URL_VIA" : "https://sig.caceres.es/serweb/fichasig/fichacalle.php?codigo=3932",
				"WGS84_X" : -6.367963,
				"WGS84_Y" : 39.4887,
				"COORD_X" : 726352,
				"COORD_Y" : 4374318
			}
		},
		{
			"type" : "Feature",
			"geometry" : {
				"type" : "Point",
				"coordinates" : [ -6.3780820508, 39.4880079881 ]
			},
			"properties" : {
				"NUCLEO" : "CACERES",
				"DISTRITO" : "NORTE",
				"BARRIO" : "MONTESOL II",
				"CODBARRIO" : 47,
				"CODIGO_VIA" : 4089,
				"TIPO_VIA" : "CALLE",
				"NOMBRE_VIA" : "LOS CERNICALOS",
				"NUMPOL" : "5",
				"F_CREACION" : "03/04/2017",
				"F_REPINTAD" : "03/04/2017",
				"GESTION" : "PUBLICA",
				"URL_FICHA" : "https://sig.caceres.es/serweb/fichasig/fichamovilidadreducida.php?mslink=538",
				"URL_FOTO" : "https://sig.caceres.es/fotosOriginales/MOVILIDAD/4089_1_1.JPG",
				"URL_VIA" : "https://sig.caceres.es/serweb/fichasig/fichacalle.php?codigo=4089",
				"WGS84_X" : -6.378082,
				"WGS84_Y" : 39.488008,
				"COORD_X" : 725484,
				"COORD_Y" : 4374216
			}
		},
		{
			"type" : "Feature",
			"geometry" : {
				"type" : "Point",
				"coordinates" : [ -6.3617469005, 39.4841776662 ]
			},
			"properties" : {
				"NUCLEO" : "CACERES",
				"DISTRITO" : "NORTE",
				"BARRIO" : "LAS CANDELAS",
				"CODBARRIO" : 37,
				"CODIGO_VIA" : 3093,
				"TIPO_VIA" : "CALLE",
				"NOMBRE_VIA" : "SANCHO DE CABRERA",
				"GESTION" : "PUBLICA",
				"URL_FICHA" : "https://sig.caceres.es/serweb/fichasig/fichamovilidadreducida.php?mslink=478",
				"URL_FOTO" : "https://sig.caceres.es/fotosOriginales/MOVILIDAD/3093_1_1.JPG",
				"URL_VIA" : "https://sig.caceres.es/serweb/fichasig/fichacalle.php?codigo=3093",
				"WGS84_X" : -6.361747,
				"WGS84_Y" : 39.484178,
				"COORD_X" : 726901,
				"COORD_Y" : 4373832
			}
		},
		{
			"type" : "Feature",
			"geometry" : {
				"type" : "Point",
				"coordinates" : [ -6.3673742859, 39.4818606329 ]
			},
			"properties" : {
				"NUCLEO" : "CACERES",
				"DISTRITO" : "NORTE",
				"BARRIO" : "SAN JORGE",
				"CODBARRIO" : 65,
				"CODIGO_VIA" : 3413,
				"TIPO_VIA" : "CALLE",
				"NOMBRE_VIA" : "JEAN HENRY DUNANT",
				"GESTION" : "PUBLICA",
				"URL_FICHA" : "https://sig.caceres.es/serweb/fichasig/fichamovilidadreducida.php?mslink=479",
				"URL_FOTO" : "https://sig.caceres.es/fotosOriginales/MOVILIDAD/3413_1_1.JPG",
				"URL_VIA" : "https://sig.caceres.es/serweb/fichasig/fichacalle.php?codigo=3413",
				"WGS84_X" : -6.367374,
				"WGS84_Y" : 39.481861,
				"COORD_X" : 726425,
				"COORD_Y" : 4373560
			}
		},
		{
			"type" : "Feature",
			"geometry" : {
				"type" : "Point",
				"coordinates" : [ -6.3674332191, 39.4818957104 ]
			},
			"properties" : {
				"NUCLEO" : "CACERES",
				"DISTRITO" : "NORTE",
				"BARRIO" : "SAN JORGE",
				"CODBARRIO" : 65,
				"CODIGO_VIA" : 3413,
				"TIPO_VIA" : "CALLE",
				"NOMBRE_VIA" : "JEAN HENRY DUNANT",
				"GESTION" : "PUBLICA",
				"URL_FICHA" : "https://sig.caceres.es/serweb/fichasig/fichamovilidadreducida.php?mslink=480",
				"URL_FOTO" : "https://sig.caceres.es/fotosOriginales/MOVILIDAD/3413_1_1.JPG",
				"URL_VIA" : "https://sig.caceres.es/serweb/fichasig/fichacalle.php?codigo=3413",
				"WGS84_X" : -6.367433,
				"WGS84_Y" : 39.481896,
				"COORD_X" : 726420,
				"COORD_Y" : 4373564
			}
		},
		{
			"type" : "Feature",
			"geometry" : {
				"type" : "Point",
				"coordinates" : [ -6.3750621185, 39.4815626753 ]
			},
			"properties" : {
				"NUCLEO" : "CACERES",
				"DISTRITO" : "NORTE",
				"BARRIO" : "CUARTEL INFANTA ISABEL",
				"CODBARRIO" : 29,
				"CODIGO_VIA" : 3975,
				"TIPO_VIA" : "CALLE",
				"NOMBRE_VIA" : "AGUSTINA DE ARAGON",
				"GESTION" : "PUBLICA",
				"URL_FICHA" : "https://sig.caceres.es/serweb/fichasig/fichamovilidadreducida.php?mslink=481",
				"URL_FOTO" : "https://sig.caceres.es/fotosOriginales/MOVILIDAD/3975_2_1.JPG",
				"URL_VIA" : "https://sig.caceres.es/serweb/fichasig/fichacalle.php?codigo=3975",
				"WGS84_X" : -6.375062,
				"WGS84_Y" : 39.481563,
				"COORD_X" : 725764,
				"COORD_Y" : 4373508
			}
		},
		{
			"type" : "Feature",
			"geometry" : {
				"type" : "Point",
				"coordinates" : [ -6.3745341971, 39.4813719919 ]
			},
			"properties" : {
				"NUCLEO" : "CACERES",
				"DISTRITO" : "NORTE",
				"BARRIO" : "CUARTEL INFANTA ISABEL",
				"CODBARRIO" : 29,
				"CODIGO_VIA" : 3975,
				"TIPO_VIA" : "CALLE",
				"NOMBRE_VIA" : "AGUSTINA DE ARAGON",
				"GESTION" : "PUBLICA",
				"URL_FICHA" : "https://sig.caceres.es/serweb/fichasig/fichamovilidadreducida.php?mslink=482",
				"URL_FOTO" : "https://sig.caceres.es/fotosOriginales/MOVILIDAD/3975_1_1.JPG",
				"URL_VIA" : "https://sig.caceres.es/serweb/fichasig/fichacalle.php?codigo=3975",
				"WGS84_X" : -6.374534,
				"WGS84_Y" : 39.481372,
				"COORD_X" : 725811,
				"COORD_Y" : 4373488
			}
		},
		{
			"type" : "Feature",
			"geometry" : {
				"type" : "Point",
				"coordinates" : [ -6.374069483, 39.4812052133 ]
			},
			"properties" : {
				"NUCLEO" : "CACERES",
				"DISTRITO" : "NORTE",
				"BARRIO" : "CUARTEL INFANTA ISABEL",
				"CODBARRIO" : 29,
				"CODIGO_VIA" : 3975,
				"TIPO_VIA" : "CALLE",
				"NOMBRE_VIA" : "AGUSTINA DE ARAGON",
				"GESTION" : "PUBLICA",
				"URL_FICHA" : "https://sig.caceres.es/serweb/fichasig/fichamovilidadreducida.php?mslink=483",
				"URL_FOTO" : "https://sig.caceres.es/fotosOriginales/MOVILIDAD/3975_3_1.JPG",
				"URL_VIA" : "https://sig.caceres.es/serweb/fichasig/fichacalle.php?codigo=3975",
				"WGS84_X" : -6.374069,
				"WGS84_Y" : 39.481205,
				"COORD_X" : 725851,
				"COORD_Y" : 4373471
			}
		},
		{
			"type" : "Feature",
			"geometry" : {
				"type" : "Point",
				"coordinates" : [ -6.3737631366, 39.4821207378 ]
			},
			"properties" : {
				"NUCLEO" : "CACERES",
				"DISTRITO" : "NORTE",
				"BARRIO" : "CUARTEL INFANTA ISABEL",
				"CODBARRIO" : 29,
				"CODIGO_VIA" : 3976,
				"TIPO_VIA" : "CALLE",
				"NOMBRE_VIA" : "CONCEPCION ARENAL",
				"GESTION" : "PUBLICA",
				"URL_FICHA" : "https://sig.caceres.es/serweb/fichasig/fichamovilidadreducida.php?mslink=484",
				"URL_FOTO" : "https://sig.caceres.es/fotosOriginales/MOVILIDAD/3976_4_1.JPG",
				"URL_VIA" : "https://sig.caceres.es/serweb/fichasig/fichacalle.php?codigo=3976",
				"WGS84_X" : -6.373763,
				"WGS84_Y" : 39.482121,
				"COORD_X" : 725874,
				"COORD_Y" : 4373573
			}
		},
		{
			"type" : "Feature",
			"geometry" : {
				"type" : "Point",
				"coordinates" : [ -6.3730978985, 39.4818810383 ]
			},
			"properties" : {
				"NUCLEO" : "CACERES",
				"DISTRITO" : "NORTE",
				"BARRIO" : "CUARTEL INFANTA ISABEL",
				"CODBARRIO" : 29,
				"CODIGO_VIA" : 3976,
				"TIPO_VIA" : "CALLE",
				"NOMBRE_VIA" : "CONCEPCION ARENAL",
				"GESTION" : "PUBLICA",
				"URL_FICHA" : "https://sig.caceres.es/serweb/fichasig/fichamovilidadreducida.php?mslink=485",
				"URL_FOTO" : "https://sig.caceres.es/fotosOriginales/MOVILIDAD/3976_3_1.JPG",
				"URL_VIA" : "https://sig.caceres.es/serweb/fichasig/fichacalle.php?codigo=3976",
				"WGS84_X" : -6.373098,
				"WGS84_Y" : 39.481881,
				"COORD_X" : 725932,
				"COORD_Y" : 4373548
			}
		},
		{
			"type" : "Feature",
			"geometry" : {
				"type" : "Point",
				"coordinates" : [ -6.3713920596, 39.4807448263 ]
			},
			"properties" : {
				"NUCLEO" : "CACERES",
				"DISTRITO" : "NORTE",
				"BARRIO" : "CUARTEL INFANTA ISABEL",
				"CODBARRIO" : 29,
				"CODIGO_VIA" : 3976,
				"TIPO_VIA" : "CALLE",
				"NOMBRE_VIA" : "CONCEPCION ARENAL",
				"GESTION" : "PUBLICA",
				"URL_FICHA" : "https://sig.caceres.es/serweb/fichasig/fichamovilidadreducida.php?mslink=486",
				"URL_FOTO" : "https://sig.caceres.es/fotosOriginales/MOVILIDAD/3976_1_1.JPG",
				"URL_VIA" : "https://sig.caceres.es/serweb/fichasig/fichacalle.php?codigo=3976",
				"WGS84_X" : -6.371392,
				"WGS84_Y" : 39.480745,
				"COORD_X" : 726083,
				"COORD_Y" : 4373426
			}
		},
		{
			"type" : "Feature",
			"geometry" : {
				"type" : "Point",
				"coordinates" : [ -6.3723146713, 39.4811160786 ]
			},
			"properties" : {
				"NUCLEO" : "CACERES",
				"DISTRITO" : "NORTE",
				"BARRIO" : "CUARTEL INFANTA ISABEL",
				"CODBARRIO" : 29,
				"CODIGO_VIA" : 3976,
				"TIPO_VIA" : "CALLE",
				"NOMBRE_VIA" : "CONCEPCION ARENAL",
				"GESTION" : "PUBLICA",
				"URL_FICHA" : "https://sig.caceres.es/serweb/fichasig/fichamovilidadreducida.php?mslink=487",
				"URL_FOTO" : "https://sig.caceres.es/fotosOriginales/MOVILIDAD/3976_2_1.JPG",
				"URL_VIA" : "https://sig.caceres.es/serweb/fichasig/fichacalle.php?codigo=3976",
				"WGS84_X" : -6.372315,
				"WGS84_Y" : 39.481116,
				"COORD_X" : 726002,
				"COORD_Y" : 4373465
			}
		},
		{
			"type" : "Feature",
			"geometry" : {
				"type" : "Point",
				"coordinates" : [ -6.3697724254, 39.4818496047 ]
			},
			"properties" : {
				"NUCLEO" : "CACERES",
				"DISTRITO" : "NORTE",
				"BARRIO" : "CEMENTERIO",
				"CODBARRIO" : 10,
				"CODIGO_VIA" : 2936,
				"TIPO_VIA" : "AVDA",
				"NOMBRE_VIA" : "DE LAS DELICIAS",
				"GESTION" : "PUBLICA",
				"URL_FICHA" : "https://sig.caceres.es/serweb/fichasig/fichamovilidadreducida.php?mslink=488",
				"URL_FOTO" : "https://sig.caceres.es/fotosOriginales/MOVILIDAD/2936_1_1.JPG",
				"URL_VIA" : "https://sig.caceres.es/serweb/fichasig/fichacalle.php?codigo=2936",
				"WGS84_X" : -6.369772,
				"WGS84_Y" : 39.48185,
				"COORD_X" : 726219,
				"COORD_Y" : 4373553
			}
		},
		{
			"type" : "Feature",
			"geometry" : {
				"type" : "Point",
				"coordinates" : [ -6.3697494148, 39.4818740271 ]
			},
			"properties" : {
				"NUCLEO" : "CACERES",
				"DISTRITO" : "NORTE",
				"BARRIO" : "CEMENTERIO",
				"CODBARRIO" : 10,
				"CODIGO_VIA" : 2936,
				"TIPO_VIA" : "AVDA",
				"NOMBRE_VIA" : "DE LAS DELICIAS",
				"GESTION" : "PUBLICA",
				"URL_FICHA" : "https://sig.caceres.es/serweb/fichasig/fichamovilidadreducida.php?mslink=489",
				"URL_FOTO" : "https://sig.caceres.es/fotosOriginales/MOVILIDAD/2936_1_1.JPG",
				"URL_VIA" : "https://sig.caceres.es/serweb/fichasig/fichacalle.php?codigo=2936",
				"WGS84_X" : -6.369749,
				"WGS84_Y" : 39.481874,
				"COORD_X" : 726220,
				"COORD_Y" : 4373556
			}
		},
		{
			"type" : "Feature",
			"geometry" : {
				"type" : "Point",
				"coordinates" : [ -6.3670250868, 39.47802629 ]
			},
			"properties" : {
				"NUCLEO" : "CACERES",
				"DISTRITO" : "CENTRO",
				"BARRIO" : "RIBERA DEL MARCO",
				"CODBARRIO" : 57,
				"CODIGO_VIA" : 82,
				"TIPO_VIA" : "CALLE",
				"NOMBRE_VIA" : "BETANIA",
				"GESTION" : "PUBLICA",
				"URL_FICHA" : "https://sig.caceres.es/serweb/fichasig/fichamovilidadreducida.php?mslink=1",
				"URL_FOTO" : "https://sig.caceres.es/fotosOriginales/MOVILIDAD/82_1_1.JPG",
				"URL_VIA" : "https://sig.caceres.es/serweb/fichasig/fichacalle.php?codigo=82",
				"WGS84_X" : -6.367025,
				"WGS84_Y" : 39.478026,
				"COORD_X" : 726467,
				"COORD_Y" : 4373135
			}
		},
		{
			"type" : "Feature",
			"geometry" : {
				"type" : "Point",
				"coordinates" : [ -6.367031477, 39.4778948217 ]
			},
			"properties" : {
				"NUCLEO" : "CACERES",
				"DISTRITO" : "CENTRO",
				"BARRIO" : "RIBERA DEL MARCO",
				"CODBARRIO" : 57,
				"CODIGO_VIA" : 82,
				"TIPO_VIA" : "CALLE",
				"NOMBRE_VIA" : "BETANIA",
				"GESTION" : "PUBLICA",
				"URL_FICHA" : "https://sig.caceres.es/serweb/fichasig/fichamovilidadreducida.php?mslink=2",
				"URL_FOTO" : "https://sig.caceres.es/fotosOriginales/MOVILIDAD/82_2_1.JPG",
				"URL_VIA" : "https://sig.caceres.es/serweb/fichasig/fichacalle.php?codigo=82",
				"WGS84_X" : -6.367031,
				"WGS84_Y" : 39.477895,
				"COORD_X" : 726467,
				"COORD_Y" : 4373121
			}
		},
		{
			"type" : "Feature",
			"geometry" : {
				"type" : "Point",
				"coordinates" : [ -6.3671134678, 39.4742947454 ]
			},
			"properties" : {
				"NUCLEO" : "CACERES",
				"DISTRITO" : "CENTRO",
				"BARRIO" : "SAN MARQUINO",
				"CODBARRIO" : 68,
				"CODIGO_VIA" : 1496,
				"TIPO_VIA" : "RONDA",
				"NOMBRE_VIA" : "FUENTE ROCHA",
				"NUMPOL" : "32",
				"GESTION" : "PUBLICA",
				"URL_FICHA" : "https://sig.caceres.es/serweb/fichasig/fichamovilidadreducida.php?mslink=3",
				"URL_FOTO" : "https://sig.caceres.es/fotosOriginales/MOVILIDAD/1496_1_1.JPG",
				"URL_VIA" : "https://sig.caceres.es/serweb/fichasig/fichacalle.php?codigo=1496",
				"WGS84_X" : -6.367113,
				"WGS84_Y" : 39.474295,
				"COORD_X" : 726472,
				"COORD_Y" : 4372721
			}
		},
		{
			"type" : "Feature",
			"geometry" : {
				"type" : "Point",
				"coordinates" : [ -6.3662894481, 39.4735500256 ]
			},
			"properties" : {
				"NUCLEO" : "CACERES",
				"DISTRITO" : "CENTRO",
				"BARRIO" : "SAN MARQUINO",
				"CODBARRIO" : 68,
				"CODIGO_VIA" : 520,
				"TIPO_VIA" : "CALLE",
				"NOMBRE_VIA" : "URANO",
				"NUMPOL" : "14",
				"GESTION" : "PUBLICA",
				"URL_FICHA" : "https://sig.caceres.es/serweb/fichasig/fichamovilidadreducida.php?mslink=4",
				"URL_FOTO" : "https://sig.caceres.es/fotosOriginales/MOVILIDAD/520_1_1.JPG",
				"URL_VIA" : "https://sig.caceres.es/serweb/fichasig/fichacalle.php?codigo=520",
				"WGS84_X" : -6.366289,
				"WGS84_Y" : 39.47355,
				"COORD_X" : 726545,
				"COORD_Y" : 4372640
			}
		},
		{
			"type" : "Feature",
			"geometry" : {
				"type" : "Point",
				"coordinates" : [ -6.366280668, 39.4725533771 ]
			},
			"properties" : {
				"NUCLEO" : "CACERES",
				"DISTRITO" : "CENTRO",
				"BARRIO" : "SAN MARQUINO",
				"CODBARRIO" : 68,
				"CODIGO_VIA" : 530,
				"TIPO_VIA" : "CALLE",
				"NOMBRE_VIA" : "VENUS",
				"GESTION" : "PUBLICA",
				"URL_FICHA" : "https://sig.caceres.es/serweb/fichasig/fichamovilidadreducida.php?mslink=5",
				"URL_FOTO" : "https://sig.caceres.es/fotosOriginales/MOVILIDAD/530_1_1.JPG",
				"URL_VIA" : "https://sig.caceres.es/serweb/fichasig/fichacalle.php?codigo=530",
				"WGS84_X" : -6.366281,
				"WGS84_Y" : 39.472553,
				"COORD_X" : 726549,
				"COORD_Y" : 4372530
			}
		},
		{
			"type" : "Feature",
			"geometry" : {
				"type" : "Point",
				"coordinates" : [ -6.3658461352, 39.4746928677 ]
			},
			"properties" : {
				"NUCLEO" : "CACERES",
				"DISTRITO" : "CENTRO",
				"BARRIO" : "SAN MARQUINO",
				"CODBARRIO" : 68,
				"CODIGO_VIA" : 220,
				"TIPO_VIA" : "CALLE",
				"NOMBRE_VIA" : "GENEROSIDAD",
				"NUMPOL" : "8",
				"F_CREACION" : "21/07/2017",
				"F_REPINTAD" : "21/07/2017",
				"GESTION" : "PUBLICA",
				"URL_FICHA" : "https://sig.caceres.es/serweb/fichasig/fichamovilidadreducida.php?mslink=542",
				"URL_FOTO" : "https://sig.caceres.es/fotosOriginales/MOVILIDAD/220_8_1.JPG",
				"URL_VIA" : "https://sig.caceres.es/serweb/fichasig/fichacalle.php?codigo=220",
				"WGS84_X" : -6.365846,
				"WGS84_Y" : 39.474693,
				"COORD_X" : 726580,
				"COORD_Y" : 4372768
			}
		},
		{
			"type" : "Feature",
			"geometry" : {
				"type" : "Point",
				"coordinates" : [ -6.3655235971, 39.4645956401 ]
			},
			"properties" : {
				"NUCLEO" : "CACERES",
				"DISTRITO" : "CENTRO",
				"BARRIO" : "SAN FRANCISCO",
				"CODBARRIO" : 64,
				"CODIGO_VIA" : 3957,
				"TIPO_VIA" : "CALLE",
				"NOMBRE_VIA" : "MADRE DE LA RIBERA",
				"GESTION" : "PUBLICA",
				"URL_FICHA" : "https://sig.caceres.es/serweb/fichasig/fichamovilidadreducida.php?mslink=6",
				"URL_FOTO" : "https://sig.caceres.es/fotosOriginales/MOVILIDAD/3957_1_1.JPG",
				"URL_VIA" : "https://sig.caceres.es/serweb/fichasig/fichacalle.php?codigo=3957",
				"WGS84_X" : -6.365524,
				"WGS84_Y" : 39.464596,
				"COORD_X" : 726640,
				"COORD_Y" : 4371648
			}
		},
		{
			"type" : "Feature",
			"geometry" : {
				"type" : "Point",
				"coordinates" : [ -6.3655261158, 39.4645524208 ]
			},
			"properties" : {
				"NUCLEO" : "CACERES",
				"DISTRITO" : "CENTRO",
				"BARRIO" : "SAN FRANCISCO",
				"CODBARRIO" : 64,
				"CODIGO_VIA" : 3957,
				"TIPO_VIA" : "CALLE",
				"NOMBRE_VIA" : "MADRE DE LA RIBERA",
				"GESTION" : "PUBLICA",
				"URL_FICHA" : "https://sig.caceres.es/serweb/fichasig/fichamovilidadreducida.php?mslink=7",
				"URL_FOTO" : "https://sig.caceres.es/fotosOriginales/MOVILIDAD/3957_1_1.JPG",
				"URL_VIA" : "https://sig.caceres.es/serweb/fichasig/fichacalle.php?codigo=3957",
				"WGS84_X" : -6.365526,
				"WGS84_Y" : 39.464552,
				"COORD_X" : 726640,
				"COORD_Y" : 4371644
			}
		},
		{
			"type" : "Feature",
			"geometry" : {
				"type" : "Point",
				"coordinates" : [ -6.3655288173, 39.4645064489 ]
			},
			"properties" : {
				"NUCLEO" : "CACERES",
				"DISTRITO" : "CENTRO",
				"BARRIO" : "SAN FRANCISCO",
				"CODBARRIO" : 64,
				"CODIGO_VIA" : 3957,
				"TIPO_VIA" : "CALLE",
				"NOMBRE_VIA" : "MADRE DE LA RIBERA",
				"GESTION" : "PUBLICA",
				"URL_FICHA" : "https://sig.caceres.es/serweb/fichasig/fichamovilidadreducida.php?mslink=8",
				"URL_FOTO" : "https://sig.caceres.es/fotosOriginales/MOVILIDAD/3957_1_1.JPG",
				"URL_VIA" : "https://sig.caceres.es/serweb/fichasig/fichacalle.php?codigo=3957",
				"WGS84_X" : -6.365529,
				"WGS84_Y" : 39.464506,
				"COORD_X" : 726640,
				"COORD_Y" : 4371638
			}
		},
		{
			"type" : "Feature",
			"geometry" : {
				"type" : "Point",
				"coordinates" : [ -6.3655312843, 39.4644610564 ]
			},
			"properties" : {
				"NUCLEO" : "CACERES",
				"DISTRITO" : "CENTRO",
				"BARRIO" : "SAN FRANCISCO",
				"CODBARRIO" : 64,
				"CODIGO_VIA" : 3957,
				"TIPO_VIA" : "CALLE",
				"NOMBRE_VIA" : "MADRE DE LA RIBERA",
				"GESTION" : "PUBLICA",
				"URL_FICHA" : "https://sig.caceres.es/serweb/fichasig/fichamovilidadreducida.php?mslink=9",
				"URL_FOTO" : "https://sig.caceres.es/fotosOriginales/MOVILIDAD/3957_1_1.JPG",
				"URL_VIA" : "https://sig.caceres.es/serweb/fichasig/fichacalle.php?codigo=3957",
				"WGS84_X" : -6.365531,
				"WGS84_Y" : 39.464461,
				"COORD_X" : 726640,
				"COORD_Y" : 4371633
			}
		},
		{
			"type" : "Feature",
			"geometry" : {
				"type" : "Point",
				"coordinates" : [ -6.3664982002, 39.4664840117 ]
			},
			"properties" : {
				"NUCLEO" : "CACERES",
				"DISTRITO" : "CENTRO",
				"BARRIO" : "SAN FRANCISCO",
				"CODBARRIO" : 64,
				"CODIGO_VIA" : 3957,
				"TIPO_VIA" : "CALLE",
				"NOMBRE_VIA" : "MADRE DE LA RIBERA",
				"NUMPOL" : "5",
				"GESTION" : "PUBLICA",
				"URL_FICHA" : "https://sig.caceres.es/serweb/fichasig/fichamovilidadreducida.php?mslink=10",
				"URL_FOTO" : "https://sig.caceres.es/fotosOriginales/MOVILIDAD/3957_2_1.JPG",
				"URL_VIA" : "https://sig.caceres.es/serweb/fichasig/fichacalle.php?codigo=3957",
				"WGS84_X" : -6.366498,
				"WGS84_Y" : 39.466484,
				"COORD_X" : 726550,
				"COORD_Y" : 4371856
			}
		},
		{
			"type" : "Feature",
			"geometry" : {
				"type" : "Point",
				"coordinates" : [ -6.3671050264, 39.4636607829 ]
			},
			"properties" : {
				"NUCLEO" : "CACERES",
				"DISTRITO" : "CENTRO",
				"BARRIO" : "SAN FRANCISCO",
				"CODBARRIO" : 64,
				"CODIGO_VIA" : 1427,
				"TIPO_VIA" : "RONDA",
				"NOMBRE_VIA" : "DE SAN FRANCISCO",
				"GESTION" : "PUBLICA",
				"URL_FICHA" : "https://sig.caceres.es/serweb/fichasig/fichamovilidadreducida.php?mslink=11",
				"URL_FOTO" : "https://sig.caceres.es/fotosOriginales/MOVILIDAD/1427_6_1.JPG",
				"URL_VIA" : "https://sig.caceres.es/serweb/fichasig/fichacalle.php?codigo=1427",
				"WGS84_X" : -6.367105,
				"WGS84_Y" : 39.463661,
				"COORD_X" : 726507,
				"COORD_Y" : 4371541
			}
		},
		{
			"type" : "Feature",
			"geometry" : {
				"type" : "Point",
				"coordinates" : [ -6.3674565561, 39.4671103661 ]
			},
			"properties" : {
				"NUCLEO" : "CACERES",
				"DISTRITO" : "CENTRO",
				"BARRIO" : "SAN FRANCISCO",
				"CODBARRIO" : 64,
				"CODIGO_VIA" : 1427,
				"TIPO_VIA" : "RONDA",
				"NOMBRE_VIA" : "DE SAN FRANCISCO",
				"GESTION" : "PUBLICA",
				"URL_FICHA" : "https://sig.caceres.es/serweb/fichasig/fichamovilidadreducida.php?mslink=12",
				"URL_FOTO" : "https://sig.caceres.es/fotosOriginales/MOVILIDAD/1427_3_1.JPG",
				"URL_VIA" : "https://sig.caceres.es/serweb/fichasig/fichacalle.php?codigo=1427",
				"WGS84_X" : -6.367457,
				"WGS84_Y" : 39.46711,
				"COORD_X" : 726466,
				"COORD_Y" : 4371923
			}
		},
		{
			"type" : "Feature",
			"geometry" : {
				"type" : "Point",
				"coordinates" : [ -6.367801298, 39.466750434 ]
			},
			"properties" : {
				"NUCLEO" : "CACERES",
				"DISTRITO" : "CENTRO",
				"BARRIO" : "SAN FRANCISCO",
				"CODBARRIO" : 64,
				"CODIGO_VIA" : 1427,
				"TIPO_VIA" : "RONDA",
				"NOMBRE_VIA" : "DE SAN FRANCISCO",
				"GESTION" : "PUBLICA",
				"URL_FICHA" : "https://sig.caceres.es/serweb/fichasig/fichamovilidadreducida.php?mslink=13",
				"URL_FOTO" : "https://sig.caceres.es/fotosOriginales/MOVILIDAD/1427_2_1.JPG",
				"URL_VIA" : "https://sig.caceres.es/serweb/fichasig/fichacalle.php?codigo=1427",
				"WGS84_X" : -6.367801,
				"WGS84_Y" : 39.46675,
				"COORD_X" : 726437,
				"COORD_Y" : 4371882
			}
		},
		{
			"type" : "Feature",
			"geometry" : {
				"type" : "Point",
				"coordinates" : [ -6.3675302892, 39.4671398771 ]
			},
			"properties" : {
				"NUCLEO" : "CACERES",
				"DISTRITO" : "CENTRO",
				"BARRIO" : "SAN FRANCISCO",
				"CODBARRIO" : 64,
				"CODIGO_VIA" : 1427,
				"TIPO_VIA" : "RONDA",
				"NOMBRE_VIA" : "DE SAN FRANCISCO",
				"GESTION" : "PUBLICA",
				"URL_FICHA" : "https://sig.caceres.es/serweb/fichasig/fichamovilidadreducida.php?mslink=14",
				"URL_FOTO" : "https://sig.caceres.es/fotosOriginales/MOVILIDAD/1427_3_1.JPG",
				"URL_VIA" : "https://sig.caceres.es/serweb/fichasig/fichacalle.php?codigo=1427",
				"WGS84_X" : -6.36753,
				"WGS84_Y" : 39.46714,
				"COORD_X" : 726459,
				"COORD_Y" : 4371926
			}
		},
		{
			"type" : "Feature",
			"geometry" : {
				"type" : "Point",
				"coordinates" : [ -6.367919061, 39.4671706965 ]
			},
			"properties" : {
				"NUCLEO" : "CACERES",
				"DISTRITO" : "CENTRO",
				"BARRIO" : "SAN FRANCISCO",
				"CODBARRIO" : 64,
				"CODIGO_VIA" : 1427,
				"TIPO_VIA" : "RONDA",
				"NOMBRE_VIA" : "DE SAN FRANCISCO",
				"GESTION" : "PUBLICA",
				"URL_FICHA" : "https://sig.caceres.es/serweb/fichasig/fichamovilidadreducida.php?mslink=513",
				"URL_FOTO" : "https://sig.caceres.es/fotosOriginales/MOVILIDAD/1427_6_1.JPG",
				"URL_VIA" : "https://sig.caceres.es/serweb/fichasig/fichacalle.php?codigo=1427",
				"WGS84_X" : -6.367919,
				"WGS84_Y" : 39.467171,
				"COORD_X" : 726426,
				"COORD_Y" : 4371928
			}
		},
		{
			"type" : "Feature",
			"geometry" : {
				"type" : "Point",
				"coordinates" : [ -6.366900439, 39.4671190686 ]
			},
			"properties" : {
				"NUCLEO" : "CACERES",
				"DISTRITO" : "CENTRO",
				"BARRIO" : "SAN FRANCISCO",
				"CODBARRIO" : 64,
				"CODIGO_VIA" : 1427,
				"TIPO_VIA" : "RONDA",
				"NOMBRE_VIA" : "DE SAN FRANCISCO",
				"GESTION" : "PUBLICA",
				"URL_FICHA" : "https://sig.caceres.es/serweb/fichasig/fichamovilidadreducida.php?mslink=581",
				"URL_VIA" : "https://sig.caceres.es/serweb/fichasig/fichacalle.php?codigo=1427",
				"WGS84_X" : -6.3669,
				"WGS84_Y" : 39.467119,
				"COORD_X" : 726513,
				"COORD_Y" : 4371925
			}
		},
		{
			"type" : "Feature",
			"geometry" : {
				"type" : "Point",
				"coordinates" : [ -6.3669542713, 39.4673549515 ]
			},
			"properties" : {
				"NUCLEO" : "CACERES",
				"DISTRITO" : "CENTRO",
				"BARRIO" : "SAN FRANCISCO",
				"CODBARRIO" : 64,
				"CODIGO_VIA" : 1427,
				"TIPO_VIA" : "RONDA",
				"NOMBRE_VIA" : "DE SAN FRANCISCO",
				"GESTION" : "PUBLICA",
				"URL_FICHA" : "https://sig.caceres.es/serweb/fichasig/fichamovilidadreducida.php?mslink=582",
				"URL_FOTO" : "https://sig.caceres.es/fotosOriginales/MOVILIDAD/1427_14_1.JPG",
				"URL_VIA" : "https://sig.caceres.es/serweb/fichasig/fichacalle.php?codigo=1427",
				"WGS84_X" : -6.366954,
				"WGS84_Y" : 39.467355,
				"COORD_X" : 726508,
				"COORD_Y" : 4371951
			}
		},
		{
			"type" : "Feature",
			"geometry" : {
				"type" : "Point",
				"coordinates" : [ -6.3669676324, 39.4673993624 ]
			},
			"properties" : {
				"NUCLEO" : "CACERES",
				"DISTRITO" : "CENTRO",
				"BARRIO" : "SAN FRANCISCO",
				"CODBARRIO" : 64,
				"CODIGO_VIA" : 1427,
				"TIPO_VIA" : "RONDA",
				"NOMBRE_VIA" : "DE SAN FRANCISCO",
				"GESTION" : "PUBLICA",
				"URL_FICHA" : "https://sig.caceres.es/serweb/fichasig/fichamovilidadreducida.php?mslink=583",
				"URL_FOTO" : "https://sig.caceres.es/fotosOriginales/MOVILIDAD/1427_13_1.JPG",
				"URL_VIA" : "https://sig.caceres.es/serweb/fichasig/fichacalle.php?codigo=1427",
				"WGS84_X" : -6.366968,
				"WGS84_Y" : 39.467399,
				"COORD_X" : 726507,
				"COORD_Y" : 4371956
			}
		},
		{
			"type" : "Feature",
			"geometry" : {
				"type" : "Point",
				"coordinates" : [ -6.3667575734, 39.4676886097 ]
			},
			"properties" : {
				"NUCLEO" : "CACERES",
				"DISTRITO" : "CENTRO",
				"BARRIO" : "SAN FRANCISCO",
				"CODBARRIO" : 64,
				"CODIGO_VIA" : 1427,
				"TIPO_VIA" : "RONDA",
				"NOMBRE_VIA" : "DE SAN FRANCISCO",
				"GESTION" : "PUBLICA",
				"URL_FICHA" : "https://sig.caceres.es/serweb/fichasig/fichamovilidadreducida.php?mslink=584",
				"URL_VIA" : "https://sig.caceres.es/serweb/fichasig/fichacalle.php?codigo=1427",
				"WGS84_X" : -6.366758,
				"WGS84_Y" : 39.467689,
				"COORD_X" : 726524,
				"COORD_Y" : 4371989
			}
		},
		{
			"type" : "Feature",
			"geometry" : {
				"type" : "Point",
				"coordinates" : [ -6.3671895479, 39.4679033399 ]
			},
			"properties" : {
				"NUCLEO" : "CACERES",
				"DISTRITO" : "CENTRO",
				"BARRIO" : "SAN FRANCISCO",
				"CODBARRIO" : 64,
				"CODIGO_VIA" : 1427,
				"TIPO_VIA" : "RONDA",
				"NOMBRE_VIA" : "DE SAN FRANCISCO",
				"GESTION" : "PUBLICA",
				"URL_FICHA" : "https://sig.caceres.es/serweb/fichasig/fichamovilidadreducida.php?mslink=585",
				"URL_FOTO" : "https://sig.caceres.es/fotosOriginales/MOVILIDAD/1427_12_1.JPG",
				"URL_VIA" : "https://sig.caceres.es/serweb/fichasig/fichacalle.php?codigo=1427",
				"WGS84_X" : -6.36719,
				"WGS84_Y" : 39.467903,
				"COORD_X" : 726486,
				"COORD_Y" : 4372011
			}
		},
		{
			"type" : "Feature",
			"geometry" : {
				"type" : "Point",
				"coordinates" : [ -6.3722360778, 39.4786690717 ]
			},
			"properties" : {
				"NUCLEO" : "CACERES",
				"DISTRITO" : "CENTRO",
				"BARRIO" : "SAN JUSTO",
				"CODBARRIO" : 67,
				"CODIGO_VIA" : 3423,
				"TIPO_VIA" : "PLAZA",
				"NOMBRE_VIA" : "8 DE SEPTIEMBRE",
				"NUMPOL" : "12",
				"F_REPINTAD" : "01/10/2023",
				"GESTION" : "PUBLICA",
				"URL_FICHA" : "https://sig.caceres.es/serweb/fichasig/fichamovilidadreducida.php?mslink=15",
				"URL_FOTO" : "https://sig.caceres.es/fotosOriginales/MOVILIDAD/3423_1_1.JPG",
				"URL_VIA" : "https://sig.caceres.es/serweb/fichasig/fichacalle.php?codigo=3423",
				"WGS84_X" : -6.372236,
				"WGS84_Y" : 39.478669,
				"COORD_X" : 726017,
				"COORD_Y" : 4373194
			}
		},
		{
			"type" : "Feature",
			"geometry" : {
				"type" : "Point",
				"coordinates" : [ -6.3730876973, 39.4786479941 ]
			},
			"properties" : {
				"NUCLEO" : "CACERES",
				"DISTRITO" : "CENTRO",
				"BARRIO" : "SAN JUSTO",
				"CODBARRIO" : 67,
				"CODIGO_VIA" : 441,
				"TIPO_VIA" : "CALLE",
				"NOMBRE_VIA" : "SAN JUSTO",
				"GESTION" : "PUBLICA",
				"URL_FICHA" : "https://sig.caceres.es/serweb/fichasig/fichamovilidadreducida.php?mslink=595",
				"URL_VIA" : "https://sig.caceres.es/serweb/fichasig/fichacalle.php?codigo=441",
				"WGS84_X" : -6.373088,
				"WGS84_Y" : 39.478648,
				"COORD_X" : 725944,
				"COORD_Y" : 4373189
			}
		},
		{
			"type" : "Feature",
			"geometry" : {
				"type" : "Point",
				"coordinates" : [ -6.3674833803, 39.4808766675 ]
			},
			"properties" : {
				"NUCLEO" : "CACERES",
				"DISTRITO" : "CENTRO",
				"BARRIO" : "SAN BLAS",
				"CODBARRIO" : 63,
				"CODIGO_VIA" : 284,
				"TIPO_VIA" : "CALLE",
				"NOMBRE_VIA" : "LOPE DE VEGA",
				"GESTION" : "PUBLICA",
				"URL_FICHA" : "https://sig.caceres.es/serweb/fichasig/fichamovilidadreducida.php?mslink=16",
				"URL_FOTO" : "https://sig.caceres.es/fotosOriginales/MOVILIDAD/284_1_1.JPG",
				"URL_VIA" : "https://sig.caceres.es/serweb/fichasig/fichacalle.php?codigo=284",
				"WGS84_X" : -6.367483,
				"WGS84_Y" : 39.480877,
				"COORD_X" : 726419,
				"COORD_Y" : 4373451
			}
		},
		{
			"type" : "Feature",
			"geometry" : {
				"type" : "Point",
				"coordinates" : [ -6.3674406113, 39.4808277638 ]
			},
			"properties" : {
				"NUCLEO" : "CACERES",
				"DISTRITO" : "CENTRO",
				"BARRIO" : "SAN BLAS",
				"CODBARRIO" : 63,
				"CODIGO_VIA" : 284,
				"TIPO_VIA" : "CALLE",
				"NOMBRE_VIA" : "LOPE DE VEGA",
				"GESTION" : "PUBLICA",
				"URL_FICHA" : "https://sig.caceres.es/serweb/fichasig/fichamovilidadreducida.php?mslink=17",
				"URL_FOTO" : "https://sig.caceres.es/fotosOriginales/MOVILIDAD/284_1_1.JPG",
				"URL_VIA" : "https://sig.caceres.es/serweb/fichasig/fichacalle.php?codigo=284",
				"WGS84_X" : -6.367441,
				"WGS84_Y" : 39.480828,
				"COORD_X" : 726422,
				"COORD_Y" : 4373445
			}
		},
		{
			"type" : "Feature",
			"geometry" : {
				"type" : "Point",
				"coordinates" : [ -6.3707654805, 39.4781532979 ]
			},
			"properties" : {
				"NUCLEO" : "CACERES",
				"DISTRITO" : "NORTE",
				"BARRIO" : "SAN JUSTO",
				"CODBARRIO" : 63,
				"CODIGO_VIA" : 3419,
				"TIPO_VIA" : "CALLE",
				"NOMBRE_VIA" : "NARCISO PUIG MEJIAS",
				"NUMPOL" : "5",
				"F_CREACION" : "03/04/2017",
				"F_REPINTAD" : "03/04/2017",
				"GESTION" : "PUBLICA",
				"URL_FICHA" : "https://sig.caceres.es/serweb/fichasig/fichamovilidadreducida.php?mslink=540",
				"URL_FOTO" : "https://sig.caceres.es/fotosOriginales/MOVILIDAD/3419_1_1.JPG",
				"URL_VIA" : "https://sig.caceres.es/serweb/fichasig/fichacalle.php?codigo=3419",
				"WGS84_X" : -6.370765,
				"WGS84_Y" : 39.478153,
				"COORD_X" : 726145,
				"COORD_Y" : 4373140
			}
		},
		{
			"type" : "Feature",
			"geometry" : {
				"type" : "Point",
				"coordinates" : [ -6.3698483909, 39.4771420138 ]
			},
			"properties" : {
				"NUCLEO" : "CACERES",
				"DISTRITO" : "CENTRO",
				"BARRIO" : "SANTIAGO",
				"CODBARRIO" : 70,
				"CODIGO_VIA" : 285,
				"TIPO_VIA" : "CALLE",
				"NOMBRE_VIA" : "LUIS GRANDE BAUDESSON",
				"GESTION" : "PUBLICA",
				"URL_FICHA" : "https://sig.caceres.es/serweb/fichasig/fichamovilidadreducida.php?mslink=18",
				"URL_FOTO" : "https://sig.caceres.es/fotosOriginales/MOVILIDAD/285_1_1.JPG",
				"URL_VIA" : "https://sig.caceres.es/serweb/fichasig/fichacalle.php?codigo=285",
				"WGS84_X" : -6.369848,
				"WGS84_Y" : 39.477142,
				"COORD_X" : 726227,
				"COORD_Y" : 4373030
			}
		},
		{
			"type" : "Feature",
			"geometry" : {
				"type" : "Point",
				"coordinates" : [ -6.3764690482, 39.4730172841 ]
			},
			"properties" : {
				"NUCLEO" : "CACERES",
				"DISTRITO" : "CENTRO",
				"BARRIO" : "SAN JUAN",
				"CODBARRIO" : 66,
				"CODIGO_VIA" : 3415,
				"TIPO_VIA" : "CALLE",
				"NOMBRE_VIA" : "COMANDANTE SANCHEZ HERRERO",
				"NUMPOL" : "4",
				"GESTION" : "PUBLICA",
				"URL_FICHA" : "https://sig.caceres.es/serweb/fichasig/fichamovilidadreducida.php?mslink=19",
				"URL_FOTO" : "https://sig.caceres.es/fotosOriginales/MOVILIDAD/3415_1_1.JPG",
				"URL_VIA" : "https://sig.caceres.es/serweb/fichasig/fichacalle.php?codigo=3415",
				"WGS84_X" : -6.376469,
				"WGS84_Y" : 39.473017,
				"COORD_X" : 725671,
				"COORD_Y" : 4372556
			}
		},
		{
			"type" : "Feature",
			"geometry" : {
				"type" : "Point",
				"coordinates" : [ -6.3765112535, 39.4730339715 ]
			},
			"properties" : {
				"NUCLEO" : "CACERES",
				"DISTRITO" : "CENTRO",
				"BARRIO" : "SAN JUAN",
				"CODBARRIO" : 66,
				"CODIGO_VIA" : 3415,
				"TIPO_VIA" : "CALLE",
				"NOMBRE_VIA" : "COMANDANTE SANCHEZ HERRERO",
				"NUMPOL" : "4",
				"GESTION" : "PUBLICA",
				"URL_FICHA" : "https://sig.caceres.es/serweb/fichasig/fichamovilidadreducida.php?mslink=20",
				"URL_FOTO" : "https://sig.caceres.es/fotosOriginales/MOVILIDAD/3415_1_1.JPG",
				"URL_VIA" : "https://sig.caceres.es/serweb/fichasig/fichacalle.php?codigo=3415",
				"WGS84_X" : -6.376511,
				"WGS84_Y" : 39.473034,
				"COORD_X" : 725667,
				"COORD_Y" : 4372557
			}
		},
		{
			"type" : "Feature",
			"geometry" : {
				"type" : "Point",
				"coordinates" : [ -6.3762385048, 39.4734468671 ]
			},
			"properties" : {
				"NUCLEO" : "CACERES",
				"DISTRITO" : "CENTRO",
				"BARRIO" : "SAN JUAN",
				"CODBARRIO" : 66,
				"CODIGO_VIA" : 114,
				"TIPO_VIA" : "CALLE",
				"NOMBRE_VIA" : "CASAS DE COTALLO",
				"NUMPOL" : "7",
				"GESTION" : "PUBLICA",
				"URL_FICHA" : "https://sig.caceres.es/serweb/fichasig/fichamovilidadreducida.php?mslink=21",
				"URL_FOTO" : "https://sig.caceres.es/fotosOriginales/MOVILIDAD/114_1_1.JPG",
				"URL_VIA" : "https://sig.caceres.es/serweb/fichasig/fichacalle.php?codigo=114",
				"WGS84_X" : -6.376239,
				"WGS84_Y" : 39.473447,
				"COORD_X" : 725690,
				"COORD_Y" : 4372604
			}
		},
		{
			"type" : "Feature",
			"geometry" : {
				"type" : "Point",
				"coordinates" : [ -6.3742511386, 39.4749703603 ]
			},
			"properties" : {
				"NUCLEO" : "CACERES",
				"DISTRITO" : "CENTRO",
				"BARRIO" : "SAN JUAN",
				"CODBARRIO" : 66,
				"CODIGO_VIA" : 372,
				"TIPO_VIA" : "CALLE",
				"NOMBRE_VIA" : "PEDRO CORBACHO",
				"NUMPOL" : "13",
				"F_CREACION" : "03/04/2017",
				"F_REPINTAD" : "03/04/2017",
				"GESTION" : "PUBLICA",
				"URL_FICHA" : "https://sig.caceres.es/serweb/fichasig/fichamovilidadreducida.php?mslink=541",
				"WGS84_X" : -6.374251,
				"WGS84_Y" : 39.47497,
				"COORD_X" : 725856,
				"COORD_Y" : 4372778
			}
		},
		{
			"type" : "Feature",
			"geometry" : {
				"type" : "Point",
				"coordinates" : [ -6.3738694841, 39.4743510254 ]
			},
			"properties" : {
				"NUCLEO" : "CACERES",
				"DISTRITO" : "CENTRO",
				"BARRIO" : "SAN JUAN",
				"CODBARRIO" : 66,
				"CODIGO_VIA" : 368,
				"TIPO_VIA" : "CALLE",
				"NOMBRE_VIA" : "PARRAS",
				"NUMPOL" : "21",
				"GESTION" : "PUBLICA",
				"URL_FICHA" : "https://sig.caceres.es/serweb/fichasig/fichamovilidadreducida.php?mslink=591",
				"URL_VIA" : "https://sig.caceres.es/serweb/fichasig/fichacalle.php?codigo=368",
				"WGS84_X" : -6.373869,
				"WGS84_Y" : 39.474351,
				"COORD_X" : 725890,
				"COORD_Y" : 4372710
			}
		},
		{
			"type" : "Feature",
			"geometry" : {
				"type" : "Point",
				"coordinates" : [ -6.3750603722, 39.4753039122 ]
			},
			"properties" : {
				"NUCLEO" : "CACERES",
				"DISTRITO" : "CENTRO",
				"BARRIO" : "SAN JUAN",
				"CODBARRIO" : 66,
				"CODIGO_VIA" : 122,
				"TIPO_VIA" : "CALLE",
				"NOMBRE_VIA" : "CERES",
				"NUMPOL" : "5",
				"GESTION" : "PUBLICA",
				"URL_FICHA" : "https://sig.caceres.es/serweb/fichasig/fichamovilidadreducida.php?mslink=594",
				"URL_VIA" : "https://sig.caceres.es/serweb/fichasig/fichacalle.php?codigo=122",
				"WGS84_X" : -6.37506,
				"WGS84_Y" : 39.475304,
				"COORD_X" : 725785,
				"COORD_Y" : 4372813
			}
		},
		{
			"type" : "Feature",
			"geometry" : {
				"type" : "Point",
				"coordinates" : [ -6.3747545846, 39.4743139575 ]
			},
			"properties" : {
				"NUCLEO" : "CACERES",
				"DISTRITO" : "CENTRO",
				"BARRIO" : "SAN JUAN",
				"CODBARRIO" : 66,
				"CODIGO_VIA" : 3234,
				"TIPO_VIA" : "CALLE",
				"NOMBRE_VIA" : "SANCHEZ",
				"NUMPOL" : "3",
				"F_CREACION" : "19/1/2023",
				"GESTION" : "PUBLICA",
				"URL_FICHA" : "https://sig.caceres.es/serweb/fichasig/fichamovilidadreducida.php?mslink=644",
				"URL_VIA" : "https://sig.caceres.es/serweb/fichasig/fichacalle.php?codigo=3234",
				"WGS84_X" : -6.374755,
				"WGS84_Y" : 39.474314,
				"COORD_X" : 725814,
				"COORD_Y" : 4372704
			}
		},
		{
			"type" : "Feature",
			"geometry" : {
				"type" : "Point",
				"coordinates" : [ -6.3726314275, 39.4730861089 ]
			},
			"properties" : {
				"NUCLEO" : "CACERES",
				"DISTRITO" : "CENTRO",
				"BARRIO" : "SANTA CLARA",
				"CODBARRIO" : 69,
				"CODIGO_VIA" : 391,
				"TIPO_VIA" : "CALLE",
				"NOMBRE_VIA" : "POSTIGO",
				"GESTION" : "PUBLICA",
				"URL_FICHA" : "https://sig.caceres.es/serweb/fichasig/fichamovilidadreducida.php?mslink=26",
				"URL_FOTO" : "https://sig.caceres.es/fotosOriginales/MOVILIDAD/391_1_1.JPG",
				"URL_VIA" : "https://sig.caceres.es/serweb/fichasig/fichacalle.php?codigo=391",
				"WGS84_X" : -6.372631,
				"WGS84_Y" : 39.473086,
				"COORD_X" : 726001,
				"COORD_Y" : 4372573
			}
		},
		{
			"type" : "Feature",
			"geometry" : {
				"type" : "Point",
				"coordinates" : [ -6.37374416, 39.4713880065 ]
			},
			"properties" : {
				"NUCLEO" : "CACERES",
				"DISTRITO" : "CENTRO",
				"BARRIO" : "SANTA CLARA",
				"CODBARRIO" : 69,
				"CODIGO_VIA" : 611,
				"TIPO_VIA" : "CALLE",
				"NOMBRE_VIA" : "CAMINO LLANO",
				"GESTION" : "PUBLICA",
				"URL_FICHA" : "https://sig.caceres.es/serweb/fichasig/fichamovilidadreducida.php?mslink=27",
				"URL_FOTO" : "https://sig.caceres.es/fotosOriginales/MOVILIDAD/611_1_1.JPG",
				"URL_VIA" : "https://sig.caceres.es/serweb/fichasig/fichacalle.php?codigo=611",
				"WGS84_X" : -6.373744,
				"WGS84_Y" : 39.471388,
				"COORD_X" : 725911,
				"COORD_Y" : 4372382
			}
		},
		{
			"type" : "Feature",
			"geometry" : {
				"type" : "Point",
				"coordinates" : [ -6.3733999473, 39.4711221573 ]
			},
			"properties" : {
				"NUCLEO" : "CACERES",
				"DISTRITO" : "CENTRO",
				"BARRIO" : "SANTA CLARA",
				"CODBARRIO" : 69,
				"CODIGO_VIA" : 611,
				"TIPO_VIA" : "CALLE",
				"NOMBRE_VIA" : "CAMINO LLANO",
				"NUMPOL" : "36",
				"F_CREACION" : "24/04/2017",
				"F_REPINTAD" : "24/04/2017",
				"GESTION" : "PUBLICA",
				"URL_FICHA" : "https://sig.caceres.es/serweb/fichasig/fichamovilidadreducida.php?mslink=534",
				"URL_FOTO" : "https://sig.caceres.es/fotosOriginales/MOVILIDAD/611_2_1.JPG",
				"URL_VIA" : "https://sig.caceres.es/serweb/fichasig/fichacalle.php?codigo=611",
				"WGS84_X" : -6.3734,
				"WGS84_Y" : 39.471122,
				"COORD_X" : 725941,
				"COORD_Y" : 4372353
			}
		},
		{
			"type" : "Feature",
			"geometry" : {
				"type" : "Point",
				"coordinates" : [ -6.3702968382, 39.4712003621 ]
			},
			"properties" : {
				"NUCLEO" : "CACERES",
				"DISTRITO" : "CENTRO",
				"BARRIO" : "SANTA CLARA",
				"CODBARRIO" : 69,
				"CODIGO_VIA" : 433,
				"TIPO_VIA" : "CALLE",
				"NOMBRE_VIA" : "SAN ILDEFONSO",
				"NUMPOL" : "1",
				"GESTION" : "PUBLICA",
				"URL_FICHA" : "https://sig.caceres.es/serweb/fichasig/fichamovilidadreducida.php?mslink=639",
				"URL_FOTO" : "https://sig.caceres.es/fotosOriginales/MOVILIDAD/433_1_1.JPG",
				"URL_VIA" : "https://sig.caceres.es/serweb/fichasig/fichacalle.php?codigo=433",
				"WGS84_X" : -6.370297,
				"WGS84_Y" : 39.4712,
				"COORD_X" : 726208,
				"COORD_Y" : 4372370
			}
		},
		{
			"type" : "Feature",
			"geometry" : {
				"type" : "Point",
				"coordinates" : [ -6.3794544787, 39.4766035777 ]
			},
			"properties" : {
				"NUCLEO" : "CACERES",
				"DISTRITO" : "CENTRO",
				"BARRIO" : "HERNAN CORTES",
				"CODBARRIO" : 23,
				"CODIGO_VIA" : 2456,
				"TIPO_VIA" : "AVDA",
				"NOMBRE_VIA" : "HERNAN CORTES",
				"GESTION" : "PUBLICA",
				"URL_FICHA" : "https://sig.caceres.es/serweb/fichasig/fichamovilidadreducida.php?mslink=28",
				"URL_FOTO" : "https://sig.caceres.es/fotosOriginales/MOVILIDAD/2456_1_1.JPG",
				"URL_VIA" : "https://sig.caceres.es/serweb/fichasig/fichacalle.php?codigo=2456",
				"WGS84_X" : -6.379454,
				"WGS84_Y" : 39.476604,
				"COORD_X" : 725403,
				"COORD_Y" : 4372946
			}
		},
		{
			"type" : "Feature",
			"geometry" : {
				"type" : "Point",
				"coordinates" : [ -6.3791648215, 39.4752542547 ]
			},
			"properties" : {
				"NUCLEO" : "CACERES",
				"DISTRITO" : "CENTRO",
				"BARRIO" : "HERNAN CORTES",
				"CODBARRIO" : 23,
				"CODIGO_VIA" : 2456,
				"TIPO_VIA" : "AVDA",
				"NOMBRE_VIA" : "HERNAN CORTES",
				"GESTION" : "PUBLICA",
				"URL_FICHA" : "https://sig.caceres.es/serweb/fichasig/fichamovilidadreducida.php?mslink=29",
				"URL_FOTO" : "https://sig.caceres.es/fotosOriginales/MOVILIDAD/2456_2_1.JPG",
				"URL_VIA" : "https://sig.caceres.es/serweb/fichasig/fichacalle.php?codigo=2456",
				"WGS84_X" : -6.379165,
				"WGS84_Y" : 39.475254,
				"COORD_X" : 725432,
				"COORD_Y" : 4372797
			}
		},
		{
			"type" : "Feature",
			"geometry" : {
				"type" : "Point",
				"coordinates" : [ -6.3792349775, 39.4772684029 ]
			},
			"properties" : {
				"NUCLEO" : "CACERES",
				"DISTRITO" : "CENTRO",
				"BARRIO" : "HERNAN CORTES",
				"CODBARRIO" : 23,
				"CODIGO_VIA" : 2456,
				"TIPO_VIA" : "AVDA",
				"NOMBRE_VIA" : "HERNAN CORTES",
				"GESTION" : "PUBLICA",
				"URL_FICHA" : "https://sig.caceres.es/serweb/fichasig/fichamovilidadreducida.php?mslink=30",
				"URL_FOTO" : "https://sig.caceres.es/fotosOriginales/MOVILIDAD/2456_3_1.JPG",
				"URL_VIA" : "https://sig.caceres.es/serweb/fichasig/fichacalle.php?codigo=2456",
				"WGS84_X" : -6.379235,
				"WGS84_Y" : 39.477268,
				"COORD_X" : 725419,
				"COORD_Y" : 4373021
			}
		},
		{
			"type" : "Feature",
			"geometry" : {
				"type" : "Point",
				"coordinates" : [ -6.3784508736, 39.4736460596 ]
			},
			"properties" : {
				"NUCLEO" : "CACERES",
				"DISTRITO" : "CENTRO",
				"BARRIO" : "HERNAN CORTES",
				"CODBARRIO" : 23,
				"CODIGO_VIA" : 3559,
				"TIPO_VIA" : "CALLE",
				"NOMBRE_VIA" : "FRAY BARTOLOME DE LAS CASAS",
				"GESTION" : "PUBLICA",
				"URL_FICHA" : "https://sig.caceres.es/serweb/fichasig/fichamovilidadreducida.php?mslink=31",
				"URL_FOTO" : "https://sig.caceres.es/fotosOriginales/MOVILIDAD/3559_1_1.JPG",
				"URL_VIA" : "https://sig.caceres.es/serweb/fichasig/fichacalle.php?codigo=3559",
				"WGS84_X" : -6.378451,
				"WGS84_Y" : 39.473646,
				"COORD_X" : 725499,
				"COORD_Y" : 4372621
			}
		},
		{
			"type" : "Feature",
			"geometry" : {
				"type" : "Point",
				"coordinates" : [ -6.3784542549, 39.4736925375 ]
			},
			"properties" : {
				"NUCLEO" : "CACERES",
				"DISTRITO" : "CENTRO",
				"BARRIO" : "HERNAN CORTES",
				"CODBARRIO" : 23,
				"CODIGO_VIA" : 3559,
				"TIPO_VIA" : "CALLE",
				"NOMBRE_VIA" : "FRAY BARTOLOME DE LAS CASAS",
				"NUMPOL" : "1",
				"F_CREACION" : "23/6/22",
				"GESTION" : "PUBLICA",
				"URL_FICHA" : "https://sig.caceres.es/serweb/fichasig/fichamovilidadreducida.php?mslink=636",
				"URL_FOTO" : "https://sig.caceres.es/fotosOriginales/MOVILIDAD/3559_2_1.JPG",
				"URL_VIA" : "https://sig.caceres.es/serweb/fichasig/fichacalle.php?codigo=3559",
				"WGS84_X" : -6.378454,
				"WGS84_Y" : 39.473693,
				"COORD_X" : 725498,
				"COORD_Y" : 4372626
			}
		},
		{
			"type" : "Feature",
			"geometry" : {
				"type" : "Point",
				"coordinates" : [ -6.3752377614, 39.478169698 ]
			},
			"properties" : {
				"NUCLEO" : "CACERES",
				"DISTRITO" : "CENTRO",
				"BARRIO" : "PEÑA REDONDA",
				"CODBARRIO" : 51,
				"CODIGO_VIA" : 306,
				"TIPO_VIA" : "CALLE",
				"NOMBRE_VIA" : "MARTIN CEREZO",
				"NUMPOL" : "7",
				"GESTION" : "PUBLICA",
				"URL_FICHA" : "https://sig.caceres.es/serweb/fichasig/fichamovilidadreducida.php?mslink=33",
				"URL_FOTO" : "https://sig.caceres.es/fotosOriginales/MOVILIDAD/306_1_1.JPG",
				"URL_VIA" : "https://sig.caceres.es/serweb/fichasig/fichacalle.php?codigo=306",
				"WGS84_X" : -6.375238,
				"WGS84_Y" : 39.47817,
				"COORD_X" : 725760,
				"COORD_Y" : 4373131
			}
		},
		{
			"type" : "Feature",
			"geometry" : {
				"type" : "Point",
				"coordinates" : [ -6.3770269424, 39.4772267828 ]
			},
			"properties" : {
				"NUCLEO" : "CACERES",
				"DISTRITO" : "CENTRO",
				"BARRIO" : "PEÑA REDONDA",
				"CODBARRIO" : 51,
				"CODIGO_VIA" : 1452,
				"TIPO_VIA" : "CALLE",
				"NOMBRE_VIA" : "TRAJANO",
				"NUMPOL" : "12",
				"GESTION" : "PUBLICA",
				"URL_FICHA" : "https://sig.caceres.es/serweb/fichasig/fichamovilidadreducida.php?mslink=577",
				"URL_FOTO" : "https://sig.caceres.es/fotosOriginales/MOVILIDAD/1452_1_1.JPG",
				"URL_VIA" : "https://sig.caceres.es/serweb/fichasig/fichacalle.php?codigo=1452",
				"WGS84_X" : -6.377027,
				"WGS84_Y" : 39.477227,
				"COORD_X" : 725609,
				"COORD_Y" : 4373022
			}
		},
		{
			"type" : "Feature",
			"geometry" : {
				"type" : "Point",
				"coordinates" : [ -6.378290499, 39.4751730157 ]
			},
			"properties" : {
				"NUCLEO" : "CACERES",
				"DISTRITO" : "CENTRO",
				"BARRIO" : "CASAS BARATAS",
				"CODBARRIO" : 9,
				"CODIGO_VIA" : 206,
				"TIPO_VIA" : "CALLE",
				"NOMBRE_VIA" : "GARCIA DE PAREDES",
				"NUMPOL" : "18",
				"GESTION" : "PUBLICA",
				"URL_FICHA" : "https://sig.caceres.es/serweb/fichasig/fichamovilidadreducida.php?mslink=34",
				"URL_FOTO" : "https://sig.caceres.es/fotosOriginales/MOVILIDAD/206_1_1.JPG",
				"URL_VIA" : "https://sig.caceres.es/serweb/fichasig/fichacalle.php?codigo=206",
				"WGS84_X" : -6.37829,
				"WGS84_Y" : 39.475173,
				"COORD_X" : 725507,
				"COORD_Y" : 4372790
			}
		},
		{
			"type" : "Feature",
			"geometry" : {
				"type" : "Point",
				"coordinates" : [ -6.3781210666, 39.4766720816 ]
			},
			"properties" : {
				"NUCLEO" : "CACERES",
				"DISTRITO" : "CENTRO",
				"BARRIO" : "CASAS BARATAS",
				"CODBARRIO" : 9,
				"CODIGO_VIA" : 531,
				"TIPO_VIA" : "CALLE",
				"NOMBRE_VIA" : "VICENTE BARRANTES",
				"GESTION" : "PUBLICA",
				"URL_FICHA" : "https://sig.caceres.es/serweb/fichasig/fichamovilidadreducida.php?mslink=35",
				"URL_FOTO" : "https://sig.caceres.es/fotosOriginales/MOVILIDAD/531_1_1.JPG",
				"URL_VIA" : "https://sig.caceres.es/serweb/fichasig/fichacalle.php?codigo=531",
				"WGS84_X" : -6.378121,
				"WGS84_Y" : 39.476672,
				"COORD_X" : 725517,
				"COORD_Y" : 4372957
			}
		},
		{
			"type" : "Feature",
			"geometry" : {
				"type" : "Point",
				"coordinates" : [ -6.3752357061, 39.4762393103 ]
			},
			"properties" : {
				"NUCLEO" : "CACERES",
				"DISTRITO" : "CENTRO",
				"BARRIO" : "CASAS BARATAS",
				"CODBARRIO" : 9,
				"CODIGO_VIA" : 351,
				"TIPO_VIA" : "CALLE",
				"NOMBRE_VIA" : "NUEVA",
				"GESTION" : "PUBLICA",
				"URL_FICHA" : "https://sig.caceres.es/serweb/fichasig/fichamovilidadreducida.php?mslink=36",
				"URL_FOTO" : "https://sig.caceres.es/fotosOriginales/MOVILIDAD/351_1_1.JPG",
				"URL_VIA" : "https://sig.caceres.es/serweb/fichasig/fichacalle.php?codigo=351",
				"WGS84_X" : -6.375236,
				"WGS84_Y" : 39.476239,
				"COORD_X" : 725767,
				"COORD_Y" : 4372916
			}
		},
		{
			"type" : "Feature",
			"geometry" : {
				"type" : "Point",
				"coordinates" : [ -6.3767676676, 39.4759940259 ]
			},
			"properties" : {
				"NUCLEO" : "CACERES",
				"DISTRITO" : "CENTRO",
				"BARRIO" : "CASAS BARATAS",
				"CODBARRIO" : 9,
				"CODIGO_VIA" : 2928,
				"TIPO_VIA" : "PLAZA",
				"NOMBRE_VIA" : "ANTONIO CANALES",
				"GESTION" : "PUBLICA",
				"URL_FICHA" : "https://sig.caceres.es/serweb/fichasig/fichamovilidadreducida.php?mslink=37",
				"URL_FOTO" : "https://sig.caceres.es/fotosOriginales/MOVILIDAD/2928_1_1.JPG",
				"URL_VIA" : "https://sig.caceres.es/serweb/fichasig/fichacalle.php?codigo=2928",
				"WGS84_X" : -6.376768,
				"WGS84_Y" : 39.475994,
				"COORD_X" : 725636,
				"COORD_Y" : 4372885
			}
		},
		{
			"type" : "Feature",
			"geometry" : {
				"type" : "Point",
				"coordinates" : [ -6.3767879578, 39.4760064672 ]
			},
			"properties" : {
				"NUCLEO" : "CACERES",
				"DISTRITO" : "CENTRO",
				"BARRIO" : "CASAS BARATAS",
				"CODBARRIO" : 9,
				"CODIGO_VIA" : 2928,
				"TIPO_VIA" : "PLAZA",
				"NOMBRE_VIA" : "ANTONIO CANALES",
				"GESTION" : "PUBLICA",
				"URL_FICHA" : "https://sig.caceres.es/serweb/fichasig/fichamovilidadreducida.php?mslink=596",
				"URL_FOTO" : "https://sig.caceres.es/fotosOriginales/MOVILIDAD/2928_2_2.JPG",
				"URL_VIA" : "https://sig.caceres.es/serweb/fichasig/fichacalle.php?codigo=2928",
				"WGS84_X" : -6.376788,
				"WGS84_Y" : 39.476006,
				"COORD_X" : 725634,
				"COORD_Y" : 4372887
			}
		},
		{
			"type" : "Feature",
			"geometry" : {
				"type" : "Point",
				"coordinates" : [ -6.3751952605, 39.4764025498 ]
			},
			"properties" : {
				"NUCLEO" : "CACERES",
				"DISTRITO" : "CENTRO",
				"BARRIO" : "CASAS BARATAS",
				"CODBARRIO" : 9,
				"CODIGO_VIA" : 351,
				"TIPO_VIA" : "CALLE",
				"NOMBRE_VIA" : "NUEVA",
				"NUMPOL" : "16",
				"GESTION" : "PUBLICA",
				"URL_FICHA" : "https://sig.caceres.es/serweb/fichasig/fichamovilidadreducida.php?mslink=632",
				"URL_FOTO" : "https://sig.caceres.es/fotosOriginales/MOVILIDAD/351_2_1.JPG",
				"URL_VIA" : "https://sig.caceres.es/serweb/fichasig/fichacalle.php?codigo=351",
				"WGS84_X" : -6.375195,
				"WGS84_Y" : 39.476403,
				"COORD_X" : 725770,
				"COORD_Y" : 4372935
			}
		},
		{
			"type" : "Feature",
			"geometry" : {
				"type" : "Point",
				"coordinates" : [ -6.3822020595, 39.4701668707 ]
			},
			"properties" : {
				"NUCLEO" : "CACERES",
				"DISTRITO" : "CENTRO",
				"BARRIO" : "VIRGEN DE GUADALUPE",
				"CODBARRIO" : 76,
				"CODIGO_VIA" : 537,
				"TIPO_VIA" : "AVDA",
				"NOMBRE_VIA" : "VIRGEN DE GUADALUPE",
				"NUMPOL" : "27",
				"GESTION" : "PUBLICA",
				"URL_FICHA" : "https://sig.caceres.es/serweb/fichasig/fichamovilidadreducida.php?mslink=38",
				"URL_FOTO" : "https://sig.caceres.es/fotosOriginales/MOVILIDAD/537_1_1.JPG",
				"URL_VIA" : "https://sig.caceres.es/serweb/fichasig/fichacalle.php?codigo=537",
				"WGS84_X" : -6.382202,
				"WGS84_Y" : 39.470167,
				"COORD_X" : 725187,
				"COORD_Y" : 4372225
			}
		},
		{
			"type" : "Feature",
			"geometry" : {
				"type" : "Point",
				"coordinates" : [ -6.3821525845, 39.4702046201 ]
			},
			"properties" : {
				"NUCLEO" : "CACERES",
				"DISTRITO" : "CENTRO",
				"BARRIO" : "VIRGEN DE GUADALUPE",
				"CODBARRIO" : 76,
				"CODIGO_VIA" : 537,
				"TIPO_VIA" : "AVDA",
				"NOMBRE_VIA" : "VIRGEN DE GUADALUPE",
				"NUMPOL" : "27",
				"GESTION" : "PUBLICA",
				"URL_FICHA" : "https://sig.caceres.es/serweb/fichasig/fichamovilidadreducida.php?mslink=39",
				"URL_FOTO" : "https://sig.caceres.es/fotosOriginales/MOVILIDAD/537_1_1.JPG",
				"URL_VIA" : "https://sig.caceres.es/serweb/fichasig/fichacalle.php?codigo=537",
				"WGS84_X" : -6.382153,
				"WGS84_Y" : 39.470205,
				"COORD_X" : 725191,
				"COORD_Y" : 4372229
			}
		},
		{
			"type" : "Feature",
			"geometry" : {
				"type" : "Point",
				"coordinates" : [ -6.3810541756, 39.4692606294 ]
			},
			"properties" : {
				"NUCLEO" : "CACERES",
				"DISTRITO" : "CENTRO",
				"BARRIO" : "CANOVAS",
				"CODBARRIO" : 76,
				"CODIGO_VIA" : 227,
				"TIPO_VIA" : "CALLE",
				"NOMBRE_VIA" : "GOMEZ BECERRA",
				"NUMPOL" : "18",
				"GESTION" : "PUBLICA",
				"URL_FICHA" : "https://sig.caceres.es/serweb/fichasig/fichamovilidadreducida.php?mslink=543",
				"URL_FOTO" : "https://sig.caceres.es/fotosOriginales/MOVILIDAD/227_2_1.JPG",
				"URL_VIA" : "https://sig.caceres.es/serweb/fichasig/fichacalle.php?codigo=227",
				"WGS84_X" : -6.381054,
				"WGS84_Y" : 39.469261,
				"COORD_X" : 725289,
				"COORD_Y" : 4372127
			}
		},
		{
			"type" : "Feature",
			"geometry" : {
				"type" : "Point",
				"coordinates" : [ -6.3796700074, 39.470225132 ]
			},
			"properties" : {
				"NUCLEO" : "CACERES",
				"DISTRITO" : "CENTRO",
				"BARRIO" : "VIRGEN DE GUADALUPE",
				"CODBARRIO" : 7,
				"CODIGO_VIA" : 977,
				"TIPO_VIA" : "CALLE",
				"NOMBRE_VIA" : "SANTA JOAQUINA DE VEDRUNA",
				"NUMPOL" : "4",
				"GESTION" : "PUBLICA",
				"URL_FICHA" : "https://sig.caceres.es/serweb/fichasig/fichamovilidadreducida.php?mslink=40",
				"URL_FOTO" : "https://sig.caceres.es/fotosOriginales/MOVILIDAD/977_1_1.JPG",
				"URL_VIA" : "https://sig.caceres.es/serweb/fichasig/fichacalle.php?codigo=977",
				"WGS84_X" : -6.37967,
				"WGS84_Y" : 39.470225,
				"COORD_X" : 725405,
				"COORD_Y" : 4372238
			}
		},
		{
			"type" : "Feature",
			"geometry" : {
				"type" : "Point",
				"coordinates" : [ -6.3786163094, 39.4703080162 ]
			},
			"properties" : {
				"NUCLEO" : "CACERES",
				"DISTRITO" : "CENTRO",
				"BARRIO" : "CANOVAS",
				"CODBARRIO" : 7,
				"CODIGO_VIA" : 3048,
				"TIPO_VIA" : "AVDA",
				"NOMBRE_VIA" : "DE ESPAÑA",
				"NUMPOL" : "14",
				"GESTION" : "PUBLICA",
				"URL_FICHA" : "https://sig.caceres.es/serweb/fichasig/fichamovilidadreducida.php?mslink=41",
				"URL_FOTO" : "https://sig.caceres.es/fotosOriginales/MOVILIDAD/3048_2_1.JPG",
				"URL_VIA" : "https://sig.caceres.es/serweb/fichasig/fichacalle.php?codigo=3048",
				"WGS84_X" : -6.378616,
				"WGS84_Y" : 39.470308,
				"COORD_X" : 725495,
				"COORD_Y" : 4372250
			}
		},
		{
			"type" : "Feature",
			"geometry" : {
				"type" : "Point",
				"coordinates" : [ -6.3786358507, 39.4702793541 ]
			},
			"properties" : {
				"NUCLEO" : "CACERES",
				"DISTRITO" : "CENTRO",
				"BARRIO" : "CANOVAS",
				"CODBARRIO" : 7,
				"CODIGO_VIA" : 3048,
				"TIPO_VIA" : "AVDA",
				"NOMBRE_VIA" : "DE ESPAÑA",
				"NUMPOL" : "14",
				"GESTION" : "PUBLICA",
				"URL_FICHA" : "https://sig.caceres.es/serweb/fichasig/fichamovilidadreducida.php?mslink=42",
				"URL_FOTO" : "https://sig.caceres.es/fotosOriginales/MOVILIDAD/3048_2_1.JPG",
				"URL_VIA" : "https://sig.caceres.es/serweb/fichasig/fichacalle.php?codigo=3048",
				"WGS84_X" : -6.378636,
				"WGS84_Y" : 39.470279,
				"COORD_X" : 725494,
				"COORD_Y" : 4372246
			}
		},
		{
			"type" : "Feature",
			"geometry" : {
				"type" : "Point",
				"coordinates" : [ -6.378558714, 39.4690460362 ]
			},
			"properties" : {
				"NUCLEO" : "CACERES",
				"DISTRITO" : "CENTRO",
				"BARRIO" : "CANOVAS",
				"CODBARRIO" : 7,
				"CODIGO_VIA" : 3571,
				"TIPO_VIA" : "CALLE",
				"NOMBRE_VIA" : "DOCTOR MARAÑON",
				"NUMPOL" : "1",
				"GESTION" : "PUBLICA",
				"URL_FICHA" : "https://sig.caceres.es/serweb/fichasig/fichamovilidadreducida.php?mslink=43",
				"URL_FOTO" : "https://sig.caceres.es/fotosOriginales/MOVILIDAD/3571_1_1.JPG",
				"URL_VIA" : "https://sig.caceres.es/serweb/fichasig/fichacalle.php?codigo=3571",
				"WGS84_X" : -6.378559,
				"WGS84_Y" : 39.469046,
				"COORD_X" : 725504,
				"COORD_Y" : 4372110
			}
		},
		{
			"type" : "Feature",
			"geometry" : {
				"type" : "Point",
				"coordinates" : [ -6.3768730843, 39.4730873163 ]
			},
			"properties" : {
				"NUCLEO" : "CACERES",
				"DISTRITO" : "CENTRO",
				"BARRIO" : "CANOVAS",
				"CODBARRIO" : 7,
				"CODIGO_VIA" : 3048,
				"TIPO_VIA" : "AVDA",
				"NOMBRE_VIA" : "DE ESPAÑA",
				"GESTION" : "PUBLICA",
				"URL_FICHA" : "https://sig.caceres.es/serweb/fichasig/fichamovilidadreducida.php?mslink=44",
				"URL_FOTO" : "https://sig.caceres.es/fotosOriginales/MOVILIDAD/3048_3_1.JPG",
				"URL_VIA" : "https://sig.caceres.es/serweb/fichasig/fichacalle.php?codigo=3048",
				"WGS84_X" : -6.376873,
				"WGS84_Y" : 39.473087,
				"COORD_X" : 725636,
				"COORD_Y" : 4372563
			}
		},
		{
			"type" : "Feature",
			"geometry" : {
				"type" : "Point",
				"coordinates" : [ -6.3769264729, 39.4731131424 ]
			},
			"properties" : {
				"NUCLEO" : "CACERES",
				"DISTRITO" : "CENTRO",
				"BARRIO" : "CANOVAS",
				"CODBARRIO" : 7,
				"CODIGO_VIA" : 3048,
				"TIPO_VIA" : "AVDA",
				"NOMBRE_VIA" : "DE ESPAÑA",
				"GESTION" : "PUBLICA",
				"URL_FICHA" : "https://sig.caceres.es/serweb/fichasig/fichamovilidadreducida.php?mslink=45",
				"URL_FOTO" : "https://sig.caceres.es/fotosOriginales/MOVILIDAD/3048_3_1.JPG",
				"URL_VIA" : "https://sig.caceres.es/serweb/fichasig/fichacalle.php?codigo=3048",
				"WGS84_X" : -6.376926,
				"WGS84_Y" : 39.473113,
				"COORD_X" : 725631,
				"COORD_Y" : 4372565
			}
		},
		{
			"type" : "Feature",
			"geometry" : {
				"type" : "Point",
				"coordinates" : [ -6.376983356, 39.4731359007 ]
			},
			"properties" : {
				"NUCLEO" : "CACERES",
				"DISTRITO" : "CENTRO",
				"BARRIO" : "CANOVAS",
				"CODBARRIO" : 7,
				"CODIGO_VIA" : 3048,
				"TIPO_VIA" : "AVDA",
				"NOMBRE_VIA" : "DE ESPAÑA",
				"GESTION" : "PUBLICA",
				"URL_FICHA" : "https://sig.caceres.es/serweb/fichasig/fichamovilidadreducida.php?mslink=46",
				"URL_FOTO" : "https://sig.caceres.es/fotosOriginales/MOVILIDAD/3048_3_1.JPG",
				"URL_VIA" : "https://sig.caceres.es/serweb/fichasig/fichacalle.php?codigo=3048",
				"WGS84_X" : -6.376983,
				"WGS84_Y" : 39.473136,
				"COORD_X" : 725626,
				"COORD_Y" : 4372568
			}
		},
		{
			"type" : "Feature",
			"geometry" : {
				"type" : "Point",
				"coordinates" : [ -6.3766931625, 39.4713710748 ]
			},
			"properties" : {
				"NUCLEO" : "CACERES",
				"DISTRITO" : "CENTRO",
				"BARRIO" : "CANOVAS",
				"CODBARRIO" : 7,
				"CODIGO_VIA" : 541,
				"TIPO_VIA" : "AVDA",
				"NOMBRE_VIA" : "VIRGEN DE LA MONTAÑA",
				"NUMPOL" : "2",
				"GESTION" : "PUBLICA",
				"URL_FICHA" : "https://sig.caceres.es/serweb/fichasig/fichamovilidadreducida.php?mslink=47",
				"URL_FOTO" : "https://sig.caceres.es/fotosOriginales/MOVILIDAD/541_1_1.JPG",
				"URL_VIA" : "https://sig.caceres.es/serweb/fichasig/fichacalle.php?codigo=541",
				"WGS84_X" : -6.376693,
				"WGS84_Y" : 39.471371,
				"COORD_X" : 725657,
				"COORD_Y" : 4372372
			}
		},
		{
			"type" : "Feature",
			"geometry" : {
				"type" : "Point",
				"coordinates" : [ -6.3766725164, 39.4713594216 ]
			},
			"properties" : {
				"NUCLEO" : "CACERES",
				"DISTRITO" : "CENTRO",
				"BARRIO" : "CANOVAS",
				"CODBARRIO" : 7,
				"CODIGO_VIA" : 541,
				"TIPO_VIA" : "AVDA",
				"NOMBRE_VIA" : "VIRGEN DE LA MONTAÑA",
				"NUMPOL" : "2",
				"GESTION" : "PUBLICA",
				"URL_FICHA" : "https://sig.caceres.es/serweb/fichasig/fichamovilidadreducida.php?mslink=48",
				"URL_FOTO" : "https://sig.caceres.es/fotosOriginales/MOVILIDAD/541_1_1.JPG",
				"URL_VIA" : "https://sig.caceres.es/serweb/fichasig/fichacalle.php?codigo=541",
				"WGS84_X" : -6.376673,
				"WGS84_Y" : 39.471359,
				"COORD_X" : 725659,
				"COORD_Y" : 4372371
			}
		},
		{
			"type" : "Feature",
			"geometry" : {
				"type" : "Point",
				"coordinates" : [ -6.3767252128, 39.4695185495 ]
			},
			"properties" : {
				"NUCLEO" : "CACERES",
				"DISTRITO" : "CENTRO",
				"BARRIO" : "CANOVAS",
				"CODBARRIO" : 7,
				"CODIGO_VIA" : 119,
				"TIPO_VIA" : "CALLE",
				"NOMBRE_VIA" : "CATEDRATICO ANTONIO SILVA",
				"GESTION" : "PUBLICA",
				"URL_FICHA" : "https://sig.caceres.es/serweb/fichasig/fichamovilidadreducida.php?mslink=49",
				"URL_FOTO" : "https://sig.caceres.es/fotosOriginales/MOVILIDAD/119_1_1.JPG",
				"URL_VIA" : "https://sig.caceres.es/serweb/fichasig/fichacalle.php?codigo=119",
				"WGS84_X" : -6.376725,
				"WGS84_Y" : 39.469519,
				"COORD_X" : 725660,
				"COORD_Y" : 4372167
			}
		},
		{
			"type" : "Feature",
			"geometry" : {
				"type" : "Point",
				"coordinates" : [ -6.3785767493, 39.4710826908 ]
			},
			"properties" : {
				"NUCLEO" : "CACERES",
				"DISTRITO" : "CENTRO",
				"BARRIO" : "CANOVAS",
				"CODBARRIO" : 7,
				"CODIGO_VIA" : 132,
				"TIPO_VIA" : "CALLE",
				"NOMBRE_VIA" : "CLEMENTE SANCHEZ RAMMOS",
				"NUMPOL" : "1",
				"GESTION" : "PUBLICA",
				"URL_FICHA" : "https://sig.caceres.es/serweb/fichasig/fichamovilidadreducida.php?mslink=593",
				"URL_VIA" : "https://sig.caceres.es/serweb/fichasig/fichacalle.php?codigo=132",
				"WGS84_X" : -6.378577,
				"WGS84_Y" : 39.471083,
				"COORD_X" : 725496,
				"COORD_Y" : 4372336
			}
		},
		{
			"type" : "Feature",
			"geometry" : {
				"type" : "Point",
				"coordinates" : [ -6.375414038, 39.4680737746 ]
			},
			"properties" : {
				"NUCLEO" : "CACERES",
				"DISTRITO" : "CENTRO",
				"BARRIO" : "REYES HUERTAS",
				"CODBARRIO" : 56,
				"CODIGO_VIA" : 3557,
				"TIPO_VIA" : "CALLE",
				"NOMBRE_VIA" : "ANTONIO REYES HUERTAS",
				"NUMPOL" : "8",
				"GESTION" : "PUBLICA",
				"URL_FICHA" : "https://sig.caceres.es/serweb/fichasig/fichamovilidadreducida.php?mslink=51",
				"URL_FOTO" : "https://sig.caceres.es/fotosOriginales/MOVILIDAD/3557_1_1.JPG",
				"URL_VIA" : "https://sig.caceres.es/serweb/fichasig/fichacalle.php?codigo=3557",
				"WGS84_X" : -6.375414,
				"WGS84_Y" : 39.468074,
				"COORD_X" : 725778,
				"COORD_Y" : 4372010
			}
		},
		{
			"type" : "Feature",
			"geometry" : {
				"type" : "Point",
				"coordinates" : [ -6.3737600652, 39.4679954594 ]
			},
			"properties" : {
				"NUCLEO" : "CACERES",
				"DISTRITO" : "CENTRO",
				"BARRIO" : "REYES HUERTAS",
				"CODBARRIO" : 56,
				"CODIGO_VIA" : 3528,
				"TIPO_VIA" : "CALLE",
				"NOMBRE_VIA" : "MEDICO SORAPAN",
				"NUMPOL" : "2",
				"GESTION" : "PUBLICA",
				"URL_FICHA" : "https://sig.caceres.es/serweb/fichasig/fichamovilidadreducida.php?mslink=52",
				"URL_FOTO" : "https://sig.caceres.es/fotosOriginales/MOVILIDAD/3528_1_1.JPG",
				"URL_VIA" : "https://sig.caceres.es/serweb/fichasig/fichacalle.php?codigo=3528",
				"WGS84_X" : -6.37376,
				"WGS84_Y" : 39.467995,
				"COORD_X" : 725920,
				"COORD_Y" : 4372005
			}
		},
		{
			"type" : "Feature",
			"geometry" : {
				"type" : "Point",
				"coordinates" : [ -6.3737888999, 39.4679783061 ]
			},
			"properties" : {
				"NUCLEO" : "CACERES",
				"DISTRITO" : "CENTRO",
				"BARRIO" : "REYES HUERTAS",
				"CODBARRIO" : 56,
				"CODIGO_VIA" : 3528,
				"TIPO_VIA" : "CALLE",
				"NOMBRE_VIA" : "MEDICO SORAPAN",
				"NUMPOL" : "2",
				"GESTION" : "PUBLICA",
				"URL_FICHA" : "https://sig.caceres.es/serweb/fichasig/fichamovilidadreducida.php?mslink=53",
				"URL_FOTO" : "https://sig.caceres.es/fotosOriginales/MOVILIDAD/3528_1_1.JPG",
				"URL_VIA" : "https://sig.caceres.es/serweb/fichasig/fichacalle.php?codigo=3528",
				"WGS84_X" : -6.373789,
				"WGS84_Y" : 39.467978,
				"COORD_X" : 725918,
				"COORD_Y" : 4372003
			}
		},
		{
			"type" : "Feature",
			"geometry" : {
				"type" : "Point",
				"coordinates" : [ -6.3758852417, 39.4660722226 ]
			},
			"properties" : {
				"NUCLEO" : "CACERES",
				"DISTRITO" : "CENTRO",
				"BARRIO" : "REYES HUERTAS",
				"CODBARRIO" : 56,
				"CODIGO_VIA" : 869,
				"TIPO_VIA" : "CALLE",
				"NOMBRE_VIA" : "SANTA LUISA DE MARILLAC",
				"NUMPOL" : "1",
				"GESTION" : "PUBLICA",
				"URL_FICHA" : "https://sig.caceres.es/serweb/fichasig/fichamovilidadreducida.php?mslink=54",
				"URL_FOTO" : "https://sig.caceres.es/fotosOriginales/MOVILIDAD/869_1_1.JPG",
				"URL_VIA" : "https://sig.caceres.es/serweb/fichasig/fichacalle.php?codigo=869",
				"WGS84_X" : -6.375885,
				"WGS84_Y" : 39.466072,
				"COORD_X" : 725744,
				"COORD_Y" : 4371786
			}
		},
		{
			"type" : "Feature",
			"geometry" : {
				"type" : "Point",
				"coordinates" : [ -6.375665529, 39.469615128 ]
			},
			"properties" : {
				"NUCLEO" : "CACERES",
				"DISTRITO" : "CENTRO",
				"BARRIO" : "REYES HUERTAS",
				"CODBARRIO" : 56,
				"CODIGO_VIA" : 276,
				"TIPO_VIA" : "CALLE",
				"NOMBRE_VIA" : "LEON LEAL",
				"NUMPOL" : "3",
				"GESTION" : "PUBLICA",
				"URL_FICHA" : "https://sig.caceres.es/serweb/fichasig/fichamovilidadreducida.php?mslink=55",
				"URL_FOTO" : "https://sig.caceres.es/fotosOriginales/MOVILIDAD/276_1_1.JPG",
				"URL_VIA" : "https://sig.caceres.es/serweb/fichasig/fichacalle.php?codigo=276",
				"WGS84_X" : -6.375666,
				"WGS84_Y" : 39.469615,
				"COORD_X" : 725751,
				"COORD_Y" : 4372180
			}
		},
		{
			"type" : "Feature",
			"geometry" : {
				"type" : "Point",
				"coordinates" : [ -6.3746547379, 39.4692256285 ]
			},
			"properties" : {
				"NUCLEO" : "CACERES",
				"DISTRITO" : "CENTRO",
				"BARRIO" : "REYES HUERTAS",
				"CODBARRIO" : 56,
				"CODIGO_VIA" : 542,
				"TIPO_VIA" : "CALLE",
				"NOMBRE_VIA" : "VIRGEN DEL PILAR",
				"GESTION" : "PUBLICA",
				"URL_FICHA" : "https://sig.caceres.es/serweb/fichasig/fichamovilidadreducida.php?mslink=56",
				"URL_FOTO" : "https://sig.caceres.es/fotosOriginales/MOVILIDAD/542_1_1.JPG",
				"URL_VIA" : "https://sig.caceres.es/serweb/fichasig/fichacalle.php?codigo=542",
				"WGS84_X" : -6.374655,
				"WGS84_Y" : 39.469226,
				"COORD_X" : 725839,
				"COORD_Y" : 4372139
			}
		},
		{
			"type" : "Feature",
			"geometry" : {
				"type" : "Point",
				"coordinates" : [ -6.3766884357, 39.4684319044 ]
			},
			"properties" : {
				"NUCLEO" : "CACERES",
				"DISTRITO" : "CENTRO",
				"BARRIO" : "HERNANDEZ PACHECO",
				"CODBARRIO" : 56,
				"CODIGO_VIA" : 3507,
				"TIPO_VIA" : "RONDA",
				"NOMBRE_VIA" : "DEL CARMEN",
				"NUMPOL" : "23",
				"F_CREACION" : "03/04/2017",
				"F_REPINTAD" : "03/04/2017",
				"GESTION" : "PUBLICA",
				"URL_FICHA" : "https://sig.caceres.es/serweb/fichasig/fichamovilidadreducida.php?mslink=535",
				"URL_FOTO" : "https://sig.caceres.es/fotosOriginales/MOVILIDAD/3507_1_1.JPG",
				"URL_VIA" : "https://sig.caceres.es/serweb/fichasig/fichacalle.php?codigo=3507",
				"WGS84_X" : -6.376688,
				"WGS84_Y" : 39.468432,
				"COORD_X" : 725667,
				"COORD_Y" : 4372046
			}
		},
		{
			"type" : "Feature",
			"geometry" : {
				"type" : "Point",
				"coordinates" : [ -6.3740461974, 39.4694206333 ]
			},
			"properties" : {
				"NUCLEO" : "CACERES",
				"DISTRITO" : "CENTRO",
				"BARRIO" : "REYES HUERTAS",
				"CODBARRIO" : 56,
				"CODIGO_VIA" : 541,
				"TIPO_VIA" : "AVDA",
				"NOMBRE_VIA" : "DE LA MONTAÑA",
				"NUMPOL" : "28",
				"F_CREACION" : "04/05/21",
				"F_REPINTAD" : "04/05/21",
				"GESTION" : "PUBLICA",
				"URL_FICHA" : "https://sig.caceres.es/serweb/fichasig/fichamovilidadreducida.php?mslink=553",
				"URL_FOTO" : "https://sig.caceres.es/fotosOriginales/MOVILIDAD/541_2_1.JPG",
				"URL_VIA" : "https://sig.caceres.es/serweb/fichasig/fichacalle.php?codigo=541",
				"WGS84_X" : -6.374046,
				"WGS84_Y" : 39.469421,
				"COORD_X" : 725891,
				"COORD_Y" : 4372163
			}
		},
		{
			"type" : "Feature",
			"geometry" : {
				"type" : "Point",
				"coordinates" : [ -6.3755538346, 39.468908042 ]
			},
			"properties" : {
				"NUCLEO" : "CACERES",
				"DISTRITO" : "CENTRO",
				"BARRIO" : "REYES HUERTAS",
				"CODBARRIO" : 56,
				"CODIGO_VIA" : 24,
				"TIPO_VIA" : "CALLE",
				"NOMBRE_VIA" : "ALVARO LOPEZ NUÑEZ",
				"F_CREACION" : "04/05/21",
				"F_REPINTAD" : "04/05/21",
				"GESTION" : "PUBLICA",
				"URL_FICHA" : "https://sig.caceres.es/serweb/fichasig/fichamovilidadreducida.php?mslink=557",
				"URL_FOTO" : "https://sig.caceres.es/fotosOriginales/MOVILIDAD/24_2_1.JPG",
				"URL_VIA" : "https://sig.caceres.es/serweb/fichasig/fichacalle.php?codigo=24",
				"WGS84_X" : -6.375554,
				"WGS84_Y" : 39.468908,
				"COORD_X" : 725763,
				"COORD_Y" : 4372102
			}
		},
		{
			"type" : "Feature",
			"geometry" : {
				"type" : "Point",
				"coordinates" : [ -6.3679389984, 39.4626700505 ]
			},
			"properties" : {
				"NUCLEO" : "CACERES",
				"DISTRITO" : "CENTRO",
				"BARRIO" : "EL RODEO",
				"CODBARRIO" : 17,
				"CODIGO_VIA" : 1288,
				"TIPO_VIA" : "AVDA",
				"NOMBRE_VIA" : "DE LA HISPANIDAD",
				"NUMPOL" : "9",
				"GESTION" : "PUBLICA",
				"URL_FICHA" : "https://sig.caceres.es/serweb/fichasig/fichamovilidadreducida.php?mslink=58",
				"URL_FOTO" : "https://sig.caceres.es/fotosOriginales/MOVILIDAD/1288_1_1.JPG",
				"URL_VIA" : "https://sig.caceres.es/serweb/fichasig/fichacalle.php?codigo=1288",
				"WGS84_X" : -6.367939,
				"WGS84_Y" : 39.46267,
				"COORD_X" : 726438,
				"COORD_Y" : 4371429
			}
		},
		{
			"type" : "Feature",
			"geometry" : {
				"type" : "Point",
				"coordinates" : [ -6.3679960829, 39.4626521366 ]
			},
			"properties" : {
				"NUCLEO" : "CACERES",
				"DISTRITO" : "CENTRO",
				"BARRIO" : "EL RODEO",
				"CODBARRIO" : 17,
				"CODIGO_VIA" : 1288,
				"TIPO_VIA" : "AVDA",
				"NOMBRE_VIA" : "DE LA HISPANIDAD",
				"NUMPOL" : "9",
				"GESTION" : "PUBLICA",
				"URL_FICHA" : "https://sig.caceres.es/serweb/fichasig/fichamovilidadreducida.php?mslink=59",
				"URL_FOTO" : "https://sig.caceres.es/fotosOriginales/MOVILIDAD/1288_1_1.JPG",
				"URL_VIA" : "https://sig.caceres.es/serweb/fichasig/fichacalle.php?codigo=1288",
				"WGS84_X" : -6.367996,
				"WGS84_Y" : 39.462652,
				"COORD_X" : 726434,
				"COORD_Y" : 4371426
			}
		},
		{
			"type" : "Feature",
			"geometry" : {
				"type" : "Point",
				"coordinates" : [ -6.3697645975, 39.4627025175 ]
			},
			"properties" : {
				"NUCLEO" : "CACERES",
				"DISTRITO" : "CENTRO",
				"BARRIO" : "EL RODEO",
				"CODBARRIO" : 17,
				"CODIGO_VIA" : 4205,
				"TIPO_VIA" : "CALLE",
				"NOMBRE_VIA" : "TURNO DE OFICIO",
				"GESTION" : "PUBLICA",
				"URL_FICHA" : "https://sig.caceres.es/serweb/fichasig/fichamovilidadreducida.php?mslink=60",
				"URL_FOTO" : "https://sig.caceres.es/fotosOriginales/MOVILIDAD/4205_1_1.JPG",
				"URL_VIA" : "https://sig.caceres.es/serweb/fichasig/fichacalle.php?codigo=4205",
				"WGS84_X" : -6.369765,
				"WGS84_Y" : 39.462703,
				"COORD_X" : 726281,
				"COORD_Y" : 4371428
			}
		},
		{
			"type" : "Feature",
			"geometry" : {
				"type" : "Point",
				"coordinates" : [ -6.3723262348, 39.4632668574 ]
			},
			"properties" : {
				"NUCLEO" : "CACERES",
				"DISTRITO" : "CENTRO",
				"BARRIO" : "EL RODEO",
				"CODBARRIO" : 17,
				"CODIGO_VIA" : 3954,
				"TIPO_VIA" : "CALLE",
				"NOMBRE_VIA" : "BEATA MADRE MATILDE",
				"NUMPOL" : "2",
				"GESTION" : "PUBLICA",
				"URL_FICHA" : "https://sig.caceres.es/serweb/fichasig/fichamovilidadreducida.php?mslink=61",
				"URL_FOTO" : "https://sig.caceres.es/fotosOriginales/MOVILIDAD/3954_1_1.JPG",
				"URL_VIA" : "https://sig.caceres.es/serweb/fichasig/fichacalle.php?codigo=3954",
				"WGS84_X" : -6.372326,
				"WGS84_Y" : 39.463267,
				"COORD_X" : 726059,
				"COORD_Y" : 4371484
			}
		},
		{
			"type" : "Feature",
			"geometry" : {
				"type" : "Point",
				"coordinates" : [ -6.3725128023, 39.4630378743 ]
			},
			"properties" : {
				"NUCLEO" : "CACERES",
				"DISTRITO" : "CENTRO",
				"BARRIO" : "EL RODEO",
				"CODBARRIO" : 17,
				"CODIGO_VIA" : 3954,
				"TIPO_VIA" : "CALLE",
				"NOMBRE_VIA" : "BEATA MADRE MATILDE",
				"GESTION" : "PUBLICA",
				"URL_FICHA" : "https://sig.caceres.es/serweb/fichasig/fichamovilidadreducida.php?mslink=62",
				"URL_FOTO" : "https://sig.caceres.es/fotosOriginales/MOVILIDAD/3954_3_1.JPG",
				"URL_VIA" : "https://sig.caceres.es/serweb/fichasig/fichacalle.php?codigo=3954",
				"WGS84_X" : -6.372513,
				"WGS84_Y" : 39.463038,
				"COORD_X" : 726044,
				"COORD_Y" : 4371458
			}
		},
		{
			"type" : "Feature",
			"geometry" : {
				"type" : "Point",
				"coordinates" : [ -6.3730445006, 39.4636308075 ]
			},
			"properties" : {
				"NUCLEO" : "CACERES",
				"DISTRITO" : "CENTRO",
				"BARRIO" : "EL RODEO",
				"CODBARRIO" : 17,
				"CODIGO_VIA" : 3951,
				"TIPO_VIA" : "CALLE",
				"NOMBRE_VIA" : "FREY NICOLAS DE OVANDO",
				"NUMPOL" : "3",
				"GESTION" : "PUBLICA",
				"URL_FICHA" : "https://sig.caceres.es/serweb/fichasig/fichamovilidadreducida.php?mslink=63",
				"URL_FOTO" : "https://sig.caceres.es/fotosOriginales/MOVILIDAD/3951_3_1.JPG",
				"URL_VIA" : "https://sig.caceres.es/serweb/fichasig/fichacalle.php?codigo=3951",
				"WGS84_X" : -6.373045,
				"WGS84_Y" : 39.463631,
				"COORD_X" : 725996,
				"COORD_Y" : 4371522
			}
		},
		{
			"type" : "Feature",
			"geometry" : {
				"type" : "Point",
				"coordinates" : [ -6.3728782092, 39.4638511698 ]
			},
			"properties" : {
				"NUCLEO" : "CACERES",
				"DISTRITO" : "CENTRO",
				"BARRIO" : "EL RODEO",
				"CODBARRIO" : 17,
				"CODIGO_VIA" : 3951,
				"TIPO_VIA" : "CALLE",
				"NOMBRE_VIA" : "FREY NICOLAS DE OVANDO",
				"NUMPOL" : "2",
				"GESTION" : "PUBLICA",
				"URL_FICHA" : "https://sig.caceres.es/serweb/fichasig/fichamovilidadreducida.php?mslink=64",
				"URL_FOTO" : "https://sig.caceres.es/fotosOriginales/MOVILIDAD/3951_2_1.JPG",
				"URL_VIA" : "https://sig.caceres.es/serweb/fichasig/fichacalle.php?codigo=3951",
				"WGS84_X" : -6.372878,
				"WGS84_Y" : 39.463851,
				"COORD_X" : 726010,
				"COORD_Y" : 4371547
			}
		},
		{
			"type" : "Feature",
			"geometry" : {
				"type" : "Point",
				"coordinates" : [ -6.3678252543, 39.4645388377 ]
			},
			"properties" : {
				"NUCLEO" : "CACERES",
				"DISTRITO" : "CENTRO",
				"BARRIO" : "EL RODEO",
				"CODBARRIO" : 17,
				"CODIGO_VIA" : 1427,
				"TIPO_VIA" : "RONDA",
				"NOMBRE_VIA" : "DE SAN FRANCISCO",
				"NUMPOL" : "6",
				"GESTION" : "PUBLICA",
				"URL_FICHA" : "https://sig.caceres.es/serweb/fichasig/fichamovilidadreducida.php?mslink=65",
				"URL_FOTO" : "https://sig.caceres.es/fotosOriginales/MOVILIDAD/1427_4_1.JPG",
				"URL_VIA" : "https://sig.caceres.es/serweb/fichasig/fichacalle.php?codigo=1427",
				"WGS84_X" : -6.367825,
				"WGS84_Y" : 39.464539,
				"COORD_X" : 726442,
				"COORD_Y" : 4371636
			}
		},
		{
			"type" : "Feature",
			"geometry" : {
				"type" : "Point",
				"coordinates" : [ -6.3678250242, 39.4645590924 ]
			},
			"properties" : {
				"NUCLEO" : "CACERES",
				"DISTRITO" : "CENTRO",
				"BARRIO" : "EL RODEO",
				"CODBARRIO" : 17,
				"CODIGO_VIA" : 1427,
				"TIPO_VIA" : "RONDA",
				"NOMBRE_VIA" : "DE SAN FRANCISCO",
				"NUMPOL" : "6",
				"GESTION" : "PUBLICA",
				"URL_FICHA" : "https://sig.caceres.es/serweb/fichasig/fichamovilidadreducida.php?mslink=66",
				"URL_FOTO" : "https://sig.caceres.es/fotosOriginales/MOVILIDAD/1427_4_1.JPG",
				"URL_VIA" : "https://sig.caceres.es/serweb/fichasig/fichacalle.php?codigo=1427",
				"WGS84_X" : -6.367825,
				"WGS84_Y" : 39.464559,
				"COORD_X" : 726442,
				"COORD_Y" : 4371639
			}
		},
		{
			"type" : "Feature",
			"geometry" : {
				"type" : "Point",
				"coordinates" : [ -6.3678964162, 39.4643873297 ]
			},
			"properties" : {
				"NUCLEO" : "CACERES",
				"DISTRITO" : "CENTRO",
				"BARRIO" : "EL RODEO",
				"CODBARRIO" : 17,
				"CODIGO_VIA" : 1427,
				"TIPO_VIA" : "RONDA",
				"NOMBRE_VIA" : "DE SAN FRANCISCO",
				"NUMPOL" : "6",
				"GESTION" : "PUBLICA",
				"URL_FICHA" : "https://sig.caceres.es/serweb/fichasig/fichamovilidadreducida.php?mslink=67",
				"URL_FOTO" : "https://sig.caceres.es/fotosOriginales/MOVILIDAD/1427_5_1.JPG",
				"URL_VIA" : "https://sig.caceres.es/serweb/fichasig/fichacalle.php?codigo=1427",
				"WGS84_X" : -6.367896,
				"WGS84_Y" : 39.464387,
				"COORD_X" : 726437,
				"COORD_Y" : 4371619
			}
		},
		{
			"type" : "Feature",
			"geometry" : {
				"type" : "Point",
				"coordinates" : [ -6.3679115972, 39.4644161974 ]
			},
			"properties" : {
				"NUCLEO" : "CACERES",
				"DISTRITO" : "CENTRO",
				"BARRIO" : "EL RODEO",
				"CODBARRIO" : 17,
				"CODIGO_VIA" : 1427,
				"TIPO_VIA" : "RONDA",
				"NOMBRE_VIA" : "DE SAN FRANCISCO",
				"NUMPOL" : "6",
				"GESTION" : "PUBLICA",
				"URL_FICHA" : "https://sig.caceres.es/serweb/fichasig/fichamovilidadreducida.php?mslink=68",
				"URL_FOTO" : "https://sig.caceres.es/fotosOriginales/MOVILIDAD/1427_5_1.JPG",
				"URL_VIA" : "https://sig.caceres.es/serweb/fichasig/fichacalle.php?codigo=1427",
				"WGS84_X" : -6.367912,
				"WGS84_Y" : 39.464416,
				"COORD_X" : 726435,
				"COORD_Y" : 4371622
			}
		},
		{
			"type" : "Feature",
			"geometry" : {
				"type" : "Point",
				"coordinates" : [ -6.3679267668, 39.4644453652 ]
			},
			"properties" : {
				"NUCLEO" : "CACERES",
				"DISTRITO" : "CENTRO",
				"BARRIO" : "EL RODEO",
				"CODBARRIO" : 17,
				"CODIGO_VIA" : 1427,
				"TIPO_VIA" : "RONDA",
				"NOMBRE_VIA" : "DE SAN FRANCISCO",
				"NUMPOL" : "6",
				"GESTION" : "PUBLICA",
				"URL_FICHA" : "https://sig.caceres.es/serweb/fichasig/fichamovilidadreducida.php?mslink=69",
				"URL_FOTO" : "https://sig.caceres.es/fotosOriginales/MOVILIDAD/1427_5_1.JPG",
				"URL_VIA" : "https://sig.caceres.es/serweb/fichasig/fichacalle.php?codigo=1427",
				"WGS84_X" : -6.367927,
				"WGS84_Y" : 39.464445,
				"COORD_X" : 726434,
				"COORD_Y" : 4371626
			}
		},
		{
			"type" : "Feature",
			"geometry" : {
				"type" : "Point",
				"coordinates" : [ -6.3679406963, 39.4644766067 ]
			},
			"properties" : {
				"NUCLEO" : "CACERES",
				"DISTRITO" : "CENTRO",
				"BARRIO" : "EL RODEO",
				"CODBARRIO" : 17,
				"CODIGO_VIA" : 1427,
				"TIPO_VIA" : "RONDA",
				"NOMBRE_VIA" : "DE SAN FRANCISCO",
				"NUMPOL" : "6",
				"GESTION" : "PUBLICA",
				"URL_FICHA" : "https://sig.caceres.es/serweb/fichasig/fichamovilidadreducida.php?mslink=70",
				"URL_FOTO" : "https://sig.caceres.es/fotosOriginales/MOVILIDAD/1427_5_1.JPG",
				"URL_VIA" : "https://sig.caceres.es/serweb/fichasig/fichacalle.php?codigo=1427",
				"WGS84_X" : -6.367941,
				"WGS84_Y" : 39.464477,
				"COORD_X" : 726432,
				"COORD_Y" : 4371629
			}
		},
		{
			"type" : "Feature",
			"geometry" : {
				"type" : "Point",
				"coordinates" : [ -6.3679511851, 39.4644963606 ]
			},
			"properties" : {
				"NUCLEO" : "CACERES",
				"DISTRITO" : "CENTRO",
				"BARRIO" : "EL RODEO",
				"CODBARRIO" : 17,
				"CODIGO_VIA" : 1427,
				"TIPO_VIA" : "RONDA",
				"NOMBRE_VIA" : "DE SAN FRANCISCO",
				"NUMPOL" : "6",
				"GESTION" : "PUBLICA",
				"URL_FICHA" : "https://sig.caceres.es/serweb/fichasig/fichamovilidadreducida.php?mslink=71",
				"URL_FOTO" : "https://sig.caceres.es/fotosOriginales/MOVILIDAD/1427_5_1.JPG",
				"URL_VIA" : "https://sig.caceres.es/serweb/fichasig/fichacalle.php?codigo=1427",
				"WGS84_X" : -6.367951,
				"WGS84_Y" : 39.464496,
				"COORD_X" : 726432,
				"COORD_Y" : 4371631
			}
		},
		{
			"type" : "Feature",
			"geometry" : {
				"type" : "Point",
				"coordinates" : [ -6.3709790198, 39.4654559889 ]
			},
			"properties" : {
				"NUCLEO" : "CACERES",
				"DISTRITO" : "CENTRO",
				"BARRIO" : "EL RODEO",
				"CODBARRIO" : 17,
				"CODIGO_VIA" : 3809,
				"TIPO_VIA" : "AVDA",
				"NOMBRE_VIA" : "PABLO NARANJO PORRAS",
				"GESTION" : "PUBLICA",
				"URL_FICHA" : "https://sig.caceres.es/serweb/fichasig/fichamovilidadreducida.php?mslink=72",
				"URL_FOTO" : "https://sig.caceres.es/fotosOriginales/MOVILIDAD/3809_4_1.JPG",
				"URL_VIA" : "https://sig.caceres.es/serweb/fichasig/fichacalle.php?codigo=3809",
				"WGS84_X" : -6.370979,
				"WGS84_Y" : 39.465456,
				"COORD_X" : 726168,
				"COORD_Y" : 4371730
			}
		},
		{
			"type" : "Feature",
			"geometry" : {
				"type" : "Point",
				"coordinates" : [ -6.3697860364, 39.4662598179 ]
			},
			"properties" : {
				"NUCLEO" : "CACERES",
				"DISTRITO" : "CENTRO",
				"BARRIO" : "EL RODEO",
				"CODBARRIO" : 17,
				"CODIGO_VIA" : 3809,
				"TIPO_VIA" : "AVDA",
				"NOMBRE_VIA" : "PABLO NARANJO PORRAS",
				"GESTION" : "PUBLICA",
				"URL_FICHA" : "https://sig.caceres.es/serweb/fichasig/fichamovilidadreducida.php?mslink=73",
				"URL_FOTO" : "https://sig.caceres.es/fotosOriginales/MOVILIDAD/3809_2_1.JPG",
				"URL_VIA" : "https://sig.caceres.es/serweb/fichasig/fichacalle.php?codigo=3809",
				"WGS84_X" : -6.369786,
				"WGS84_Y" : 39.46626,
				"COORD_X" : 726268,
				"COORD_Y" : 4371822
			}
		},
		{
			"type" : "Feature",
			"geometry" : {
				"type" : "Point",
				"coordinates" : [ -6.3697357894, 39.4662894257 ]
			},
			"properties" : {
				"NUCLEO" : "CACERES",
				"DISTRITO" : "CENTRO",
				"BARRIO" : "EL RODEO",
				"CODBARRIO" : 17,
				"CODIGO_VIA" : 3809,
				"TIPO_VIA" : "AVDA",
				"NOMBRE_VIA" : "PABLO NARANJO PORRAS",
				"GESTION" : "PUBLICA",
				"URL_FICHA" : "https://sig.caceres.es/serweb/fichasig/fichamovilidadreducida.php?mslink=74",
				"URL_FOTO" : "https://sig.caceres.es/fotosOriginales/MOVILIDAD/3809_2_1.JPG",
				"URL_VIA" : "https://sig.caceres.es/serweb/fichasig/fichacalle.php?codigo=3809",
				"WGS84_X" : -6.369736,
				"WGS84_Y" : 39.466289,
				"COORD_X" : 726272,
				"COORD_Y" : 4371826
			}
		},
		{
			"type" : "Feature",
			"geometry" : {
				"type" : "Point",
				"coordinates" : [ -6.3696948428, 39.4663039045 ]
			},
			"properties" : {
				"NUCLEO" : "CACERES",
				"DISTRITO" : "CENTRO",
				"BARRIO" : "EL RODEO",
				"CODBARRIO" : 17,
				"CODIGO_VIA" : 3809,
				"TIPO_VIA" : "AVDA",
				"NOMBRE_VIA" : "PABLO NARANJO PORRAS",
				"GESTION" : "PUBLICA",
				"URL_FICHA" : "https://sig.caceres.es/serweb/fichasig/fichamovilidadreducida.php?mslink=75",
				"URL_FOTO" : "https://sig.caceres.es/fotosOriginales/MOVILIDAD/3809_2_1.JPG",
				"URL_VIA" : "https://sig.caceres.es/serweb/fichasig/fichacalle.php?codigo=3809",
				"WGS84_X" : -6.369695,
				"WGS84_Y" : 39.466304,
				"COORD_X" : 726276,
				"COORD_Y" : 4371828
			}
		},
		{
			"type" : "Feature",
			"geometry" : {
				"type" : "Point",
				"coordinates" : [ -6.3696495665, 39.4663149738 ]
			},
			"properties" : {
				"NUCLEO" : "CACERES",
				"DISTRITO" : "CENTRO",
				"BARRIO" : "EL RODEO",
				"CODBARRIO" : 17,
				"CODIGO_VIA" : 3809,
				"TIPO_VIA" : "AVDA",
				"NOMBRE_VIA" : "PABLO NARANJO PORRAS",
				"GESTION" : "PUBLICA",
				"URL_FICHA" : "https://sig.caceres.es/serweb/fichasig/fichamovilidadreducida.php?mslink=76",
				"URL_FOTO" : "https://sig.caceres.es/fotosOriginales/MOVILIDAD/3809_2_1.JPG",
				"URL_VIA" : "https://sig.caceres.es/serweb/fichasig/fichacalle.php?codigo=3809",
				"WGS84_X" : -6.36965,
				"WGS84_Y" : 39.466315,
				"COORD_X" : 726279,
				"COORD_Y" : 4371829
			}
		},
		{
			"type" : "Feature",
			"geometry" : {
				"type" : "Point",
				"coordinates" : [ -6.371481875, 39.4689801294 ]
			},
			"properties" : {
				"NUCLEO" : "CACERES",
				"DISTRITO" : "CENTRO",
				"BARRIO" : "EL RODEO",
				"CODBARRIO" : 17,
				"CODIGO_VIA" : 3252,
				"TIPO_VIA" : "CALLE",
				"NOMBRE_VIA" : "JESUS ASUNCION",
				"NUMPOL" : "13",
				"GESTION" : "PUBLICA",
				"URL_FICHA" : "https://sig.caceres.es/serweb/fichasig/fichamovilidadreducida.php?mslink=77",
				"URL_FOTO" : "https://sig.caceres.es/fotosOriginales/MOVILIDAD/3252_1_1.JPG",
				"URL_VIA" : "https://sig.caceres.es/serweb/fichasig/fichacalle.php?codigo=3252",
				"WGS84_X" : -6.371482,
				"WGS84_Y" : 39.46898,
				"COORD_X" : 726113,
				"COORD_Y" : 4372120
			}
		},
		{
			"type" : "Feature",
			"geometry" : {
				"type" : "Point",
				"coordinates" : [ -6.3714372406, 39.4689834436 ]
			},
			"properties" : {
				"NUCLEO" : "CACERES",
				"DISTRITO" : "CENTRO",
				"BARRIO" : "EL RODEO",
				"CODBARRIO" : 17,
				"CODIGO_VIA" : 3252,
				"TIPO_VIA" : "CALLE",
				"NOMBRE_VIA" : "JESUS ASUNCION",
				"NUMPOL" : "13",
				"GESTION" : "PUBLICA",
				"URL_FICHA" : "https://sig.caceres.es/serweb/fichasig/fichamovilidadreducida.php?mslink=78",
				"URL_FOTO" : "https://sig.caceres.es/fotosOriginales/MOVILIDAD/3252_1_1.JPG",
				"URL_VIA" : "https://sig.caceres.es/serweb/fichasig/fichacalle.php?codigo=3252",
				"WGS84_X" : -6.371437,
				"WGS84_Y" : 39.468983,
				"COORD_X" : 726117,
				"COORD_Y" : 4372121
			}
		},
		{
			"type" : "Feature",
			"geometry" : {
				"type" : "Point",
				"coordinates" : [ -6.3693202607, 39.462509155 ]
			},
			"properties" : {
				"NUCLEO" : "CACERES",
				"DISTRITO" : "CENTRO",
				"BARRIO" : "EL RODEO",
				"CODBARRIO" : 17,
				"CODIGO_VIA" : 1288,
				"TIPO_VIA" : "CALLE",
				"NOMBRE_VIA" : "TURNO DE OFICIO",
				"GESTION" : "PUBLICA",
				"URL_FICHA" : "https://sig.caceres.es/serweb/fichasig/fichamovilidadreducida.php?mslink=79",
				"URL_FOTO" : "https://sig.caceres.es/fotosOriginales/MOVILIDAD/1288_2_1.JPG",
				"URL_VIA" : "https://sig.caceres.es/serweb/fichasig/fichacalle.php?codigo=1288",
				"WGS84_X" : -6.36932,
				"WGS84_Y" : 39.462509,
				"COORD_X" : 726320,
				"COORD_Y" : 4371407
			}
		},
		{
			"type" : "Feature",
			"geometry" : {
				"type" : "Point",
				"coordinates" : [ -6.3693075857, 39.4624577121 ]
			},
			"properties" : {
				"NUCLEO" : "CACERES",
				"DISTRITO" : "CENTRO",
				"BARRIO" : "EL RODEO",
				"CODBARRIO" : 17,
				"CODIGO_VIA" : 1288,
				"TIPO_VIA" : "AVDA",
				"NOMBRE_VIA" : "DE LA HISPANIDAD",
				"NUMPOL" : "29",
				"GESTION" : "PUBLICA",
				"URL_FICHA" : "https://sig.caceres.es/serweb/fichasig/fichamovilidadreducida.php?mslink=80",
				"URL_FOTO" : "https://sig.caceres.es/fotosOriginales/MOVILIDAD/1288_2_1.JPG",
				"URL_VIA" : "https://sig.caceres.es/serweb/fichasig/fichacalle.php?codigo=1288",
				"WGS84_X" : -6.369308,
				"WGS84_Y" : 39.462458,
				"COORD_X" : 726321,
				"COORD_Y" : 4371402
			}
		},
		{
			"type" : "Feature",
			"geometry" : {
				"type" : "Point",
				"coordinates" : [ -6.3687337041, 39.4624984563 ]
			},
			"properties" : {
				"NUCLEO" : "CACERES",
				"DISTRITO" : "CENTRO",
				"BARRIO" : "EL RODEO",
				"CODBARRIO" : 17,
				"CODIGO_VIA" : 1288,
				"TIPO_VIA" : "AVDA",
				"NOMBRE_VIA" : "DE LA HISPANIDAD",
				"NUMPOL" : "25",
				"GESTION" : "PUBLICA",
				"URL_FICHA" : "https://sig.caceres.es/serweb/fichasig/fichamovilidadreducida.php?mslink=81",
				"URL_FOTO" : "https://sig.caceres.es/fotosOriginales/MOVILIDAD/1288_3_1.JPG",
				"URL_VIA" : "https://sig.caceres.es/serweb/fichasig/fichacalle.php?codigo=1288",
				"WGS84_X" : -6.368734,
				"WGS84_Y" : 39.462498,
				"COORD_X" : 726371,
				"COORD_Y" : 4371408
			}
		},
		{
			"type" : "Feature",
			"geometry" : {
				"type" : "Point",
				"coordinates" : [ -6.3694975157, 39.4663390713 ]
			},
			"properties" : {
				"NUCLEO" : "CACERES",
				"DISTRITO" : "CENTRO",
				"BARRIO" : "EL RODEO",
				"CODBARRIO" : 17,
				"CODIGO_VIA" : 3809,
				"TIPO_VIA" : "AVDA",
				"NOMBRE_VIA" : "PABLO NARANJO PORRAS",
				"GESTION" : "PUBLICA",
				"URL_FICHA" : "https://sig.caceres.es/serweb/fichasig/fichamovilidadreducida.php?mslink=83",
				"URL_FOTO" : "https://sig.caceres.es/fotosOriginales/MOVILIDAD/3809_1_1.JPG",
				"URL_VIA" : "https://sig.caceres.es/serweb/fichasig/fichacalle.php?codigo=3809",
				"WGS84_X" : -6.369498,
				"WGS84_Y" : 39.466339,
				"COORD_X" : 726292,
				"COORD_Y" : 4371832
			}
		},
		{
			"type" : "Feature",
			"geometry" : {
				"type" : "Point",
				"coordinates" : [ -6.3694903611, 39.465981688 ]
			},
			"properties" : {
				"NUCLEO" : "CACERES",
				"DISTRITO" : "CENTRO",
				"BARRIO" : "EL RODEO",
				"CODBARRIO" : 17,
				"CODIGO_VIA" : 3809,
				"TIPO_VIA" : "RONDA",
				"NOMBRE_VIA" : "PABLO NARANJO PORRAS",
				"GESTION" : "PUBLICA",
				"URL_FICHA" : "https://sig.caceres.es/serweb/fichasig/fichamovilidadreducida.php?mslink=84",
				"URL_FOTO" : "https://sig.caceres.es/fotosOriginales/MOVILIDAD/3809_3_1.JPG",
				"URL_VIA" : "https://sig.caceres.es/serweb/fichasig/fichacalle.php?codigo=3809",
				"WGS84_X" : -6.36949,
				"WGS84_Y" : 39.465982,
				"COORD_X" : 726294,
				"COORD_Y" : 4371792
			}
		},
		{
			"type" : "Feature",
			"geometry" : {
				"type" : "Point",
				"coordinates" : [ -6.3693586352, 39.4624730542 ]
			},
			"properties" : {
				"NUCLEO" : "CACERES",
				"DISTRITO" : "CENTRO",
				"BARRIO" : "EL RODEO",
				"CODBARRIO" : 17,
				"CODIGO_VIA" : 1288,
				"TIPO_VIA" : "AVDA",
				"NOMBRE_VIA" : "DE LA HISPANIDAD",
				"NUMPOL" : "29",
				"GESTION" : "PUBLICA",
				"URL_FICHA" : "https://sig.caceres.es/serweb/fichasig/fichamovilidadreducida.php?mslink=85",
				"URL_FOTO" : "https://sig.caceres.es/fotosOriginales/MOVILIDAD/1288_2_1.JPG",
				"URL_VIA" : "https://sig.caceres.es/serweb/fichasig/fichacalle.php?codigo=1288",
				"WGS84_X" : -6.369359,
				"WGS84_Y" : 39.462473,
				"COORD_X" : 726317,
				"COORD_Y" : 4371403
			}
		},
		{
			"type" : "Feature",
			"geometry" : {
				"type" : "Point",
				"coordinates" : [ -6.3695177473, 39.4663729455 ]
			},
			"properties" : {
				"NUCLEO" : "CACERES",
				"DISTRITO" : "CENTRO",
				"BARRIO" : "EL RODEO",
				"CODBARRIO" : 17,
				"CODIGO_VIA" : 3809,
				"TIPO_VIA" : "AVDA",
				"NOMBRE_VIA" : "PABLO NARANJO PORRAS",
				"GESTION" : "PUBLICA",
				"URL_FICHA" : "https://sig.caceres.es/serweb/fichasig/fichamovilidadreducida.php?mslink=525",
				"URL_FOTO" : "https://sig.caceres.es/fotosOriginales/MOVILIDAD/3809_1_1.JPG",
				"URL_VIA" : "https://sig.caceres.es/serweb/fichasig/fichacalle.php?codigo=3809",
				"WGS84_X" : -6.369518,
				"WGS84_Y" : 39.466373,
				"COORD_X" : 726291,
				"COORD_Y" : 4371836
			}
		},
		{
			"type" : "Feature",
			"geometry" : {
				"type" : "Point",
				"coordinates" : [ -6.37101488, 39.4655186664 ]
			},
			"properties" : {
				"NUCLEO" : "CACERES",
				"DISTRITO" : "CENTRO",
				"BARRIO" : "EL RODEO",
				"CODBARRIO" : 17,
				"CODIGO_VIA" : 3809,
				"TIPO_VIA" : "AVDA",
				"NOMBRE_VIA" : "PABLO NARANJO PORRAS",
				"GESTION" : "PUBLICA",
				"URL_FICHA" : "https://sig.caceres.es/serweb/fichasig/fichamovilidadreducida.php?mslink=526",
				"URL_FOTO" : "https://sig.caceres.es/fotosOriginales/MOVILIDAD/3809_5_1.JPG",
				"URL_VIA" : "https://sig.caceres.es/serweb/fichasig/fichacalle.php?codigo=3809",
				"WGS84_X" : -6.371015,
				"WGS84_Y" : 39.465519,
				"COORD_X" : 726165,
				"COORD_Y" : 4371737
			}
		},
		{
			"type" : "Feature",
			"geometry" : {
				"type" : "Point",
				"coordinates" : [ -6.3709958907, 39.4653564259 ]
			},
			"properties" : {
				"NUCLEO" : "CACERES",
				"DISTRITO" : "CENTRO",
				"BARRIO" : "EL RODEO",
				"CODBARRIO" : 17,
				"CODIGO_VIA" : 3809,
				"TIPO_VIA" : "AVDA",
				"NOMBRE_VIA" : "PABLO NARANJO PORRAS",
				"GESTION" : "PUBLICA",
				"URL_FICHA" : "https://sig.caceres.es/serweb/fichasig/fichamovilidadreducida.php?mslink=527",
				"URL_FOTO" : "https://sig.caceres.es/fotosOriginales/MOVILIDAD/3809_6_1.JPG",
				"URL_VIA" : "https://sig.caceres.es/serweb/fichasig/fichacalle.php?codigo=3809",
				"WGS84_X" : -6.370996,
				"WGS84_Y" : 39.465356,
				"COORD_X" : 726167,
				"COORD_Y" : 4371719
			}
		},
		{
			"type" : "Feature",
			"geometry" : {
				"type" : "Point",
				"coordinates" : [ -6.3728081745, 39.4641078663 ]
			},
			"properties" : {
				"NUCLEO" : "CACERES",
				"DISTRITO" : "CENTRO",
				"BARRIO" : "EL RODEO",
				"CODBARRIO" : 17,
				"CODIGO_VIA" : 3945,
				"TIPO_VIA" : "AVDA",
				"NOMBRE_VIA" : "MARIA AUXILIADORA",
				"NUMPOL" : "18",
				"F_CREACION" : "24/05/2017",
				"F_REPINTAD" : "24/05/2017",
				"GESTION" : "PUBLICA",
				"URL_FICHA" : "https://sig.caceres.es/serweb/fichasig/fichamovilidadreducida.php?mslink=528",
				"URL_FOTO" : "https://sig.caceres.es/fotosOriginales/MOVILIDAD/3945_1_1.JPG",
				"URL_VIA" : "https://sig.caceres.es/serweb/fichasig/fichacalle.php?codigo=3945",
				"WGS84_X" : -6.372808,
				"WGS84_Y" : 39.464108,
				"COORD_X" : 726015,
				"COORD_Y" : 4371576
			}
		},
		{
			"type" : "Feature",
			"geometry" : {
				"type" : "Point",
				"coordinates" : [ -6.3761796686, 39.4635387929 ]
			},
			"properties" : {
				"NUCLEO" : "CACERES",
				"DISTRITO" : "CENTRO",
				"BARRIO" : "LA BONDAD",
				"CODBARRIO" : 31,
				"CODIGO_VIA" : 65,
				"TIPO_VIA" : "CALLE",
				"NOMBRE_VIA" : "ATAHUALPA",
				"GESTION" : "PUBLICA",
				"URL_FICHA" : "https://sig.caceres.es/serweb/fichasig/fichamovilidadreducida.php?mslink=86",
				"URL_FOTO" : "https://sig.caceres.es/fotosOriginales/MOVILIDAD/65_3_1.JPG",
				"URL_VIA" : "https://sig.caceres.es/serweb/fichasig/fichacalle.php?codigo=65",
				"WGS84_X" : -6.37618,
				"WGS84_Y" : 39.463539,
				"COORD_X" : 725727,
				"COORD_Y" : 4371504
			}
		},
		{
			"type" : "Feature",
			"geometry" : {
				"type" : "Point",
				"coordinates" : [ -6.3752501923, 39.4632073015 ]
			},
			"properties" : {
				"NUCLEO" : "CACERES",
				"DISTRITO" : "CENTRO",
				"BARRIO" : "LA BONDAD",
				"CODBARRIO" : 31,
				"CODIGO_VIA" : 578,
				"TIPO_VIA" : "AVDA",
				"NOMBRE_VIA" : "DE LA BONDAD",
				"GESTION" : "PUBLICA",
				"URL_FICHA" : "https://sig.caceres.es/serweb/fichasig/fichamovilidadreducida.php?mslink=88",
				"URL_FOTO" : "https://sig.caceres.es/fotosOriginales/MOVILIDAD/578_1_1.JPG",
				"URL_VIA" : "https://sig.caceres.es/serweb/fichasig/fichacalle.php?codigo=578",
				"WGS84_X" : -6.37525,
				"WGS84_Y" : 39.463207,
				"COORD_X" : 725808,
				"COORD_Y" : 4371470
			}
		},
		{
			"type" : "Feature",
			"geometry" : {
				"type" : "Point",
				"coordinates" : [ -6.3752436771, 39.4631692048 ]
			},
			"properties" : {
				"NUCLEO" : "CACERES",
				"DISTRITO" : "CENTRO",
				"BARRIO" : "LA BONDAD",
				"CODBARRIO" : 31,
				"CODIGO_VIA" : 578,
				"TIPO_VIA" : "AVDA",
				"NOMBRE_VIA" : "DE LA BONDAD",
				"GESTION" : "PUBLICA",
				"URL_FICHA" : "https://sig.caceres.es/serweb/fichasig/fichamovilidadreducida.php?mslink=89",
				"URL_FOTO" : "https://sig.caceres.es/fotosOriginales/MOVILIDAD/578_1_1.JPG",
				"URL_VIA" : "https://sig.caceres.es/serweb/fichasig/fichacalle.php?codigo=578",
				"WGS84_X" : -6.375244,
				"WGS84_Y" : 39.463169,
				"COORD_X" : 725808,
				"COORD_Y" : 4371466
			}
		},
		{
			"type" : "Feature",
			"geometry" : {
				"type" : "Point",
				"coordinates" : [ -6.3732578925, 39.4617875035 ]
			},
			"properties" : {
				"NUCLEO" : "CACERES",
				"DISTRITO" : "CENTRO",
				"BARRIO" : "LA BONDAD",
				"CODBARRIO" : 31,
				"CODIGO_VIA" : 1288,
				"TIPO_VIA" : "AVDA",
				"NOMBRE_VIA" : "DE LA HISPANIDAD",
				"NUMPOL" : "8",
				"F_CREACION" : "29/11/2022",
				"GESTION" : "PUBLICA",
				"URL_FICHA" : "https://sig.caceres.es/serweb/fichasig/fichamovilidadreducida.php?mslink=645",
				"URL_FOTO" : "https://sig.caceres.es/fotosOriginales/MOVILIDAD/1288_6_1.JPG",
				"URL_VIA" : "https://sig.caceres.es/serweb/fichasig/fichacalle.php?codigo=1288",
				"WGS84_X" : -6.373258,
				"WGS84_Y" : 39.461788,
				"COORD_X" : 725984,
				"COORD_Y" : 4371317
			}
		},
		{
			"type" : "Feature",
			"geometry" : {
				"type" : "Point",
				"coordinates" : [ -6.383257968, 39.4622399318 ]
			},
			"properties" : {
				"NUCLEO" : "CACERES",
				"DISTRITO" : "CENTRO",
				"BARRIO" : "LOS FRATRES",
				"CODBARRIO" : 41,
				"CODIGO_VIA" : 3427,
				"TIPO_VIA" : "CALLE",
				"NOMBRE_VIA" : "GRECIA",
				"GESTION" : "PUBLICA",
				"URL_FICHA" : "https://sig.caceres.es/serweb/fichasig/fichamovilidadreducida.php?mslink=90",
				"URL_FOTO" : "https://sig.caceres.es/fotosOriginales/MOVILIDAD/3427_2_1.JPG",
				"URL_VIA" : "https://sig.caceres.es/serweb/fichasig/fichacalle.php?codigo=3427",
				"WGS84_X" : -6.383258,
				"WGS84_Y" : 39.46224,
				"COORD_X" : 725122,
				"COORD_Y" : 4371342
			}
		},
		{
			"type" : "Feature",
			"geometry" : {
				"type" : "Point",
				"coordinates" : [ -6.3832804772, 39.4622148229 ]
			},
			"properties" : {
				"NUCLEO" : "CACERES",
				"DISTRITO" : "CENTRO",
				"BARRIO" : "LOS FRATRES",
				"CODBARRIO" : 41,
				"CODIGO_VIA" : 3427,
				"TIPO_VIA" : "CALLE",
				"NOMBRE_VIA" : "GRECIA",
				"GESTION" : "PUBLICA",
				"URL_FICHA" : "https://sig.caceres.es/serweb/fichasig/fichamovilidadreducida.php?mslink=91",
				"URL_FOTO" : "https://sig.caceres.es/fotosOriginales/MOVILIDAD/3427_2_1.JPG",
				"URL_VIA" : "https://sig.caceres.es/serweb/fichasig/fichacalle.php?codigo=3427",
				"WGS84_X" : -6.38328,
				"WGS84_Y" : 39.462215,
				"COORD_X" : 725120,
				"COORD_Y" : 4371340
			}
		},
		{
			"type" : "Feature",
			"geometry" : {
				"type" : "Point",
				"coordinates" : [ -6.3832995035, 39.4621869465 ]
			},
			"properties" : {
				"NUCLEO" : "CACERES",
				"DISTRITO" : "CENTRO",
				"BARRIO" : "LOS FRATRES",
				"CODBARRIO" : 41,
				"CODIGO_VIA" : 3427,
				"TIPO_VIA" : "CALLE",
				"NOMBRE_VIA" : "GRECIA",
				"GESTION" : "PUBLICA",
				"URL_FICHA" : "https://sig.caceres.es/serweb/fichasig/fichamovilidadreducida.php?mslink=92",
				"URL_FOTO" : "https://sig.caceres.es/fotosOriginales/MOVILIDAD/3427_1_1.JPG",
				"URL_VIA" : "https://sig.caceres.es/serweb/fichasig/fichacalle.php?codigo=3427",
				"WGS84_X" : -6.3833,
				"WGS84_Y" : 39.462187,
				"COORD_X" : 725118,
				"COORD_Y" : 4371336
			}
		},
		{
			"type" : "Feature",
			"geometry" : {
				"type" : "Point",
				"coordinates" : [ -6.3833205519, 39.4621605624 ]
			},
			"properties" : {
				"NUCLEO" : "CACERES",
				"DISTRITO" : "CENTRO",
				"BARRIO" : "LOS FRATRES",
				"CODBARRIO" : 41,
				"CODIGO_VIA" : 3427,
				"TIPO_VIA" : "CALLE",
				"NOMBRE_VIA" : "GRECIA",
				"GESTION" : "PUBLICA",
				"URL_FICHA" : "https://sig.caceres.es/serweb/fichasig/fichamovilidadreducida.php?mslink=93",
				"URL_FOTO" : "https://sig.caceres.es/fotosOriginales/MOVILIDAD/3427_1_1.JPG",
				"URL_VIA" : "https://sig.caceres.es/serweb/fichasig/fichacalle.php?codigo=3427",
				"WGS84_X" : -6.383321,
				"WGS84_Y" : 39.462161,
				"COORD_X" : 725117,
				"COORD_Y" : 4371333
			}
		},
		{
			"type" : "Feature",
			"geometry" : {
				"type" : "Point",
				"coordinates" : [ -6.3833394034, 39.4621317677 ]
			},
			"properties" : {
				"NUCLEO" : "CACERES",
				"DISTRITO" : "CENTRO",
				"BARRIO" : "LOS FRATRES",
				"CODBARRIO" : 41,
				"CODIGO_VIA" : 3427,
				"TIPO_VIA" : "CALLE",
				"NOMBRE_VIA" : "GRECIA",
				"GESTION" : "PUBLICA",
				"URL_FICHA" : "https://sig.caceres.es/serweb/fichasig/fichamovilidadreducida.php?mslink=94",
				"URL_FOTO" : "https://sig.caceres.es/fotosOriginales/MOVILIDAD/3427_1_1.JPG",
				"URL_VIA" : "https://sig.caceres.es/serweb/fichasig/fichacalle.php?codigo=3427",
				"WGS84_X" : -6.383339,
				"WGS84_Y" : 39.462132,
				"COORD_X" : 725115,
				"COORD_Y" : 4371330
			}
		},
		{
			"type" : "Feature",
			"geometry" : {
				"type" : "Point",
				"coordinates" : [ -6.3804057498, 39.4631873537 ]
			},
			"properties" : {
				"NUCLEO" : "CACERES",
				"DISTRITO" : "CENTRO",
				"BARRIO" : "LOS FRATRES",
				"CODBARRIO" : 41,
				"CODIGO_VIA" : 3426,
				"TIPO_VIA" : "CALLE",
				"NOMBRE_VIA" : "ITALIA",
				"NUMPOL" : "25",
				"GESTION" : "PUBLICA",
				"URL_FICHA" : "https://sig.caceres.es/serweb/fichasig/fichamovilidadreducida.php?mslink=95",
				"URL_FOTO" : "https://sig.caceres.es/fotosOriginales/MOVILIDAD/3426_1_2.JPG",
				"URL_VIA" : "https://sig.caceres.es/serweb/fichasig/fichacalle.php?codigo=3426",
				"WGS84_X" : -6.380406,
				"WGS84_Y" : 39.463187,
				"COORD_X" : 725364,
				"COORD_Y" : 4371455
			}
		},
		{
			"type" : "Feature",
			"geometry" : {
				"type" : "Point",
				"coordinates" : [ -6.3792607319, 39.466894429 ]
			},
			"properties" : {
				"NUCLEO" : "CACERES",
				"DISTRITO" : "CENTRO",
				"BARRIO" : "LOS FRATRES",
				"CODBARRIO" : 41,
				"CODIGO_VIA" : 1576,
				"TIPO_VIA" : "AVDA",
				"NOMBRE_VIA" : "DE PORTUGAL",
				"NUMPOL" : "6",
				"GESTION" : "PUBLICA",
				"URL_FICHA" : "https://sig.caceres.es/serweb/fichasig/fichamovilidadreducida.php?mslink=96",
				"URL_FOTO" : "https://sig.caceres.es/fotosOriginales/MOVILIDAD/1576_1_1.JPG",
				"URL_VIA" : "https://sig.caceres.es/serweb/fichasig/fichacalle.php?codigo=1576",
				"WGS84_X" : -6.379261,
				"WGS84_Y" : 39.466894,
				"COORD_X" : 725451,
				"COORD_Y" : 4371869
			}
		},
		{
			"type" : "Feature",
			"geometry" : {
				"type" : "Point",
				"coordinates" : [ -6.3796343954, 39.4612248544 ]
			},
			"properties" : {
				"NUCLEO" : "CACERES",
				"DISTRITO" : "CENTRO",
				"BARRIO" : "LOS FRATRES",
				"CODBARRIO" : 41,
				"CODIGO_VIA" : 1635,
				"TIPO_VIA" : "AVDA",
				"NOMBRE_VIA" : "ISABEL DE MOCTEZUMA",
				"GESTION" : "PUBLICA",
				"URL_FICHA" : "https://sig.caceres.es/serweb/fichasig/fichamovilidadreducida.php?mslink=97",
				"URL_FOTO" : "https://sig.caceres.es/fotosOriginales/MOVILIDAD/1635_3_1.JPG",
				"URL_VIA" : "https://sig.caceres.es/serweb/fichasig/fichacalle.php?codigo=1635",
				"WGS84_X" : -6.379634,
				"WGS84_Y" : 39.461225,
				"COORD_X" : 725437,
				"COORD_Y" : 4371239
			}
		},
		{
			"type" : "Feature",
			"geometry" : {
				"type" : "Point",
				"coordinates" : [ -6.380694835, 39.4620817449 ]
			},
			"properties" : {
				"NUCLEO" : "CACERES",
				"DISTRITO" : "CENTRO",
				"BARRIO" : "LOS FRATRES",
				"CODBARRIO" : 41,
				"CODIGO_VIA" : 3429,
				"TIPO_VIA" : "CALLE",
				"NOMBRE_VIA" : "IRLANDA",
				"GESTION" : "PUBLICA",
				"URL_FICHA" : "https://sig.caceres.es/serweb/fichasig/fichamovilidadreducida.php?mslink=98",
				"URL_FOTO" : "https://sig.caceres.es/fotosOriginales/MOVILIDAD/3429_1_1.JPG",
				"URL_VIA" : "https://sig.caceres.es/serweb/fichasig/fichacalle.php?codigo=3429",
				"WGS84_X" : -6.380695,
				"WGS84_Y" : 39.462082,
				"COORD_X" : 725343,
				"COORD_Y" : 4371331
			}
		},
		{
			"type" : "Feature",
			"geometry" : {
				"type" : "Point",
				"coordinates" : [ -6.3822106428, 39.4634165758 ]
			},
			"properties" : {
				"NUCLEO" : "CACERES",
				"DISTRITO" : "CENTRO",
				"BARRIO" : "LOS FRATRES",
				"CODBARRIO" : 41,
				"CODIGO_VIA" : 3428,
				"TIPO_VIA" : "CALLE",
				"NOMBRE_VIA" : "GRAN BRETAÑA",
				"NUMPOL" : "25",
				"F_REPINTAD" : "04/05/21",
				"GESTION" : "PUBLICA",
				"URL_FICHA" : "https://sig.caceres.es/serweb/fichasig/fichamovilidadreducida.php?mslink=99",
				"URL_FOTO" : "https://sig.caceres.es/fotosOriginales/MOVILIDAD/3428_1_1.JPG",
				"URL_VIA" : "https://sig.caceres.es/serweb/fichasig/fichacalle.php?codigo=3428",
				"WGS84_X" : -6.382211,
				"WGS84_Y" : 39.463417,
				"COORD_X" : 725208,
				"COORD_Y" : 4371476
			}
		},
		{
			"type" : "Feature",
			"geometry" : {
				"type" : "Point",
				"coordinates" : [ -6.381757774, 39.4632269093 ]
			},
			"properties" : {
				"NUCLEO" : "CACERES",
				"DISTRITO" : "CENTRO",
				"BARRIO" : "LOS FRATRES",
				"CODBARRIO" : 41,
				"CODIGO_VIA" : 3433,
				"TIPO_VIA" : "CALLE",
				"NOMBRE_VIA" : "FRANCIA",
				"GESTION" : "PUBLICA",
				"URL_FICHA" : "https://sig.caceres.es/serweb/fichasig/fichamovilidadreducida.php?mslink=100",
				"URL_FOTO" : "https://sig.caceres.es/fotosOriginales/MOVILIDAD/3433_1_1.JPG",
				"URL_VIA" : "https://sig.caceres.es/serweb/fichasig/fichacalle.php?codigo=3433",
				"WGS84_X" : -6.381758,
				"WGS84_Y" : 39.463227,
				"COORD_X" : 725248,
				"COORD_Y" : 4371456
			}
		},
		{
			"type" : "Feature",
			"geometry" : {
				"type" : "Point",
				"coordinates" : [ -6.3800561347, 39.4610405936 ]
			},
			"properties" : {
				"NUCLEO" : "CACERES",
				"DISTRITO" : "CENTRO",
				"BARRIO" : "LOS FRATRES",
				"CODBARRIO" : 41,
				"CODIGO_VIA" : 1288,
				"TIPO_VIA" : "AVDA",
				"NOMBRE_VIA" : "DE LA HISPANIDAD",
				"GESTION" : "PUBLICA",
				"URL_FICHA" : "https://sig.caceres.es/serweb/fichasig/fichamovilidadreducida.php?mslink=519",
				"URL_FOTO" : "https://sig.caceres.es/fotosOriginales/MOVILIDAD/1288_4_1.JPG",
				"URL_VIA" : "https://sig.caceres.es/serweb/fichasig/fichacalle.php?codigo=1288",
				"WGS84_X" : -6.380056,
				"WGS84_Y" : 39.461041,
				"COORD_X" : 725401,
				"COORD_Y" : 4371217
			}
		},
		{
			"type" : "Feature",
			"geometry" : {
				"type" : "Point",
				"coordinates" : [ -6.3794855601, 39.46453913 ]
			},
			"properties" : {
				"NUCLEO" : "CACERES",
				"DISTRITO" : "CENTRO",
				"BARRIO" : "LOS FRATES",
				"CODBARRIO" : 41,
				"CODIGO_VIA" : 3426,
				"TIPO_VIA" : "CALLE",
				"NOMBRE_VIA" : "ITALIA",
				"GESTION" : "PUBLICA",
				"URL_FICHA" : "https://sig.caceres.es/serweb/fichasig/fichamovilidadreducida.php?mslink=579",
				"URL_VIA" : "https://sig.caceres.es/serweb/fichasig/fichacalle.php?codigo=3426",
				"WGS84_X" : -6.379486,
				"WGS84_Y" : 39.464539,
				"COORD_X" : 725439,
				"COORD_Y" : 4371607
			}
		},
		{
			"type" : "Feature",
			"geometry" : {
				"type" : "Point",
				"coordinates" : [ -6.3773662802, 39.466439194 ]
			},
			"properties" : {
				"NUCLEO" : "CACERES",
				"DISTRITO" : "CENTRO",
				"BARRIO" : "MOCTEZUMA",
				"CODBARRIO" : 46,
				"CODIGO_VIA" : 1390,
				"TIPO_VIA" : "AVDA",
				"NOMBRE_VIA" : "ANTONIO HURTADO",
				"NUMPOL" : "18",
				"GESTION" : "PUBLICA",
				"URL_FICHA" : "https://sig.caceres.es/serweb/fichasig/fichamovilidadreducida.php?mslink=101",
				"URL_FOTO" : "https://sig.caceres.es/fotosOriginales/MOVILIDAD/1390_1_1.JPG",
				"URL_VIA" : "https://sig.caceres.es/serweb/fichasig/fichacalle.php?codigo=1390",
				"WGS84_X" : -6.377366,
				"WGS84_Y" : 39.466439,
				"COORD_X" : 725615,
				"COORD_Y" : 4371823
			}
		},
		{
			"type" : "Feature",
			"geometry" : {
				"type" : "Point",
				"coordinates" : [ -6.3778693057, 39.4662043909 ]
			},
			"properties" : {
				"NUCLEO" : "CACERES",
				"DISTRITO" : "CENTRO",
				"BARRIO" : "MOCTEZUMA",
				"CODBARRIO" : 46,
				"CODIGO_VIA" : 453,
				"TIPO_VIA" : "CALLE",
				"NOMBRE_VIA" : "SALAMANCA",
				"NUMPOL" : "3",
				"GESTION" : "PUBLICA",
				"URL_FICHA" : "https://sig.caceres.es/serweb/fichasig/fichamovilidadreducida.php?mslink=102",
				"URL_FOTO" : "https://sig.caceres.es/fotosOriginales/MOVILIDAD/453_1_1.JPG",
				"URL_VIA" : "https://sig.caceres.es/serweb/fichasig/fichacalle.php?codigo=453",
				"WGS84_X" : -6.377869,
				"WGS84_Y" : 39.466204,
				"COORD_X" : 725573,
				"COORD_Y" : 4371796
			}
		},
		{
			"type" : "Feature",
			"geometry" : {
				"type" : "Point",
				"coordinates" : [ -6.3774521419, 39.4649130681 ]
			},
			"properties" : {
				"NUCLEO" : "CACERES",
				"DISTRITO" : "CENTRO",
				"BARRIO" : "MOCTEZUMA",
				"CODBARRIO" : 46,
				"CODIGO_VIA" : 3302,
				"TIPO_VIA" : "CALLE",
				"NOMBRE_VIA" : "HUAINA CAPAC",
				"NUMPOL" : "3",
				"GESTION" : "PUBLICA",
				"URL_FICHA" : "https://sig.caceres.es/serweb/fichasig/fichamovilidadreducida.php?mslink=103",
				"URL_FOTO" : "https://sig.caceres.es/fotosOriginales/MOVILIDAD/3302_1_1.JPG",
				"URL_VIA" : "https://sig.caceres.es/serweb/fichasig/fichacalle.php?codigo=3302",
				"WGS84_X" : -6.377452,
				"WGS84_Y" : 39.464913,
				"COORD_X" : 725613,
				"COORD_Y" : 4371654
			}
		},
		{
			"type" : "Feature",
			"geometry" : {
				"type" : "Point",
				"coordinates" : [ -6.3785639952, 39.4653880386 ]
			},
			"properties" : {
				"NUCLEO" : "CACERES",
				"DISTRITO" : "CENTRO",
				"BARRIO" : "MOCTEZUMA",
				"CODBARRIO" : 46,
				"CODIGO_VIA" : 3079,
				"TIPO_VIA" : "CALLE",
				"NOMBRE_VIA" : "CUAUHTEMOC",
				"NUMPOL" : "3",
				"GESTION" : "PUBLICA",
				"URL_FICHA" : "https://sig.caceres.es/serweb/fichasig/fichamovilidadreducida.php?mslink=104",
				"URL_FOTO" : "https://sig.caceres.es/fotosOriginales/MOVILIDAD/3079_1_1.JPG",
				"URL_VIA" : "https://sig.caceres.es/serweb/fichasig/fichacalle.php?codigo=3079",
				"WGS84_X" : -6.378564,
				"WGS84_Y" : 39.465388,
				"COORD_X" : 725516,
				"COORD_Y" : 4371704
			}
		},
		{
			"type" : "Feature",
			"geometry" : {
				"type" : "Point",
				"coordinates" : [ -6.378675507, 39.4648884316 ]
			},
			"properties" : {
				"NUCLEO" : "CACERES",
				"DISTRITO" : "CENTRO",
				"BARRIO" : "MOCTEZUMA",
				"CODBARRIO" : 46,
				"CODIGO_VIA" : 1635,
				"TIPO_VIA" : "AVDA",
				"NOMBRE_VIA" : "ISABEL DE MOCTEZUMA",
				"NUMPOL" : "5",
				"GESTION" : "PUBLICA",
				"URL_FICHA" : "https://sig.caceres.es/serweb/fichasig/fichamovilidadreducida.php?mslink=105",
				"URL_FOTO" : "https://sig.caceres.es/fotosOriginales/MOVILIDAD/1635_1_1.JPG",
				"URL_VIA" : "https://sig.caceres.es/serweb/fichasig/fichacalle.php?codigo=1635",
				"WGS84_X" : -6.378676,
				"WGS84_Y" : 39.464888,
				"COORD_X" : 725508,
				"COORD_Y" : 4371648
			}
		},
		{
			"type" : "Feature",
			"geometry" : {
				"type" : "Point",
				"coordinates" : [ -6.3787635666, 39.4644615186 ]
			},
			"properties" : {
				"NUCLEO" : "CACERES",
				"DISTRITO" : "CENTRO",
				"BARRIO" : "MOCTEZUMA",
				"CODBARRIO" : 46,
				"CODIGO_VIA" : 1635,
				"TIPO_VIA" : "AVDA",
				"NOMBRE_VIA" : "ISABEL DE MOCTEZUMA",
				"NUMPOL" : "9",
				"GESTION" : "PUBLICA",
				"URL_FICHA" : "https://sig.caceres.es/serweb/fichasig/fichamovilidadreducida.php?mslink=106",
				"URL_FOTO" : "https://sig.caceres.es/fotosOriginales/MOVILIDAD/1635_2_1.JPG",
				"URL_VIA" : "https://sig.caceres.es/serweb/fichasig/fichacalle.php?codigo=1635",
				"WGS84_X" : -6.378764,
				"WGS84_Y" : 39.464462,
				"COORD_X" : 725501,
				"COORD_Y" : 4371600
			}
		},
		{
			"type" : "Feature",
			"geometry" : {
				"type" : "Point",
				"coordinates" : [ -6.3783228076, 39.4626880536 ]
			},
			"properties" : {
				"NUCLEO" : "CACERES",
				"DISTRITO" : "CENTRO",
				"BARRIO" : "MOCTEZUMA",
				"CODBARRIO" : 46,
				"CODIGO_VIA" : 120,
				"TIPO_VIA" : "CALLE",
				"NOMBRE_VIA" : "CAUPOLICAN",
				"NUMPOL" : "4",
				"GESTION" : "PUBLICA",
				"URL_FICHA" : "https://sig.caceres.es/serweb/fichasig/fichamovilidadreducida.php?mslink=107",
				"URL_FOTO" : "https://sig.caceres.es/fotosOriginales/MOVILIDAD/120_1_1.JPG",
				"URL_VIA" : "https://sig.caceres.es/serweb/fichasig/fichacalle.php?codigo=120",
				"WGS84_X" : -6.378323,
				"WGS84_Y" : 39.462688,
				"COORD_X" : 725545,
				"COORD_Y" : 4371405
			}
		},
		{
			"type" : "Feature",
			"geometry" : {
				"type" : "Point",
				"coordinates" : [ -6.3782984146, 39.4626509135 ]
			},
			"properties" : {
				"NUCLEO" : "CACERES",
				"DISTRITO" : "CENTRO",
				"BARRIO" : "MOCTEZUMA",
				"CODBARRIO" : 46,
				"CODIGO_VIA" : 120,
				"TIPO_VIA" : "CALLE",
				"NOMBRE_VIA" : "CAUPOLICAN",
				"NUMPOL" : "4",
				"GESTION" : "PUBLICA",
				"URL_FICHA" : "https://sig.caceres.es/serweb/fichasig/fichamovilidadreducida.php?mslink=108",
				"URL_FOTO" : "https://sig.caceres.es/fotosOriginales/MOVILIDAD/120_1_1.JPG",
				"URL_VIA" : "https://sig.caceres.es/serweb/fichasig/fichacalle.php?codigo=120",
				"WGS84_X" : -6.378298,
				"WGS84_Y" : 39.462651,
				"COORD_X" : 725547,
				"COORD_Y" : 4371400
			}
		},
		{
			"type" : "Feature",
			"geometry" : {
				"type" : "Point",
				"coordinates" : [ -6.3760612407, 39.4633244311 ]
			},
			"properties" : {
				"NUCLEO" : "CACERES",
				"DISTRITO" : "CENTRO",
				"BARRIO" : "LA BONDAD",
				"CODBARRIO" : 46,
				"CODIGO_VIA" : 65,
				"TIPO_VIA" : "CALLE",
				"NOMBRE_VIA" : "ATAHUALPA",
				"GESTION" : "PUBLICA",
				"URL_FICHA" : "https://sig.caceres.es/serweb/fichasig/fichamovilidadreducida.php?mslink=109",
				"URL_FOTO" : "https://sig.caceres.es/fotosOriginales/MOVILIDAD/65_4_1.JPG",
				"URL_VIA" : "https://sig.caceres.es/serweb/fichasig/fichacalle.php?codigo=65",
				"WGS84_X" : -6.376061,
				"WGS84_Y" : 39.463324,
				"COORD_X" : 725738,
				"COORD_Y" : 4371481
			}
		},
		{
			"type" : "Feature",
			"geometry" : {
				"type" : "Point",
				"coordinates" : [ -6.377264031, 39.4631816216 ]
			},
			"properties" : {
				"NUCLEO" : "CACERES",
				"DISTRITO" : "CENTRO",
				"BARRIO" : "MOCTEZUMA",
				"CODBARRIO" : 46,
				"CODIGO_VIA" : 65,
				"TIPO_VIA" : "CALLE",
				"NOMBRE_VIA" : "ATAHUALPA",
				"GESTION" : "PUBLICA",
				"URL_FICHA" : "https://sig.caceres.es/serweb/fichasig/fichamovilidadreducida.php?mslink=111",
				"URL_FOTO" : "https://sig.caceres.es/fotosOriginales/MOVILIDAD/65_2_1.JPG",
				"URL_VIA" : "https://sig.caceres.es/serweb/fichasig/fichacalle.php?codigo=65",
				"WGS84_X" : -6.377264,
				"WGS84_Y" : 39.463182,
				"COORD_X" : 725634,
				"COORD_Y" : 4371462
			}
		},
		{
			"type" : "Feature",
			"geometry" : {
				"type" : "Point",
				"coordinates" : [ -6.3790027145, 39.4632546772 ]
			},
			"properties" : {
				"NUCLEO" : "CACERES",
				"DISTRITO" : "CENTRO",
				"BARRIO" : "MOCTEZUMA",
				"CODBARRIO" : 46,
				"CODIGO_VIA" : 65,
				"TIPO_VIA" : "CALLE",
				"NOMBRE_VIA" : "ATAHUALPA",
				"GESTION" : "PUBLICA",
				"URL_FICHA" : "https://sig.caceres.es/serweb/fichasig/fichamovilidadreducida.php?mslink=112",
				"URL_FOTO" : "https://sig.caceres.es/fotosOriginales/MOVILIDAD/65_1_1.JPG",
				"URL_VIA" : "https://sig.caceres.es/serweb/fichasig/fichacalle.php?codigo=65",
				"WGS84_X" : -6.379003,
				"WGS84_Y" : 39.463255,
				"COORD_X" : 725485,
				"COORD_Y" : 4371466
			}
		},
		{
			"type" : "Feature",
			"geometry" : {
				"type" : "Point",
				"coordinates" : [ -6.3784748023, 39.4640026738 ]
			},
			"properties" : {
				"NUCLEO" : "CACERES",
				"DISTRITO" : "CENTRO",
				"BARRIO" : "MOCTEZUMA",
				"CODBARRIO" : 46,
				"CODIGO_VIA" : 1635,
				"TIPO_VIA" : "AVDA",
				"NOMBRE_VIA" : "ISABEL DE MOCTEZUMA",
				"NUMPOL" : "13",
				"GESTION" : "PUBLICA",
				"URL_FICHA" : "https://sig.caceres.es/serweb/fichasig/fichamovilidadreducida.php?mslink=113",
				"URL_FOTO" : "https://sig.caceres.es/fotosOriginales/MOVILIDAD/4016_1_1.JPG",
				"URL_VIA" : "https://sig.caceres.es/serweb/fichasig/fichacalle.php?codigo=1635",
				"WGS84_X" : -6.378475,
				"WGS84_Y" : 39.464003,
				"COORD_X" : 725528,
				"COORD_Y" : 4371550
			}
		},
		{
			"type" : "Feature",
			"geometry" : {
				"type" : "Point",
				"coordinates" : [ -6.3776242264, 39.4617918203 ]
			},
			"properties" : {
				"NUCLEO" : "CACERES",
				"DISTRITO" : "CENTRO",
				"BARRIO" : "MOCTEZUMA",
				"CODBARRIO" : 46,
				"CODIGO_VIA" : 120,
				"TIPO_VIA" : "CALLE",
				"NOMBRE_VIA" : "CAUPOLICAN",
				"NUMPOL" : "7",
				"GESTION" : "PUBLICA",
				"URL_FICHA" : "https://sig.caceres.es/serweb/fichasig/fichamovilidadreducida.php?mslink=588",
				"URL_FOTO" : "https://sig.caceres.es/fotosOriginales/MOVILIDAD/120_3_1.JPG",
				"URL_VIA" : "https://sig.caceres.es/serweb/fichasig/fichacalle.php?codigo=120",
				"WGS84_X" : -6.377624,
				"WGS84_Y" : 39.461792,
				"COORD_X" : 725608,
				"COORD_Y" : 4371307
			}
		},
		{
			"type" : "Feature",
			"geometry" : {
				"type" : "Point",
				"coordinates" : [ -6.3788211329, 39.4636972993 ]
			},
			"properties" : {
				"NUCLEO" : "CACERES",
				"DISTRITO" : "CENTRO",
				"BARRIO" : "MOCTEZUMA",
				"CODBARRIO" : 46,
				"CODIGO_VIA" : 1635,
				"TIPO_VIA" : "CALLE",
				"NOMBRE_VIA" : "ISABEL DE MOCTEZUMA",
				"NUMPOL" : "17",
				"GESTION" : "PUBLICA",
				"URL_FICHA" : "https://sig.caceres.es/serweb/fichasig/fichamovilidadreducida.php?mslink=592",
				"URL_VIA" : "https://sig.caceres.es/serweb/fichasig/fichacalle.php?codigo=1635",
				"WGS84_X" : -6.378821,
				"WGS84_Y" : 39.463697,
				"COORD_X" : 725499,
				"COORD_Y" : 4371515
			}
		},
		{
			"type" : "Feature",
			"geometry" : {
				"type" : "Point",
				"coordinates" : [ -6.3776958149, 39.464899833 ]
			},
			"properties" : {
				"NUCLEO" : "CACERES",
				"DISTRITO" : "CENTRO",
				"BARRIO" : "MOCTEZUMA",
				"CODBARRIO" : 46,
				"CODIGO_VIA" : 3302,
				"TIPO_VIA" : "CALLE",
				"NOMBRE_VIA" : "HUAINA CAPAC",
				"GESTION" : "PUBLICA",
				"URL_FICHA" : "https://sig.caceres.es/serweb/fichasig/fichamovilidadreducida.php?mslink=590",
				"URL_VIA" : "https://sig.caceres.es/serweb/fichasig/fichacalle.php?codigo=3302",
				"WGS84_X" : -6.377696,
				"WGS84_Y" : 39.4649,
				"COORD_X" : 725592,
				"COORD_Y" : 4371652
			}
		},
		{
			"type" : "Feature",
			"geometry" : {
				"type" : "Point",
				"coordinates" : [ -6.377183687, 39.4616556798 ]
			},
			"properties" : {
				"NUCLEO" : "CACERES",
				"DISTRITO" : "CENTRO",
				"BARRIO" : "MOCTEZUMA",
				"CODBARRIO" : 46,
				"CODIGO_VIA" : 120,
				"TIPO_VIA" : "CALLE",
				"NOMBRE_VIA" : "CAUPOLICAN",
				"GESTION" : "PUBLICA",
				"URL_FICHA" : "https://sig.caceres.es/serweb/fichasig/fichamovilidadreducida.php?mslink=605",
				"URL_VIA" : "https://sig.caceres.es/serweb/fichasig/fichacalle.php?codigo=120",
				"WGS84_X" : -6.377184,
				"WGS84_Y" : 39.461656,
				"COORD_X" : 725646,
				"COORD_Y" : 4371293
			}
		},
		{
			"type" : "Feature",
			"geometry" : {
				"type" : "Point",
				"coordinates" : [ -6.3771737026, 39.4615680928 ]
			},
			"properties" : {
				"NUCLEO" : "CACERES",
				"DISTRITO" : "CENTRO",
				"BARRIO" : "MOCTEZUMA",
				"CODBARRIO" : 46,
				"CODIGO_VIA" : 120,
				"TIPO_VIA" : "CALLE",
				"NOMBRE_VIA" : "MOCTEZUMA",
				"GESTION" : "PUBLICA",
				"URL_FICHA" : "https://sig.caceres.es/serweb/fichasig/fichamovilidadreducida.php?mslink=606",
				"URL_VIA" : "https://sig.caceres.es/serweb/fichasig/fichacalle.php?codigo=120",
				"WGS84_X" : -6.377174,
				"WGS84_Y" : 39.461568,
				"COORD_X" : 725647,
				"COORD_Y" : 4371283
			}
		},
		{
			"type" : "Feature",
			"geometry" : {
				"type" : "Point",
				"coordinates" : [ -6.3786396899, 39.4669507856 ]
			},
			"properties" : {
				"NUCLEO" : "CACERES",
				"DISTRITO" : "CENTRO",
				"BARRIO" : "MOCTEZUMA",
				"CODBARRIO" : 46,
				"CODIGO_VIA" : 829,
				"TIPO_VIA" : "CALLE",
				"NOMBRE_VIA" : "SAN VICENTE DE PAUL",
				"NUMPOL" : "4",
				"GESTION" : "PUBLICA",
				"URL_FICHA" : "https://sig.caceres.es/serweb/fichasig/fichamovilidadreducida.php?mslink=625",
				"URL_FOTO" : "https://sig.caceres.es/fotosOriginales/MOVILIDAD/829_1_1.JPG",
				"URL_VIA" : "https://sig.caceres.es/serweb/fichasig/fichacalle.php?codigo=829",
				"WGS84_X" : -6.37864,
				"WGS84_Y" : 39.466951,
				"COORD_X" : 725504,
				"COORD_Y" : 4371877
			}
		},
		{
			"type" : "Feature",
			"geometry" : {
				"type" : "Point",
				"coordinates" : [ -6.3785952656, 39.4669322076 ]
			},
			"properties" : {
				"NUCLEO" : "CACERES",
				"DISTRITO" : "CENTRO",
				"BARRIO" : "MOCTEZUMA",
				"CODBARRIO" : 46,
				"CODIGO_VIA" : 829,
				"TIPO_VIA" : "CALLE",
				"NOMBRE_VIA" : "SAN VICENTE DE PAUL",
				"NUMPOL" : "4",
				"GESTION" : "PUBLICA",
				"URL_FICHA" : "https://sig.caceres.es/serweb/fichasig/fichamovilidadreducida.php?mslink=626",
				"URL_FOTO" : "https://sig.caceres.es/fotosOriginales/MOVILIDAD/829_2_1.JPG",
				"URL_VIA" : "https://sig.caceres.es/serweb/fichasig/fichacalle.php?codigo=829",
				"WGS84_X" : -6.378595,
				"WGS84_Y" : 39.466932,
				"COORD_X" : 725508,
				"COORD_Y" : 4371875
			}
		},
		{
			"type" : "Feature",
			"geometry" : {
				"type" : "Point",
				"coordinates" : [ -6.3789833334, 39.4671812891 ]
			},
			"properties" : {
				"NUCLEO" : "CACERES",
				"DISTRITO" : "CENTRO",
				"BARRIO" : "MOCTEZUMA",
				"CODBARRIO" : 46,
				"CODIGO_VIA" : 829,
				"TIPO_VIA" : "CALLE",
				"NOMBRE_VIA" : "SAN VICENTE DE PAUL",
				"NUMPOL" : "1",
				"GESTION" : "PUBLICA",
				"URL_FICHA" : "https://sig.caceres.es/serweb/fichasig/fichamovilidadreducida.php?mslink=627",
				"URL_FOTO" : "https://sig.caceres.es/fotosOriginales/MOVILIDAD/829_3_1.JPG",
				"URL_VIA" : "https://sig.caceres.es/serweb/fichasig/fichacalle.php?codigo=829",
				"WGS84_X" : -6.378983,
				"WGS84_Y" : 39.467181,
				"COORD_X" : 725474,
				"COORD_Y" : 4371902
			}
		},
		{
			"type" : "Feature",
			"geometry" : {
				"type" : "Point",
				"coordinates" : [ -6.3782477646, 39.4674171602 ]
			},
			"properties" : {
				"NUCLEO" : "CACERES",
				"DISTRITO" : "CENTRO",
				"BARRIO" : "MOCTEZUMA",
				"CODBARRIO" : 46,
				"CODIGO_VIA" : 1390,
				"TIPO_VIA" : "AVDA",
				"NOMBRE_VIA" : "ANTONIO HURTADO",
				"NUMPOL" : "8",
				"GESTION" : "PUBLICA",
				"URL_FICHA" : "https://sig.caceres.es/serweb/fichasig/fichamovilidadreducida.php?mslink=628",
				"URL_FOTO" : "https://sig.caceres.es/fotosOriginales/MOVILIDAD/1390_2_1.JPG",
				"URL_VIA" : "https://sig.caceres.es/serweb/fichasig/fichacalle.php?codigo=1390",
				"WGS84_X" : -6.378248,
				"WGS84_Y" : 39.467417,
				"COORD_X" : 725536,
				"COORD_Y" : 4371930
			}
		},
		{
			"type" : "Feature",
			"geometry" : {
				"type" : "Point",
				"coordinates" : [ -6.3804815379, 39.4682060178 ]
			},
			"properties" : {
				"NUCLEO" : "CACERES",
				"DISTRITO" : "CENTRO",
				"BARRIO" : "ARGENTINA",
				"CODBARRIO" : 2,
				"CODIGO_VIA" : 208,
				"TIPO_VIA" : "CALLE",
				"NOMBRE_VIA" : "GARCIA PLATA DE OSMA",
				"NUMPOL" : "1",
				"GESTION" : "PUBLICA",
				"URL_FICHA" : "https://sig.caceres.es/serweb/fichasig/fichamovilidadreducida.php?mslink=114",
				"URL_FOTO" : "https://sig.caceres.es/fotosOriginales/MOVILIDAD/208_1_1.JPG",
				"URL_VIA" : "https://sig.caceres.es/serweb/fichasig/fichacalle.php?codigo=208",
				"WGS84_X" : -6.380482,
				"WGS84_Y" : 39.468206,
				"COORD_X" : 725341,
				"COORD_Y" : 4372012
			}
		},
		{
			"type" : "Feature",
			"geometry" : {
				"type" : "Point",
				"coordinates" : [ -6.3805993732, 39.4666613464 ]
			},
			"properties" : {
				"NUCLEO" : "CACERES",
				"DISTRITO" : "CENTRO",
				"BARRIO" : "ARGENTINA",
				"CODBARRIO" : 2,
				"CODIGO_VIA" : 1219,
				"TIPO_VIA" : "AVDA",
				"NOMBRE_VIA" : "DE ALEMANIA",
				"NUMPOL" : "16",
				"GESTION" : "PUBLICA",
				"URL_FICHA" : "https://sig.caceres.es/serweb/fichasig/fichamovilidadreducida.php?mslink=115",
				"URL_FOTO" : "https://sig.caceres.es/fotosOriginales/MOVILIDAD/1219_1_1.JPG",
				"URL_VIA" : "https://sig.caceres.es/serweb/fichasig/fichacalle.php?codigo=1219",
				"WGS84_X" : -6.380599,
				"WGS84_Y" : 39.466661,
				"COORD_X" : 725336,
				"COORD_Y" : 4371840
			}
		},
		{
			"type" : "Feature",
			"geometry" : {
				"type" : "Point",
				"coordinates" : [ -6.3832833447, 39.4683220351 ]
			},
			"properties" : {
				"NUCLEO" : "CACERES",
				"DISTRITO" : "CENTRO",
				"BARRIO" : "ARGENTINA",
				"CODBARRIO" : 2,
				"CODIGO_VIA" : 57,
				"TIPO_VIA" : "CALLE",
				"NOMBRE_VIA" : "ARGENTINA",
				"GESTION" : "PUBLICA",
				"URL_FICHA" : "https://sig.caceres.es/serweb/fichasig/fichamovilidadreducida.php?mslink=116",
				"URL_FOTO" : "https://sig.caceres.es/fotosOriginales/MOVILIDAD/57_1_1.JPG",
				"URL_VIA" : "https://sig.caceres.es/serweb/fichasig/fichacalle.php?codigo=57",
				"WGS84_X" : -6.383283,
				"WGS84_Y" : 39.468322,
				"COORD_X" : 725100,
				"COORD_Y" : 4372018
			}
		},
		{
			"type" : "Feature",
			"geometry" : {
				"type" : "Point",
				"coordinates" : [ -6.3812352071, 39.4674090357 ]
			},
			"properties" : {
				"NUCLEO" : "CACERES",
				"DISTRITO" : "CENTRO",
				"BARRIO" : "ARGENTINA",
				"CODBARRIO" : 2,
				"CODIGO_VIA" : 57,
				"TIPO_VIA" : "CALLE",
				"NOMBRE_VIA" : "ARGENTINA",
				"GESTION" : "PUBLICA",
				"URL_FICHA" : "https://sig.caceres.es/serweb/fichasig/fichamovilidadreducida.php?mslink=117",
				"URL_FOTO" : "https://sig.caceres.es/fotosOriginales/MOVILIDAD/57_2_1.JPG",
				"URL_VIA" : "https://sig.caceres.es/serweb/fichasig/fichacalle.php?codigo=57",
				"WGS84_X" : -6.381235,
				"WGS84_Y" : 39.467409,
				"COORD_X" : 725279,
				"COORD_Y" : 4371921
			}
		},
		{
			"type" : "Feature",
			"geometry" : {
				"type" : "Point",
				"coordinates" : [ -6.3823839869, 39.468644928 ]
			},
			"properties" : {
				"NUCLEO" : "CACERES",
				"DISTRITO" : "CENTRO",
				"BARRIO" : "ARGENTINA",
				"CODBARRIO" : 2,
				"CODIGO_VIA" : 268,
				"TIPO_VIA" : "CALLE",
				"NOMBRE_VIA" : "JUAN XXIII",
				"GESTION" : "PUBLICA",
				"URL_FICHA" : "https://sig.caceres.es/serweb/fichasig/fichamovilidadreducida.php?mslink=118",
				"URL_FOTO" : "https://sig.caceres.es/fotosOriginales/MOVILIDAD/268_1_1.JPG",
				"URL_VIA" : "https://sig.caceres.es/serweb/fichasig/fichacalle.php?codigo=268",
				"WGS84_X" : -6.382384,
				"WGS84_Y" : 39.468645,
				"COORD_X" : 725176,
				"COORD_Y" : 4372056
			}
		},
		{
			"type" : "Feature",
			"geometry" : {
				"type" : "Point",
				"coordinates" : [ -6.3818976607, 39.4663237837 ]
			},
			"properties" : {
				"NUCLEO" : "CACERES",
				"DISTRITO" : "CENTRO",
				"BARRIO" : "ARGENTINA",
				"CODBARRIO" : 2,
				"CODIGO_VIA" : 208,
				"TIPO_VIA" : "CALLE",
				"NOMBRE_VIA" : "GARCIA PLATA DE OSMA",
				"GESTION" : "PUBLICA",
				"URL_FICHA" : "https://sig.caceres.es/serweb/fichasig/fichamovilidadreducida.php?mslink=119",
				"URL_FOTO" : "https://sig.caceres.es/fotosOriginales/MOVILIDAD/208_2_1.JPG",
				"URL_VIA" : "https://sig.caceres.es/serweb/fichasig/fichacalle.php?codigo=208",
				"WGS84_X" : -6.381898,
				"WGS84_Y" : 39.466324,
				"COORD_X" : 725226,
				"COORD_Y" : 4371799
			}
		},
		{
			"type" : "Feature",
			"geometry" : {
				"type" : "Point",
				"coordinates" : [ -6.379687633, 39.4678775423 ]
			},
			"properties" : {
				"NUCLEO" : "CACERES",
				"DISTRITO" : "CENTRO",
				"BARRIO" : "ARGENTINA",
				"CODBARRIO" : 2,
				"CODIGO_VIA" : 1219,
				"TIPO_VIA" : "AVDA",
				"NOMBRE_VIA" : "DE ALEMANIA",
				"NUMPOL" : "2",
				"F_CREACION" : "04/05/21",
				"F_REPINTAD" : "04/05/21",
				"GESTION" : "PUBLICA",
				"URL_FICHA" : "https://sig.caceres.es/serweb/fichasig/fichamovilidadreducida.php?mslink=549",
				"URL_FOTO" : "https://sig.caceres.es/fotosOriginales/MOVILIDAD/1219_2_1.JPG",
				"URL_VIA" : "https://sig.caceres.es/serweb/fichasig/fichacalle.php?codigo=1219",
				"WGS84_X" : -6.379688,
				"WGS84_Y" : 39.467878,
				"COORD_X" : 725411,
				"COORD_Y" : 4371977
			}
		},
		{
			"type" : "Feature",
			"geometry" : {
				"type" : "Point",
				"coordinates" : [ -6.3833540831, 39.4657461815 ]
			},
			"properties" : {
				"NUCLEO" : "CACERES",
				"DISTRITO" : "CENTRO",
				"BARRIO" : "EL PERU",
				"CODBARRIO" : 16,
				"CODIGO_VIA" : 465,
				"TIPO_VIA" : "CALLE",
				"NOMBRE_VIA" : "SANGUINO MICHEL",
				"NUMPOL" : "26",
				"GESTION" : "PUBLICA",
				"URL_FICHA" : "https://sig.caceres.es/serweb/fichasig/fichamovilidadreducida.php?mslink=121",
				"URL_FOTO" : "https://sig.caceres.es/fotosOriginales/MOVILIDAD/465_1_1.JPG",
				"URL_VIA" : "https://sig.caceres.es/serweb/fichasig/fichacalle.php?codigo=465",
				"WGS84_X" : -6.383354,
				"WGS84_Y" : 39.465746,
				"COORD_X" : 725102,
				"COORD_Y" : 4371731
			}
		},
		{
			"type" : "Feature",
			"geometry" : {
				"type" : "Point",
				"coordinates" : [ -6.3833739467, 39.4657134835 ]
			},
			"properties" : {
				"NUCLEO" : "CACERES",
				"DISTRITO" : "CENTRO",
				"BARRIO" : "EL PERU",
				"CODBARRIO" : 16,
				"CODIGO_VIA" : 465,
				"TIPO_VIA" : "CALLE",
				"NOMBRE_VIA" : "SANGUINO MICHEL",
				"NUMPOL" : "26",
				"GESTION" : "PUBLICA",
				"URL_FICHA" : "https://sig.caceres.es/serweb/fichasig/fichamovilidadreducida.php?mslink=122",
				"URL_FOTO" : "https://sig.caceres.es/fotosOriginales/MOVILIDAD/465_1_1.JPG",
				"URL_VIA" : "https://sig.caceres.es/serweb/fichasig/fichacalle.php?codigo=465",
				"WGS84_X" : -6.383374,
				"WGS84_Y" : 39.465713,
				"COORD_X" : 725101,
				"COORD_Y" : 4371728
			}
		},
		{
			"type" : "Feature",
			"geometry" : {
				"type" : "Point",
				"coordinates" : [ -6.3846839788, 39.4657450485 ]
			},
			"properties" : {
				"NUCLEO" : "CACERES",
				"DISTRITO" : "CENTRO",
				"BARRIO" : "EL PERU",
				"CODBARRIO" : 16,
				"CODIGO_VIA" : 278,
				"TIPO_VIA" : "CALLE",
				"NOMBRE_VIA" : "LIMA",
				"NUMPOL" : "9",
				"GESTION" : "PUBLICA",
				"URL_FICHA" : "https://sig.caceres.es/serweb/fichasig/fichamovilidadreducida.php?mslink=123",
				"URL_FOTO" : "https://sig.caceres.es/fotosOriginales/MOVILIDAD/278_1_1.JPG",
				"URL_VIA" : "https://sig.caceres.es/serweb/fichasig/fichacalle.php?codigo=278",
				"WGS84_X" : -6.384684,
				"WGS84_Y" : 39.465745,
				"COORD_X" : 724988,
				"COORD_Y" : 4371728
			}
		},
		{
			"type" : "Feature",
			"geometry" : {
				"type" : "Point",
				"coordinates" : [ -6.3851110984, 39.4656563403 ]
			},
			"properties" : {
				"NUCLEO" : "CACERES",
				"DISTRITO" : "CENTRO",
				"BARRIO" : "EL PERU",
				"CODBARRIO" : 16,
				"CODIGO_VIA" : 2363,
				"TIPO_VIA" : "CALLE",
				"NOMBRE_VIA" : "ANTONIO FLORIANO CUMBREÑO",
				"NUMPOL" : "1",
				"GESTION" : "PUBLICA",
				"URL_FICHA" : "https://sig.caceres.es/serweb/fichasig/fichamovilidadreducida.php?mslink=124",
				"URL_FOTO" : "https://sig.caceres.es/fotosOriginales/MOVILIDAD/2363_5_1.JPG",
				"URL_VIA" : "https://sig.caceres.es/serweb/fichasig/fichacalle.php?codigo=2363",
				"WGS84_X" : -6.385111,
				"WGS84_Y" : 39.465656,
				"COORD_X" : 724951,
				"COORD_Y" : 4371717
			}
		},
		{
			"type" : "Feature",
			"geometry" : {
				"type" : "Point",
				"coordinates" : [ -6.3853794032, 39.4656113942 ]
			},
			"properties" : {
				"NUCLEO" : "CACERES",
				"DISTRITO" : "CENTRO",
				"BARRIO" : "EL PERU",
				"CODBARRIO" : 16,
				"CODIGO_VIA" : 2363,
				"TIPO_VIA" : "CALLE",
				"NOMBRE_VIA" : "ANTONIO FLORIANO CUMBREÑO",
				"NUMPOL" : "2",
				"GESTION" : "PUBLICA",
				"URL_FICHA" : "https://sig.caceres.es/serweb/fichasig/fichamovilidadreducida.php?mslink=125",
				"URL_FOTO" : "https://sig.caceres.es/fotosOriginales/MOVILIDAD/2363_3_1.JPG",
				"URL_VIA" : "https://sig.caceres.es/serweb/fichasig/fichacalle.php?codigo=2363",
				"WGS84_X" : -6.385379,
				"WGS84_Y" : 39.465611,
				"COORD_X" : 724928,
				"COORD_Y" : 4371711
			}
		},
		{
			"type" : "Feature",
			"geometry" : {
				"type" : "Point",
				"coordinates" : [ -6.3851832367, 39.4648299631 ]
			},
			"properties" : {
				"NUCLEO" : "CACERES",
				"DISTRITO" : "CENTRO",
				"BARRIO" : "EL PERU",
				"CODBARRIO" : 16,
				"CODIGO_VIA" : 2363,
				"TIPO_VIA" : "CALLE",
				"NOMBRE_VIA" : "ANTONIO FLORIANO CUMBREÑO",
				"NUMPOL" : "8",
				"GESTION" : "PUBLICA",
				"URL_FICHA" : "https://sig.caceres.es/serweb/fichasig/fichamovilidadreducida.php?mslink=126",
				"URL_FOTO" : "https://sig.caceres.es/fotosOriginales/MOVILIDAD/2363_4_1.JPG",
				"URL_VIA" : "https://sig.caceres.es/serweb/fichasig/fichacalle.php?codigo=2363",
				"WGS84_X" : -6.385183,
				"WGS84_Y" : 39.46483,
				"COORD_X" : 724948,
				"COORD_Y" : 4371625
			}
		},
		{
			"type" : "Feature",
			"geometry" : {
				"type" : "Point",
				"coordinates" : [ -6.3846920548, 39.4635871649 ]
			},
			"properties" : {
				"NUCLEO" : "CACERES",
				"DISTRITO" : "CENTRO",
				"BARRIO" : "EL PERU",
				"CODBARRIO" : 16,
				"CODIGO_VIA" : 465,
				"TIPO_VIA" : "CALLE",
				"NOMBRE_VIA" : "SANGUINO MICHEL",
				"GESTION" : "PUBLICA",
				"URL_FICHA" : "https://sig.caceres.es/serweb/fichasig/fichamovilidadreducida.php?mslink=127",
				"URL_FOTO" : "https://sig.caceres.es/fotosOriginales/MOVILIDAD/465_2_1.JPG",
				"URL_VIA" : "https://sig.caceres.es/serweb/fichasig/fichacalle.php?codigo=465",
				"WGS84_X" : -6.384692,
				"WGS84_Y" : 39.463587,
				"COORD_X" : 724994,
				"COORD_Y" : 4371488
			}
		},
		{
			"type" : "Feature",
			"geometry" : {
				"type" : "Point",
				"coordinates" : [ -6.3846701478, 39.4635532177 ]
			},
			"properties" : {
				"NUCLEO" : "CACERES",
				"DISTRITO" : "CENTRO",
				"BARRIO" : "EL PERU",
				"CODBARRIO" : 16,
				"CODIGO_VIA" : 465,
				"TIPO_VIA" : "CALLE",
				"NOMBRE_VIA" : "SANGUINO MICHEL",
				"GESTION" : "PUBLICA",
				"URL_FICHA" : "https://sig.caceres.es/serweb/fichasig/fichamovilidadreducida.php?mslink=128",
				"URL_FOTO" : "https://sig.caceres.es/fotosOriginales/MOVILIDAD/465_2_1.JPG",
				"URL_VIA" : "https://sig.caceres.es/serweb/fichasig/fichacalle.php?codigo=465",
				"WGS84_X" : -6.38467,
				"WGS84_Y" : 39.463553,
				"COORD_X" : 724996,
				"COORD_Y" : 4371485
			}
		},
		{
			"type" : "Feature",
			"geometry" : {
				"type" : "Point",
				"coordinates" : [ -6.3842560417, 39.4678225024 ]
			},
			"properties" : {
				"NUCLEO" : "CACERES",
				"DISTRITO" : "CENTRO",
				"BARRIO" : "EL PERU",
				"CODBARRIO" : 16,
				"CODIGO_VIA" : 3626,
				"TIPO_VIA" : "CALLE",
				"NOMBRE_VIA" : "PADRE ELADIO MOZAS",
				"NUMPOL" : "2",
				"GESTION" : "PUBLICA",
				"URL_FICHA" : "https://sig.caceres.es/serweb/fichasig/fichamovilidadreducida.php?mslink=129",
				"URL_FOTO" : "https://sig.caceres.es/fotosOriginales/MOVILIDAD/3626_1_1.JPG",
				"URL_VIA" : "https://sig.caceres.es/serweb/fichasig/fichacalle.php?codigo=3626",
				"WGS84_X" : -6.384256,
				"WGS84_Y" : 39.467823,
				"COORD_X" : 725018,
				"COORD_Y" : 4371960
			}
		},
		{
			"type" : "Feature",
			"geometry" : {
				"type" : "Point",
				"coordinates" : [ -6.3823351206, 39.4655578722 ]
			},
			"properties" : {
				"NUCLEO" : "CACERES",
				"DISTRITO" : "CENTRO",
				"BARRIO" : "EL PERU",
				"CODBARRIO" : 16,
				"CODIGO_VIA" : 208,
				"TIPO_VIA" : "CALLE",
				"NOMBRE_VIA" : "GARCIA PLATA DE OSMA",
				"GESTION" : "PUBLICA",
				"URL_FICHA" : "https://sig.caceres.es/serweb/fichasig/fichamovilidadreducida.php?mslink=130",
				"URL_FOTO" : "https://sig.caceres.es/fotosOriginales/MOVILIDAD/208_3_1.JPG",
				"URL_VIA" : "https://sig.caceres.es/serweb/fichasig/fichacalle.php?codigo=208",
				"WGS84_X" : -6.382335,
				"WGS84_Y" : 39.465558,
				"COORD_X" : 725190,
				"COORD_Y" : 4371713
			}
		},
		{
			"type" : "Feature",
			"geometry" : {
				"type" : "Point",
				"coordinates" : [ -6.3833946476, 39.4633926839 ]
			},
			"properties" : {
				"NUCLEO" : "CACERES",
				"DISTRITO" : "CENTRO",
				"BARRIO" : "EL PERU",
				"CODBARRIO" : 16,
				"CODIGO_VIA" : 2363,
				"TIPO_VIA" : "CALLE",
				"NOMBRE_VIA" : "ANTONIO FLORIANO CUMBREÑO",
				"GESTION" : "PUBLICA",
				"URL_FICHA" : "https://sig.caceres.es/serweb/fichasig/fichamovilidadreducida.php?mslink=131",
				"URL_FOTO" : "https://sig.caceres.es/fotosOriginales/MOVILIDAD/2363_1_1.JPG",
				"URL_VIA" : "https://sig.caceres.es/serweb/fichasig/fichacalle.php?codigo=2363",
				"WGS84_X" : -6.383395,
				"WGS84_Y" : 39.463393,
				"COORD_X" : 725106,
				"COORD_Y" : 4371470
			}
		},
		{
			"type" : "Feature",
			"geometry" : {
				"type" : "Point",
				"coordinates" : [ -6.3851642011, 39.466361398 ]
			},
			"properties" : {
				"NUCLEO" : "CACERES",
				"DISTRITO" : "CENTRO",
				"BARRIO" : "EL PERU",
				"CODBARRIO" : 16,
				"CODIGO_VIA" : 2363,
				"TIPO_VIA" : "CALLE",
				"NOMBRE_VIA" : "ANTONIO FLORIANO CUMBREÑO",
				"F_REPINTAD" : "04/05/21",
				"GESTION" : "PUBLICA",
				"URL_FICHA" : "https://sig.caceres.es/serweb/fichasig/fichamovilidadreducida.php?mslink=132",
				"URL_FOTO" : "https://sig.caceres.es/fotosOriginales/MOVILIDAD/2363_2_1.JPG",
				"URL_VIA" : "https://sig.caceres.es/serweb/fichasig/fichacalle.php?codigo=2363",
				"WGS84_X" : -6.385164,
				"WGS84_Y" : 39.466361,
				"COORD_X" : 724944,
				"COORD_Y" : 4371795
			}
		},
		{
			"type" : "Feature",
			"geometry" : {
				"type" : "Point",
				"coordinates" : [ -6.3849762647, 39.4680899976 ]
			},
			"properties" : {
				"NUCLEO" : "CACERES",
				"DISTRITO" : "CENTRO",
				"BARRIO" : "EL PERU",
				"CODBARRIO" : 16,
				"CODIGO_VIA" : 537,
				"TIPO_VIA" : "AVDA",
				"NOMBRE_VIA" : "VIRGEN DE GUADALUPE",
				"GESTION" : "PUBLICA",
				"URL_FICHA" : "https://sig.caceres.es/serweb/fichasig/fichamovilidadreducida.php?mslink=133",
				"URL_FOTO" : "https://sig.caceres.es/fotosOriginales/MOVILIDAD/537_3_1.JPG",
				"URL_VIA" : "https://sig.caceres.es/serweb/fichasig/fichacalle.php?codigo=537",
				"WGS84_X" : -6.384976,
				"WGS84_Y" : 39.46809,
				"COORD_X" : 724955,
				"COORD_Y" : 4371988
			}
		},
		{
			"type" : "Feature",
			"geometry" : {
				"type" : "Point",
				"coordinates" : [ -6.3834665386, 39.4634241234 ]
			},
			"properties" : {
				"NUCLEO" : "CACERES",
				"DISTRITO" : "CENTRO",
				"BARRIO" : "EL PERU",
				"CODBARRIO" : 16,
				"CODIGO_VIA" : 2363,
				"TIPO_VIA" : "CALLE",
				"NOMBRE_VIA" : "ANTONIO FLORIANO CUMBREÑO",
				"GESTION" : "PUBLICA",
				"URL_FICHA" : "https://sig.caceres.es/serweb/fichasig/fichamovilidadreducida.php?mslink=134",
				"URL_FOTO" : "https://sig.caceres.es/fotosOriginales/MOVILIDAD/2363_1_1.JPG",
				"URL_VIA" : "https://sig.caceres.es/serweb/fichasig/fichacalle.php?codigo=2363",
				"WGS84_X" : -6.383467,
				"WGS84_Y" : 39.463424,
				"COORD_X" : 725100,
				"COORD_Y" : 4371473
			}
		},
		{
			"type" : "Feature",
			"geometry" : {
				"type" : "Point",
				"coordinates" : [ -6.38343073, 39.4634085411 ]
			},
			"properties" : {
				"NUCLEO" : "CACERES",
				"DISTRITO" : "CENTRO",
				"BARRIO" : "EL PERU",
				"CODBARRIO" : 16,
				"CODIGO_VIA" : 2363,
				"TIPO_VIA" : "CALLE",
				"NOMBRE_VIA" : "ANTONIO FLORIANO CUMBREÑO",
				"GESTION" : "PUBLICA",
				"URL_FICHA" : "https://sig.caceres.es/serweb/fichasig/fichamovilidadreducida.php?mslink=135",
				"URL_FOTO" : "https://sig.caceres.es/fotosOriginales/MOVILIDAD/2363_1_1.JPG",
				"URL_VIA" : "https://sig.caceres.es/serweb/fichasig/fichacalle.php?codigo=2363",
				"WGS84_X" : -6.383431,
				"WGS84_Y" : 39.463409,
				"COORD_X" : 725103,
				"COORD_Y" : 4371472
			}
		},
		{
			"type" : "Feature",
			"geometry" : {
				"type" : "Point",
				"coordinates" : [ -6.3856766794, 39.465841476 ]
			},
			"properties" : {
				"NUCLEO" : "CACERES",
				"DISTRITO" : "CENTRO",
				"BARRIO" : "EL PERU",
				"CODBARRIO" : 16,
				"CODIGO_VIA" : 2363,
				"TIPO_VIA" : "CALLE",
				"NOMBRE_VIA" : "ANTONIO FLORIANO CUMBREÑO",
				"GESTION" : "PUBLICA",
				"URL_FICHA" : "https://sig.caceres.es/serweb/fichasig/fichamovilidadreducida.php?mslink=560",
				"URL_VIA" : "https://sig.caceres.es/serweb/fichasig/fichacalle.php?codigo=2363",
				"WGS84_X" : -6.385677,
				"WGS84_Y" : 39.465841,
				"COORD_X" : 724902,
				"COORD_Y" : 4371736
			}
		},
		{
			"type" : "Feature",
			"geometry" : {
				"type" : "Point",
				"coordinates" : [ -6.3855989763, 39.4658443346 ]
			},
			"properties" : {
				"NUCLEO" : "CACERES",
				"DISTRITO" : "CENTRO",
				"BARRIO" : "EL PERU",
				"CODBARRIO" : 16,
				"CODIGO_VIA" : 2363,
				"TIPO_VIA" : "CALLE",
				"NOMBRE_VIA" : "ANTONIO FLORIANO CUMBREÑO",
				"GESTION" : "PUBLICA",
				"URL_FICHA" : "https://sig.caceres.es/serweb/fichasig/fichamovilidadreducida.php?mslink=561",
				"URL_VIA" : "https://sig.caceres.es/serweb/fichasig/fichacalle.php?codigo=2363",
				"WGS84_X" : -6.385599,
				"WGS84_Y" : 39.465844,
				"COORD_X" : 724909,
				"COORD_Y" : 4371737
			}
		},
		{
			"type" : "Feature",
			"geometry" : {
				"type" : "Point",
				"coordinates" : [ -6.3855225023, 39.4658471057 ]
			},
			"properties" : {
				"NUCLEO" : "CACERES",
				"DISTRITO" : "CENTRO",
				"BARRIO" : "EL PERU",
				"CODBARRIO" : 16,
				"CODIGO_VIA" : 2363,
				"TIPO_VIA" : "CALLE",
				"NOMBRE_VIA" : "ANTONIO FLORIANO CUMBREÑO",
				"GESTION" : "PUBLICA",
				"URL_FICHA" : "https://sig.caceres.es/serweb/fichasig/fichamovilidadreducida.php?mslink=562",
				"URL_VIA" : "https://sig.caceres.es/serweb/fichasig/fichacalle.php?codigo=2363",
				"WGS84_X" : -6.385523,
				"WGS84_Y" : 39.465847,
				"COORD_X" : 724915,
				"COORD_Y" : 4371737
			}
		},
		{
			"type" : "Feature",
			"geometry" : {
				"type" : "Point",
				"coordinates" : [ -6.3838809119, 39.4648884175 ]
			},
			"properties" : {
				"NUCLEO" : "CACERES",
				"DISTRITO" : "CENTRO",
				"BARRIO" : "EL PERU",
				"CODBARRIO" : 16,
				"CODIGO_VIA" : 465,
				"TIPO_VIA" : "CALLE",
				"NOMBRE_VIA" : "SANGUINO MICHEL",
				"GESTION" : "PUBLICA",
				"URL_FICHA" : "https://sig.caceres.es/serweb/fichasig/fichamovilidadreducida.php?mslink=563",
				"URL_VIA" : "https://sig.caceres.es/serweb/fichasig/fichacalle.php?codigo=465",
				"WGS84_X" : -6.383881,
				"WGS84_Y" : 39.464888,
				"COORD_X" : 725060,
				"COORD_Y" : 4371635
			}
		},
		{
			"type" : "Feature",
			"geometry" : {
				"type" : "Point",
				"coordinates" : [ -6.3843814604, 39.4651108207 ]
			},
			"properties" : {
				"NUCLEO" : "CACERES",
				"DISTRITO" : "CENTRO",
				"BARRIO" : "EL PERU",
				"CODBARRIO" : 16,
				"CODIGO_VIA" : 55,
				"TIPO_VIA" : "CALLE",
				"NOMBRE_VIA" : "AREQUIPA",
				"NUMPOL" : "4",
				"GESTION" : "PUBLICA",
				"URL_FICHA" : "https://sig.caceres.es/serweb/fichasig/fichamovilidadreducida.php?mslink=564",
				"URL_VIA" : "https://sig.caceres.es/serweb/fichasig/fichacalle.php?codigo=55",
				"WGS84_X" : -6.384381,
				"WGS84_Y" : 39.465111,
				"COORD_X" : 725016,
				"COORD_Y" : 4371658
			}
		},
		{
			"type" : "Feature",
			"geometry" : {
				"type" : "Point",
				"coordinates" : [ -6.3838218614, 39.4627192608 ]
			},
			"properties" : {
				"NUCLEO" : "CACERES",
				"DISTRITO" : "CENTRO",
				"BARRIO" : "EL PERU",
				"CODBARRIO" : 16,
				"CODIGO_VIA" : 465,
				"TIPO_VIA" : "CALLE",
				"NOMBRE_VIA" : "SANGUINO MICHEL",
				"F_CREACION" : "5/10/2021",
				"GESTION" : "PUBLICA",
				"URL_FICHA" : "https://sig.caceres.es/serweb/fichasig/fichamovilidadreducida.php?mslink=597",
				"URL_VIA" : "https://sig.caceres.es/serweb/fichasig/fichacalle.php?codigo=465",
				"WGS84_X" : -6.383822,
				"WGS84_Y" : 39.462719,
				"COORD_X" : 725072,
				"COORD_Y" : 4371394
			}
		},
		{
			"type" : "Feature",
			"geometry" : {
				"type" : "Point",
				"coordinates" : [ -6.3711190517, 39.4697896647 ]
			},
			"properties" : {
				"NUCLEO" : "CACERES",
				"DISTRITO" : "CENTRO",
				"BARRIO" : "HERNRNDEZ PACHECO",
				"CODBARRIO" : 24,
				"CODIGO_VIA" : 2092,
				"TIPO_VIA" : "CALLE",
				"NOMBRE_VIA" : "CARRERA",
				"NUMPOL" : "1",
				"GESTION" : "PUBLICA",
				"URL_FICHA" : "https://sig.caceres.es/serweb/fichasig/fichamovilidadreducida.php?mslink=136",
				"URL_FOTO" : "https://sig.caceres.es/fotosOriginales/MOVILIDAD/2092_1_1.JPG",
				"URL_VIA" : "https://sig.caceres.es/serweb/fichasig/fichacalle.php?codigo=2092",
				"WGS84_X" : -6.371119,
				"WGS84_Y" : 39.46979,
				"COORD_X" : 726142,
				"COORD_Y" : 4372211
			}
		},
		{
			"type" : "Feature",
			"geometry" : {
				"type" : "Point",
				"coordinates" : [ -6.3700622083, 39.4688700336 ]
			},
			"properties" : {
				"NUCLEO" : "CACERES",
				"DISTRITO" : "CENTRO",
				"BARRIO" : "HERNRNDEZ PACHECO",
				"CODBARRIO" : 24,
				"CODIGO_VIA" : 1541,
				"TIPO_VIA" : "CALLE",
				"NOMBRE_VIA" : "HERMANOS ROMERO RUIZ",
				"NUMPOL" : "2",
				"GESTION" : "PUBLICA",
				"URL_FICHA" : "https://sig.caceres.es/serweb/fichasig/fichamovilidadreducida.php?mslink=137",
				"URL_FOTO" : "https://sig.caceres.es/fotosOriginales/MOVILIDAD/1541_1_1.JPG",
				"URL_VIA" : "https://sig.caceres.es/serweb/fichasig/fichacalle.php?codigo=1541",
				"WGS84_X" : -6.370062,
				"WGS84_Y" : 39.46887,
				"COORD_X" : 726236,
				"COORD_Y" : 4372111
			}
		},
		{
			"type" : "Feature",
			"geometry" : {
				"type" : "Point",
				"coordinates" : [ -6.3700766177, 39.4688405343 ]
			},
			"properties" : {
				"NUCLEO" : "CACERES",
				"DISTRITO" : "CENTRO",
				"BARRIO" : "HERNRNDEZ PACHECO",
				"CODBARRIO" : 24,
				"CODIGO_VIA" : 1541,
				"TIPO_VIA" : "CALLE",
				"NOMBRE_VIA" : "HERMANOS ROMERO RUIZ",
				"NUMPOL" : "2",
				"GESTION" : "PUBLICA",
				"URL_FICHA" : "https://sig.caceres.es/serweb/fichasig/fichamovilidadreducida.php?mslink=138",
				"URL_FOTO" : "https://sig.caceres.es/fotosOriginales/MOVILIDAD/1541_1_1.JPG",
				"URL_VIA" : "https://sig.caceres.es/serweb/fichasig/fichacalle.php?codigo=1541",
				"WGS84_X" : -6.370077,
				"WGS84_Y" : 39.468841,
				"COORD_X" : 726235,
				"COORD_Y" : 4372108
			}
		},
		{
			"type" : "Feature",
			"geometry" : {
				"type" : "Point",
				"coordinates" : [ -6.3691896778, 39.4690203974 ]
			},
			"properties" : {
				"NUCLEO" : "CACERES",
				"DISTRITO" : "CENTRO",
				"BARRIO" : "HERNRNDEZ PACHECO",
				"CODBARRIO" : 24,
				"CODIGO_VIA" : 1427,
				"TIPO_VIA" : "CALLE",
				"NOMBRE_VIA" : "DE SAN FRANCISCO",
				"NUMPOL" : "4",
				"GESTION" : "PUBLICA",
				"URL_FICHA" : "https://sig.caceres.es/serweb/fichasig/fichamovilidadreducida.php?mslink=139",
				"URL_FOTO" : "https://sig.caceres.es/fotosOriginales/MOVILIDAD/1427_1_1.JPG",
				"URL_VIA" : "https://sig.caceres.es/serweb/fichasig/fichacalle.php?codigo=1427",
				"WGS84_X" : -6.36919,
				"WGS84_Y" : 39.46902,
				"COORD_X" : 726310,
				"COORD_Y" : 4372130
			}
		},
		{
			"type" : "Feature",
			"geometry" : {
				"type" : "Point",
				"coordinates" : [ -6.3722421953, 39.4697802925 ]
			},
			"properties" : {
				"NUCLEO" : "CACERES",
				"DISTRITO" : "CENTRO",
				"BARRIO" : "HERNRNDEZ PACHECO",
				"CODBARRIO" : 24,
				"CODIGO_VIA" : 393,
				"TIPO_VIA" : "CALLE",
				"NOMBRE_VIA" : "PROFESOR HERNANDEZ PACHECO",
				"NUMPOL" : "10",
				"GESTION" : "PUBLICA",
				"URL_FICHA" : "https://sig.caceres.es/serweb/fichasig/fichamovilidadreducida.php?mslink=140",
				"URL_FOTO" : "https://sig.caceres.es/fotosOriginales/MOVILIDAD/393_1_1.JPG",
				"URL_VIA" : "https://sig.caceres.es/serweb/fichasig/fichacalle.php?codigo=393",
				"WGS84_X" : -6.372242,
				"WGS84_Y" : 39.46978,
				"COORD_X" : 726045,
				"COORD_Y" : 4372207
			}
		},
		{
			"type" : "Feature",
			"geometry" : {
				"type" : "Point",
				"coordinates" : [ -6.3732291025, 39.4700293339 ]
			},
			"properties" : {
				"NUCLEO" : "CACERES",
				"DISTRITO" : "CENTRO",
				"BARRIO" : "HERNRNDEZ PACHECO",
				"CODBARRIO" : 24,
				"CODIGO_VIA" : 134,
				"TIPO_VIA" : "CALLE",
				"NOMBRE_VIA" : "COLON",
				"NUMPOL" : "5",
				"GESTION" : "PUBLICA",
				"URL_FICHA" : "https://sig.caceres.es/serweb/fichasig/fichamovilidadreducida.php?mslink=141",
				"URL_FOTO" : "https://sig.caceres.es/fotosOriginales/MOVILIDAD/134_2_1.JPG",
				"URL_VIA" : "https://sig.caceres.es/serweb/fichasig/fichacalle.php?codigo=134",
				"WGS84_X" : -6.373229,
				"WGS84_Y" : 39.470029,
				"COORD_X" : 725959,
				"COORD_Y" : 4372232
			}
		},
		{
			"type" : "Feature",
			"geometry" : {
				"type" : "Point",
				"coordinates" : [ -6.3731972196, 39.4701031592 ]
			},
			"properties" : {
				"NUCLEO" : "CACERES",
				"DISTRITO" : "CENTRO",
				"BARRIO" : "HERNRNDEZ PACHECO",
				"CODBARRIO" : 24,
				"CODIGO_VIA" : 134,
				"TIPO_VIA" : "CALLE",
				"NOMBRE_VIA" : "COLON",
				"NUMPOL" : "3",
				"GESTION" : "PUBLICA",
				"URL_FICHA" : "https://sig.caceres.es/serweb/fichasig/fichamovilidadreducida.php?mslink=142",
				"URL_FOTO" : "https://sig.caceres.es/fotosOriginales/MOVILIDAD/134_1_1.JPG",
				"URL_VIA" : "https://sig.caceres.es/serweb/fichasig/fichacalle.php?codigo=134",
				"WGS84_X" : -6.373197,
				"WGS84_Y" : 39.470103,
				"COORD_X" : 725962,
				"COORD_Y" : 4372240
			}
		},
		{
			"type" : "Feature",
			"geometry" : {
				"type" : "Point",
				"coordinates" : [ -6.3727488901, 39.4695987062 ]
			},
			"properties" : {
				"NUCLEO" : "CACERES",
				"DISTRITO" : "CENTRO",
				"BARRIO" : "HERNRNDEZ PACHECO",
				"CODBARRIO" : 24,
				"CODIGO_VIA" : 393,
				"TIPO_VIA" : "CALLE",
				"NOMBRE_VIA" : "PROFESOR HERNANDEZ PACHECO",
				"NUMPOL" : "16",
				"F_CREACION" : "30/11/2020",
				"GESTION" : "PUBLICA",
				"PRIVATIVA" : "si",
				"MATRICULA" : "5353GKS",
				"URL_FICHA" : "https://sig.caceres.es/serweb/fichasig/fichamovilidadreducida.php?mslink=548",
				"URL_FOTO" : "https://sig.caceres.es/fotosOriginales/MOVILIDAD/393_2_1.JPG",
				"URL_VIA" : "https://sig.caceres.es/serweb/fichasig/fichacalle.php?codigo=393",
				"WGS84_X" : -6.372749,
				"WGS84_Y" : 39.469599,
				"COORD_X" : 726002,
				"COORD_Y" : 4372186
			}
		},
		{
			"type" : "Feature",
			"geometry" : {
				"type" : "Point",
				"coordinates" : [ -6.3745457311, 39.4705064278 ]
			},
			"properties" : {
				"NUCLEO" : "CACERES",
				"DISTRITO" : "CENTRO",
				"BARRIO" : "VIRGEN DE LA MONTAÑA",
				"CODBARRIO" : 77,
				"CODIGO_VIA" : 377,
				"TIPO_VIA" : "CALLE",
				"NOMBRE_VIA" : "PERIODISTA SANCHEZ ASENSIO",
				"GESTION" : "PUBLICA",
				"URL_FICHA" : "https://sig.caceres.es/serweb/fichasig/fichamovilidadreducida.php?mslink=143",
				"URL_FOTO" : "https://sig.caceres.es/fotosOriginales/MOVILIDAD/377_1_1.JPG",
				"URL_VIA" : "https://sig.caceres.es/serweb/fichasig/fichacalle.php?codigo=377",
				"WGS84_X" : -6.374546,
				"WGS84_Y" : 39.470506,
				"COORD_X" : 725845,
				"COORD_Y" : 4372282
			}
		},
		{
			"type" : "Feature",
			"geometry" : {
				"type" : "Point",
				"coordinates" : [ -6.3753443593, 39.4714997381 ]
			},
			"properties" : {
				"NUCLEO" : "CACERES",
				"DISTRITO" : "CENTRO",
				"BARRIO" : "VIRGEN DE LA MONTAÑA",
				"CODBARRIO" : 77,
				"CODIGO_VIA" : 159,
				"TIPO_VIA" : "CALLE",
				"NOMBRE_VIA" : "DIEGO MARIA CREHUET",
				"NUMPOL" : "8",
				"F_CREACION" : "03/04/2017",
				"F_REPINTAD" : "03/04/2017",
				"GESTION" : "PUBLICA",
				"URL_FICHA" : "https://sig.caceres.es/serweb/fichasig/fichamovilidadreducida.php?mslink=537",
				"URL_FOTO" : "https://sig.caceres.es/fotosOriginales/MOVILIDAD/159_1_1.JPG",
				"URL_VIA" : "https://sig.caceres.es/serweb/fichasig/fichacalle.php?codigo=159",
				"WGS84_X" : -6.375344,
				"WGS84_Y" : 39.4715,
				"COORD_X" : 725773,
				"COORD_Y" : 4372390
			}
		},
		{
			"type" : "Feature",
			"geometry" : {
				"type" : "Point",
				"coordinates" : [ -6.3748684664, 39.4712248476 ]
			},
			"properties" : {
				"NUCLEO" : "CACERES",
				"DISTRITO" : "CENTRO",
				"BARRIO" : "VIRGEN DE LA MONTAÑA",
				"CODBARRIO" : 77,
				"CODIGO_VIA" : 159,
				"TIPO_VIA" : "CALLE",
				"NOMBRE_VIA" : "DIEGO MARIA CREHUET",
				"NUMPOL" : "13",
				"GESTION" : "PUBLICA",
				"URL_FICHA" : "https://sig.caceres.es/serweb/fichasig/fichamovilidadreducida.php?mslink=587",
				"URL_VIA" : "https://sig.caceres.es/serweb/fichasig/fichacalle.php?codigo=159",
				"WGS84_X" : -6.374868,
				"WGS84_Y" : 39.471225,
				"COORD_X" : 725815,
				"COORD_Y" : 4372361
			}
		},
		{
			"type" : "Feature",
			"geometry" : {
				"type" : "Point",
				"coordinates" : [ -6.3735918605, 39.4702736693 ]
			},
			"properties" : {
				"NUCLEO" : "CACERES",
				"DISTRITO" : "CENTRO",
				"BARRIO" : "VIRGEN DE LA MONTAÑA",
				"CODBARRIO" : 77,
				"CODIGO_VIA" : 159,
				"TIPO_VIA" : "CALLE",
				"NOMBRE_VIA" : "DIEGO MARIA CREHUET",
				"GESTION" : "PUBLICA",
				"URL_FICHA" : "https://sig.caceres.es/serweb/fichasig/fichamovilidadreducida.php?mslink=643",
				"URL_FOTO" : "https://sig.caceres.es/fotosOriginales/MOVILIDAD/159_3_1.JPG",
				"URL_VIA" : "https://sig.caceres.es/serweb/fichasig/fichacalle.php?codigo=159",
				"WGS84_X" : -6.373592,
				"WGS84_Y" : 39.470274,
				"COORD_X" : 725927,
				"COORD_Y" : 4372258
			}
		},
		{
			"type" : "Feature",
			"geometry" : {
				"type" : "Point",
				"coordinates" : [ -6.3724692276, 39.4759848539 ]
			},
			"properties" : {
				"NUCLEO" : "CACERES",
				"DISTRITO" : "CENTRO",
				"BARRIO" : "PLAZA MAYOR",
				"CODBARRIO" : 52,
				"CODIGO_VIA" : 1968,
				"TIPO_VIA" : "CALLE",
				"NOMBRE_VIA" : "SANTO DOMINGO",
				"NUMPOL" : "2",
				"F_CREACION" : "04/05/21",
				"F_REPINTAD" : "04/05/21",
				"GESTION" : "PUBLICA",
				"URL_FICHA" : "https://sig.caceres.es/serweb/fichasig/fichamovilidadreducida.php?mslink=555",
				"URL_FOTO" : "https://sig.caceres.es/fotosOriginales/MOVILIDAD/1968_1_1.JPG",
				"URL_VIA" : "https://sig.caceres.es/serweb/fichasig/fichacalle.php?codigo=1968",
				"WGS84_X" : -6.372469,
				"WGS84_Y" : 39.475985,
				"COORD_X" : 726006,
				"COORD_Y" : 4372895
			}
		},
		{
			"type" : "Feature",
			"geometry" : {
				"type" : "Point",
				"coordinates" : [ -6.3764859418, 39.4793969846 ]
			},
			"properties" : {
				"NUCLEO" : "CACERES",
				"DISTRITO" : "CENTRO",
				"BARRIO" : "AGUAS VIVAS",
				"CODBARRIO" : 1,
				"CODIGO_VIA" : 5,
				"TIPO_VIA" : "CALLE",
				"NOMBRE_VIA" : "AGUAS VIVAS",
				"NUMPOL" : "1",
				"GESTION" : "PUBLICA",
				"URL_FICHA" : "https://sig.caceres.es/serweb/fichasig/fichamovilidadreducida.php?mslink=147",
				"URL_FOTO" : "https://sig.caceres.es/fotosOriginales/MOVILIDAD/5_1_1.JPG",
				"URL_VIA" : "https://sig.caceres.es/serweb/fichasig/fichacalle.php?codigo=5",
				"WGS84_X" : -6.376486,
				"WGS84_Y" : 39.479397,
				"COORD_X" : 725649,
				"COORD_Y" : 4373264
			}
		},
		{
			"type" : "Feature",
			"geometry" : {
				"type" : "Point",
				"coordinates" : [ -6.3764559674, 39.4794135155 ]
			},
			"properties" : {
				"NUCLEO" : "CACERES",
				"DISTRITO" : "CENTRO",
				"BARRIO" : "AGUAS VIVAS",
				"CODBARRIO" : 1,
				"CODIGO_VIA" : 5,
				"TIPO_VIA" : "CALLE",
				"NOMBRE_VIA" : "AGUAS VIVAS",
				"NUMPOL" : "1",
				"GESTION" : "PUBLICA",
				"URL_FICHA" : "https://sig.caceres.es/serweb/fichasig/fichamovilidadreducida.php?mslink=148",
				"URL_FOTO" : "https://sig.caceres.es/fotosOriginales/MOVILIDAD/5_1_1.JPG",
				"URL_VIA" : "https://sig.caceres.es/serweb/fichasig/fichacalle.php?codigo=5",
				"WGS84_X" : -6.376456,
				"WGS84_Y" : 39.479414,
				"COORD_X" : 725652,
				"COORD_Y" : 4373266
			}
		},
		{
			"type" : "Feature",
			"geometry" : {
				"type" : "Point",
				"coordinates" : [ -6.3784468676, 39.4798408225 ]
			},
			"properties" : {
				"NUCLEO" : "CACERES",
				"DISTRITO" : "CENTRO",
				"BARRIO" : "AGUAS VIVAS",
				"CODBARRIO" : 1,
				"CODIGO_VIA" : 861,
				"TIPO_VIA" : "CALLE",
				"NOMBRE_VIA" : "ENCINILLA",
				"NUMPOL" : "15",
				"GESTION" : "PUBLICA",
				"URL_FICHA" : "https://sig.caceres.es/serweb/fichasig/fichamovilidadreducida.php?mslink=149",
				"URL_FOTO" : "https://sig.caceres.es/fotosOriginales/MOVILIDAD/861_1_1.JPG",
				"URL_VIA" : "https://sig.caceres.es/serweb/fichasig/fichacalle.php?codigo=861",
				"WGS84_X" : -6.378447,
				"WGS84_Y" : 39.479841,
				"COORD_X" : 725479,
				"COORD_Y" : 4373308
			}
		},
		{
			"type" : "Feature",
			"geometry" : {
				"type" : "Point",
				"coordinates" : [ -6.3797810465, 39.4807891613 ]
			},
			"properties" : {
				"NUCLEO" : "CACERES",
				"DISTRITO" : "CENTRO",
				"BARRIO" : "AGUAS VIVAS",
				"CODBARRIO" : 1,
				"CODIGO_VIA" : 76,
				"TIPO_VIA" : "CALLE",
				"NOMBRE_VIA" : "ZARAGOZA",
				"NUMPOL" : "19",
				"GESTION" : "PUBLICA",
				"URL_FICHA" : "https://sig.caceres.es/serweb/fichasig/fichamovilidadreducida.php?mslink=150",
				"URL_FOTO" : "https://sig.caceres.es/fotosOriginales/MOVILIDAD/76_1_1.JPG",
				"URL_VIA" : "https://sig.caceres.es/serweb/fichasig/fichacalle.php?codigo=76",
				"WGS84_X" : -6.379781,
				"WGS84_Y" : 39.480789,
				"COORD_X" : 725361,
				"COORD_Y" : 4373410
			}
		},
		{
			"type" : "Feature",
			"geometry" : {
				"type" : "Point",
				"coordinates" : [ -6.3675639431, 39.4561062144 ]
			},
			"properties" : {
				"NUCLEO" : "CACERES",
				"DISTRITO" : "SUR",
				"BARRIO" : "VISTAHERMOSA",
				"CODBARRIO" : 78,
				"CODIGO_VIA" : 1427,
				"TIPO_VIA" : "RONDA",
				"NOMBRE_VIA" : "DE SAN FRANCISCO",
				"GESTION" : "PRIVADA",
				"URL_FICHA" : "https://sig.caceres.es/serweb/fichasig/fichamovilidadreducida.php?mslink=152",
				"URL_FOTO" : "https://sig.caceres.es/fotosOriginales/MOVILIDAD/1427_7_1.JPG",
				"URL_VIA" : "https://sig.caceres.es/serweb/fichasig/fichacalle.php?codigo=1427",
				"WGS84_X" : -6.367564,
				"WGS84_Y" : 39.456106,
				"COORD_X" : 726492,
				"COORD_Y" : 4370701
			}
		},
		{
			"type" : "Feature",
			"geometry" : {
				"type" : "Point",
				"coordinates" : [ -6.3675533878, 39.4560797894 ]
			},
			"properties" : {
				"NUCLEO" : "CACERES",
				"DISTRITO" : "SUR",
				"BARRIO" : "VISTAHERMOSA",
				"CODBARRIO" : 78,
				"CODIGO_VIA" : 1427,
				"TIPO_VIA" : "RONDA",
				"NOMBRE_VIA" : "DE SAN FRANCISCO",
				"GESTION" : "PRIVADA",
				"URL_FICHA" : "https://sig.caceres.es/serweb/fichasig/fichamovilidadreducida.php?mslink=153",
				"URL_FOTO" : "https://sig.caceres.es/fotosOriginales/MOVILIDAD/1427_7_1.JPG",
				"URL_VIA" : "https://sig.caceres.es/serweb/fichasig/fichacalle.php?codigo=1427",
				"WGS84_X" : -6.367553,
				"WGS84_Y" : 39.45608,
				"COORD_X" : 726493,
				"COORD_Y" : 4370698
			}
		},
		{
			"type" : "Feature",
			"geometry" : {
				"type" : "Point",
				"coordinates" : [ -6.367544797, 39.4560531324 ]
			},
			"properties" : {
				"NUCLEO" : "CACERES",
				"DISTRITO" : "SUR",
				"BARRIO" : "VISTAHERMOSA",
				"CODBARRIO" : 78,
				"CODIGO_VIA" : 1427,
				"TIPO_VIA" : "RONDA",
				"NOMBRE_VIA" : "DE SAN FRANCISCO",
				"GESTION" : "PRIVADA",
				"URL_FICHA" : "https://sig.caceres.es/serweb/fichasig/fichamovilidadreducida.php?mslink=154",
				"URL_FOTO" : "https://sig.caceres.es/fotosOriginales/MOVILIDAD/1427_7_1.JPG",
				"URL_VIA" : "https://sig.caceres.es/serweb/fichasig/fichacalle.php?codigo=1427",
				"WGS84_X" : -6.367545,
				"WGS84_Y" : 39.456053,
				"COORD_X" : 726494,
				"COORD_Y" : 4370695
			}
		},
		{
			"type" : "Feature",
			"geometry" : {
				"type" : "Point",
				"coordinates" : [ -6.365404999, 39.4559924125 ]
			},
			"properties" : {
				"NUCLEO" : "CACERES",
				"DISTRITO" : "SUR",
				"BARRIO" : "VISTAHERMOSA",
				"CODBARRIO" : 78,
				"CODIGO_VIA" : 4119,
				"TIPO_VIA" : "CALLE",
				"NOMBRE_VIA" : "VERDI",
				"GESTION" : "PUBLICA",
				"URL_FICHA" : "https://sig.caceres.es/serweb/fichasig/fichamovilidadreducida.php?mslink=155",
				"URL_FOTO" : "https://sig.caceres.es/fotosOriginales/MOVILIDAD/4119_1_1.JPG",
				"URL_VIA" : "https://sig.caceres.es/serweb/fichasig/fichacalle.php?codigo=4119",
				"WGS84_X" : -6.365405,
				"WGS84_Y" : 39.455992,
				"COORD_X" : 726678,
				"COORD_Y" : 4370694
			}
		},
		{
			"type" : "Feature",
			"geometry" : {
				"type" : "Point",
				"coordinates" : [ -6.3642194911, 39.4563606781 ]
			},
			"properties" : {
				"NUCLEO" : "CACERES",
				"DISTRITO" : "SUR",
				"BARRIO" : "VISTAHERMOSA",
				"CODBARRIO" : 78,
				"CODIGO_VIA" : 4119,
				"TIPO_VIA" : "CALLE",
				"NOMBRE_VIA" : "VERDI",
				"GESTION" : "PUBLICA",
				"URL_FICHA" : "https://sig.caceres.es/serweb/fichasig/fichamovilidadreducida.php?mslink=156",
				"URL_FOTO" : "https://sig.caceres.es/fotosOriginales/MOVILIDAD/4119_2_1.JPG",
				"URL_VIA" : "https://sig.caceres.es/serweb/fichasig/fichacalle.php?codigo=4119",
				"WGS84_X" : -6.364219,
				"WGS84_Y" : 39.456361,
				"COORD_X" : 726779,
				"COORD_Y" : 4370738
			}
		},
		{
			"type" : "Feature",
			"geometry" : {
				"type" : "Point",
				"coordinates" : [ -6.3636850264, 39.456527584 ]
			},
			"properties" : {
				"NUCLEO" : "CACERES",
				"DISTRITO" : "SUR",
				"BARRIO" : "VISTAHERMOSA",
				"CODBARRIO" : 78,
				"CODIGO_VIA" : 4119,
				"TIPO_VIA" : "CALLE",
				"NOMBRE_VIA" : "VERDI",
				"GESTION" : "PUBLICA",
				"URL_FICHA" : "https://sig.caceres.es/serweb/fichasig/fichamovilidadreducida.php?mslink=157",
				"URL_FOTO" : "https://sig.caceres.es/fotosOriginales/MOVILIDAD/4119_3_1.JPG",
				"URL_VIA" : "https://sig.caceres.es/serweb/fichasig/fichacalle.php?codigo=4119",
				"WGS84_X" : -6.363685,
				"WGS84_Y" : 39.456528,
				"COORD_X" : 726824,
				"COORD_Y" : 4370757
			}
		},
		{
			"type" : "Feature",
			"geometry" : {
				"type" : "Point",
				"coordinates" : [ -6.3666270377, 39.4569696835 ]
			},
			"properties" : {
				"NUCLEO" : "CACERES",
				"DISTRITO" : "SUR",
				"BARRIO" : "VISTAHERMOSA",
				"CODBARRIO" : 78,
				"CODIGO_VIA" : 4107,
				"TIPO_VIA" : "CALLE",
				"NOMBRE_VIA" : "CHOPIN",
				"GESTION" : "PUBLICA",
				"URL_FICHA" : "https://sig.caceres.es/serweb/fichasig/fichamovilidadreducida.php?mslink=158",
				"URL_FOTO" : "https://sig.caceres.es/fotosOriginales/MOVILIDAD/4107_1_1.JPG",
				"URL_VIA" : "https://sig.caceres.es/serweb/fichasig/fichacalle.php?codigo=4107",
				"WGS84_X" : -6.366627,
				"WGS84_Y" : 39.45697,
				"COORD_X" : 726570,
				"COORD_Y" : 4370799
			}
		},
		{
			"type" : "Feature",
			"geometry" : {
				"type" : "Point",
				"coordinates" : [ -6.3644880839, 39.4548822111 ]
			},
			"properties" : {
				"NUCLEO" : "CACERES",
				"DISTRITO" : "SUR",
				"BARRIO" : "VISTAHERMOSA",
				"CODBARRIO" : 78,
				"CODIGO_VIA" : 4103,
				"TIPO_VIA" : "CALLE",
				"NOMBRE_VIA" : "BEETHOVEN",
				"GESTION" : "PUBLICA",
				"URL_FICHA" : "https://sig.caceres.es/serweb/fichasig/fichamovilidadreducida.php?mslink=159",
				"URL_FOTO" : "https://sig.caceres.es/fotosOriginales/MOVILIDAD/4103_1_1.JPG",
				"URL_VIA" : "https://sig.caceres.es/serweb/fichasig/fichacalle.php?codigo=4103",
				"WGS84_X" : -6.364488,
				"WGS84_Y" : 39.454882,
				"COORD_X" : 726761,
				"COORD_Y" : 4370573
			}
		},
		{
			"type" : "Feature",
			"geometry" : {
				"type" : "Point",
				"coordinates" : [ -6.3638811964, 39.4551245784 ]
			},
			"properties" : {
				"NUCLEO" : "CACERES",
				"DISTRITO" : "SUR",
				"BARRIO" : "VISTAHERMOSA",
				"CODBARRIO" : 78,
				"CODIGO_VIA" : 4103,
				"TIPO_VIA" : "CALLE",
				"NOMBRE_VIA" : "BEETHOVEN",
				"GESTION" : "PUBLICA",
				"URL_FICHA" : "https://sig.caceres.es/serweb/fichasig/fichamovilidadreducida.php?mslink=160",
				"URL_FOTO" : "https://sig.caceres.es/fotosOriginales/MOVILIDAD/4103_2_1.JPG",
				"URL_VIA" : "https://sig.caceres.es/serweb/fichasig/fichacalle.php?codigo=4103",
				"WGS84_X" : -6.363881,
				"WGS84_Y" : 39.455125,
				"COORD_X" : 726812,
				"COORD_Y" : 4370601
			}
		},
		{
			"type" : "Feature",
			"geometry" : {
				"type" : "Point",
				"coordinates" : [ -6.3633730795, 39.4553295599 ]
			},
			"properties" : {
				"NUCLEO" : "CACERES",
				"DISTRITO" : "SUR",
				"BARRIO" : "VISTAHERMOSA",
				"CODBARRIO" : 78,
				"CODIGO_VIA" : 4103,
				"TIPO_VIA" : "CALLE",
				"NOMBRE_VIA" : "BEETHOVEN",
				"GESTION" : "PUBLICA",
				"URL_FICHA" : "https://sig.caceres.es/serweb/fichasig/fichamovilidadreducida.php?mslink=161",
				"URL_FOTO" : "https://sig.caceres.es/fotosOriginales/MOVILIDAD/4103_3_1.JPG",
				"URL_VIA" : "https://sig.caceres.es/serweb/fichasig/fichacalle.php?codigo=4103",
				"WGS84_X" : -6.363373,
				"WGS84_Y" : 39.45533,
				"COORD_X" : 726855,
				"COORD_Y" : 4370625
			}
		},
		{
			"type" : "Feature",
			"geometry" : {
				"type" : "Point",
				"coordinates" : [ -6.3628528006, 39.4555358063 ]
			},
			"properties" : {
				"NUCLEO" : "CACERES",
				"DISTRITO" : "SUR",
				"BARRIO" : "VISTAHERMOSA",
				"CODBARRIO" : 78,
				"CODIGO_VIA" : 4103,
				"TIPO_VIA" : "CALLE",
				"NOMBRE_VIA" : "BEETHOVEN",
				"GESTION" : "PUBLICA",
				"URL_FICHA" : "https://sig.caceres.es/serweb/fichasig/fichamovilidadreducida.php?mslink=162",
				"URL_FOTO" : "https://sig.caceres.es/fotosOriginales/MOVILIDAD/4103_4_1.JPG",
				"URL_VIA" : "https://sig.caceres.es/serweb/fichasig/fichacalle.php?codigo=4103",
				"WGS84_X" : -6.362853,
				"WGS84_Y" : 39.455536,
				"COORD_X" : 726899,
				"COORD_Y" : 4370649
			}
		},
		{
			"type" : "Feature",
			"geometry" : {
				"type" : "Point",
				"coordinates" : [ -6.3640563949, 39.4538860252 ]
			},
			"properties" : {
				"NUCLEO" : "CACERES",
				"DISTRITO" : "SUR",
				"BARRIO" : "VISTAHERMOSA",
				"CODBARRIO" : 78,
				"CODIGO_VIA" : 4100,
				"TIPO_VIA" : "CALLE",
				"NOMBRE_VIA" : "VIVALDI",
				"GESTION" : "PUBLICA",
				"URL_FICHA" : "https://sig.caceres.es/serweb/fichasig/fichamovilidadreducida.php?mslink=163",
				"URL_FOTO" : "https://sig.caceres.es/fotosOriginales/MOVILIDAD/4100_4_1.JPG",
				"URL_VIA" : "https://sig.caceres.es/serweb/fichasig/fichacalle.php?codigo=4100",
				"WGS84_X" : -6.364056,
				"WGS84_Y" : 39.453886,
				"COORD_X" : 726801,
				"COORD_Y" : 4370463
			}
		},
		{
			"type" : "Feature",
			"geometry" : {
				"type" : "Point",
				"coordinates" : [ -6.3634554475, 39.454167544 ]
			},
			"properties" : {
				"NUCLEO" : "CACERES",
				"DISTRITO" : "SUR",
				"BARRIO" : "VISTAHERMOSA",
				"CODBARRIO" : 78,
				"CODIGO_VIA" : 4100,
				"TIPO_VIA" : "CALLE",
				"NOMBRE_VIA" : "VIVALDI",
				"GESTION" : "PUBLICA",
				"URL_FICHA" : "https://sig.caceres.es/serweb/fichasig/fichamovilidadreducida.php?mslink=164",
				"URL_FOTO" : "https://sig.caceres.es/fotosOriginales/MOVILIDAD/4100_3_1.JPG",
				"URL_VIA" : "https://sig.caceres.es/serweb/fichasig/fichacalle.php?codigo=4100",
				"WGS84_X" : -6.363455,
				"WGS84_Y" : 39.454168,
				"COORD_X" : 726852,
				"COORD_Y" : 4370496
			}
		},
		{
			"type" : "Feature",
			"geometry" : {
				"type" : "Point",
				"coordinates" : [ -6.3624645785, 39.4546311358 ]
			},
			"properties" : {
				"NUCLEO" : "CACERES",
				"DISTRITO" : "SUR",
				"BARRIO" : "VISTAHERMOSA",
				"CODBARRIO" : 78,
				"CODIGO_VIA" : 4100,
				"TIPO_VIA" : "CALLE",
				"NOMBRE_VIA" : "VIVALDI",
				"GESTION" : "PUBLICA",
				"URL_FICHA" : "https://sig.caceres.es/serweb/fichasig/fichamovilidadreducida.php?mslink=165",
				"URL_FOTO" : "https://sig.caceres.es/fotosOriginales/MOVILIDAD/4100_1_1.JPG",
				"URL_VIA" : "https://sig.caceres.es/serweb/fichasig/fichacalle.php?codigo=4100",
				"WGS84_X" : -6.362465,
				"WGS84_Y" : 39.454631,
				"COORD_X" : 726936,
				"COORD_Y" : 4370550
			}
		},
		{
			"type" : "Feature",
			"geometry" : {
				"type" : "Point",
				"coordinates" : [ -6.3637031762, 39.4541968747 ]
			},
			"properties" : {
				"NUCLEO" : "CACERES",
				"DISTRITO" : "SUR",
				"BARRIO" : "VISTAHERMOSA",
				"CODBARRIO" : 78,
				"CODIGO_VIA" : 4101,
				"TIPO_VIA" : "CALLE",
				"NOMBRE_VIA" : "JUAN SEBASTIAN BACH",
				"GESTION" : "PUBLICA",
				"URL_FICHA" : "https://sig.caceres.es/serweb/fichasig/fichamovilidadreducida.php?mslink=166",
				"URL_FOTO" : "https://sig.caceres.es/fotosOriginales/MOVILIDAD/4101_2_1.JPG",
				"URL_VIA" : "https://sig.caceres.es/serweb/fichasig/fichacalle.php?codigo=4101",
				"WGS84_X" : -6.363703,
				"WGS84_Y" : 39.454197,
				"COORD_X" : 726830,
				"COORD_Y" : 4370499
			}
		},
		{
			"type" : "Feature",
			"geometry" : {
				"type" : "Point",
				"coordinates" : [ -6.3629597096, 39.4528582227 ]
			},
			"properties" : {
				"NUCLEO" : "CACERES",
				"DISTRITO" : "SUR",
				"BARRIO" : "VISTAHERMOSA",
				"CODBARRIO" : 78,
				"CODIGO_VIA" : 4108,
				"TIPO_VIA" : "CALLE",
				"NOMBRE_VIA" : "PUCCINI",
				"GESTION" : "PUBLICA",
				"URL_FICHA" : "https://sig.caceres.es/serweb/fichasig/fichamovilidadreducida.php?mslink=167",
				"URL_FOTO" : "https://sig.caceres.es/fotosOriginales/MOVILIDAD/4108_1_1.JPG",
				"URL_VIA" : "https://sig.caceres.es/serweb/fichasig/fichacalle.php?codigo=4108",
				"WGS84_X" : -6.36296,
				"WGS84_Y" : 39.452858,
				"COORD_X" : 726899,
				"COORD_Y" : 4370352
			}
		},
		{
			"type" : "Feature",
			"geometry" : {
				"type" : "Point",
				"coordinates" : [ -6.3623468054, 39.4532088134 ]
			},
			"properties" : {
				"NUCLEO" : "CACERES",
				"DISTRITO" : "SUR",
				"BARRIO" : "VISTAHERMOSA",
				"CODBARRIO" : 78,
				"CODIGO_VIA" : 4108,
				"TIPO_VIA" : "CALLE",
				"NOMBRE_VIA" : "PUCCINI",
				"GESTION" : "PUBLICA",
				"URL_FICHA" : "https://sig.caceres.es/serweb/fichasig/fichamovilidadreducida.php?mslink=168",
				"URL_FOTO" : "https://sig.caceres.es/fotosOriginales/MOVILIDAD/4108_2_1.JPG",
				"URL_VIA" : "https://sig.caceres.es/serweb/fichasig/fichacalle.php?codigo=4108",
				"WGS84_X" : -6.362347,
				"WGS84_Y" : 39.453209,
				"COORD_X" : 726950,
				"COORD_Y" : 4370392
			}
		},
		{
			"type" : "Feature",
			"geometry" : {
				"type" : "Point",
				"coordinates" : [ -6.3618969095, 39.4534668699 ]
			},
			"properties" : {
				"NUCLEO" : "CACERES",
				"DISTRITO" : "SUR",
				"BARRIO" : "VISTAHERMOSA",
				"CODBARRIO" : 78,
				"CODIGO_VIA" : 4108,
				"TIPO_VIA" : "CALLE",
				"NOMBRE_VIA" : "PUCCINI",
				"GESTION" : "PUBLICA",
				"URL_FICHA" : "https://sig.caceres.es/serweb/fichasig/fichamovilidadreducida.php?mslink=169",
				"URL_FOTO" : "https://sig.caceres.es/fotosOriginales/MOVILIDAD/4108_3_1.JPG",
				"URL_VIA" : "https://sig.caceres.es/serweb/fichasig/fichacalle.php?codigo=4108",
				"WGS84_X" : -6.361897,
				"WGS84_Y" : 39.453467,
				"COORD_X" : 726988,
				"COORD_Y" : 4370422
			}
		},
		{
			"type" : "Feature",
			"geometry" : {
				"type" : "Point",
				"coordinates" : [ -6.361411589, 39.4537448406 ]
			},
			"properties" : {
				"NUCLEO" : "CACERES",
				"DISTRITO" : "SUR",
				"BARRIO" : "VISTAHERMOSA",
				"CODBARRIO" : 78,
				"CODIGO_VIA" : 4108,
				"TIPO_VIA" : "CALLE",
				"NOMBRE_VIA" : "PUCCINI",
				"GESTION" : "PUBLICA",
				"URL_FICHA" : "https://sig.caceres.es/serweb/fichasig/fichamovilidadreducida.php?mslink=170",
				"URL_FOTO" : "https://sig.caceres.es/fotosOriginales/MOVILIDAD/4108_4_1.JPG",
				"URL_VIA" : "https://sig.caceres.es/serweb/fichasig/fichacalle.php?codigo=4108",
				"WGS84_X" : -6.361412,
				"WGS84_Y" : 39.453745,
				"COORD_X" : 727029,
				"COORD_Y" : 4370454
			}
		},
		{
			"type" : "Feature",
			"geometry" : {
				"type" : "Point",
				"coordinates" : [ -6.362258219, 39.4511555542 ]
			},
			"properties" : {
				"NUCLEO" : "CACERES",
				"DISTRITO" : "SUR",
				"BARRIO" : "VISTAHERMOSA",
				"CODBARRIO" : 78,
				"CODIGO_VIA" : 4101,
				"TIPO_VIA" : "CALLE",
				"NOMBRE_VIA" : "JUAN SEBASTIAN BACH",
				"GESTION" : "PUBLICA",
				"URL_FICHA" : "https://sig.caceres.es/serweb/fichasig/fichamovilidadreducida.php?mslink=171",
				"URL_FOTO" : "https://sig.caceres.es/fotosOriginales/MOVILIDAD/4101_3_1.JPG",
				"URL_VIA" : "https://sig.caceres.es/serweb/fichasig/fichacalle.php?codigo=4101",
				"WGS84_X" : -6.362258,
				"WGS84_Y" : 39.451156,
				"COORD_X" : 726965,
				"COORD_Y" : 4370165
			}
		},
		{
			"type" : "Feature",
			"geometry" : {
				"type" : "Point",
				"coordinates" : [ -6.3622585897, 39.4552603478 ]
			},
			"properties" : {
				"NUCLEO" : "CACERES",
				"DISTRITO" : "SUR",
				"BARRIO" : "VISTAHERMOSA",
				"CODBARRIO" : 78,
				"CODIGO_VIA" : 4104,
				"TIPO_VIA" : "CALLE",
				"NOMBRE_VIA" : "STRAUSS",
				"GESTION" : "PUBLICA",
				"URL_FICHA" : "https://sig.caceres.es/serweb/fichasig/fichamovilidadreducida.php?mslink=172",
				"URL_FOTO" : "https://sig.caceres.es/fotosOriginales/MOVILIDAD/4104_1_1.JPG",
				"URL_VIA" : "https://sig.caceres.es/serweb/fichasig/fichacalle.php?codigo=4104",
				"WGS84_X" : -6.362259,
				"WGS84_Y" : 39.45526,
				"COORD_X" : 726951,
				"COORD_Y" : 4370620
			}
		},
		{
			"type" : "Feature",
			"geometry" : {
				"type" : "Point",
				"coordinates" : [ -6.3656281063, 39.4584263536 ]
			},
			"properties" : {
				"NUCLEO" : "CACERES",
				"DISTRITO" : "SUR",
				"BARRIO" : "VISTAHERMOSA",
				"CODBARRIO" : 78,
				"CODIGO_VIA" : 4105,
				"TIPO_VIA" : "CALLE",
				"NOMBRE_VIA" : "RAVEL",
				"GESTION" : "PUBLICA",
				"URL_FICHA" : "https://sig.caceres.es/serweb/fichasig/fichamovilidadreducida.php?mslink=173",
				"URL_FOTO" : "https://sig.caceres.es/fotosOriginales/MOVILIDAD/4105_1_1.JPG",
				"URL_VIA" : "https://sig.caceres.es/serweb/fichasig/fichacalle.php?codigo=4105",
				"WGS84_X" : -6.365628,
				"WGS84_Y" : 39.458426,
				"COORD_X" : 726651,
				"COORD_Y" : 4370963
			}
		},
		{
			"type" : "Feature",
			"geometry" : {
				"type" : "Point",
				"coordinates" : [ -6.366239484, 39.458254692 ]
			},
			"properties" : {
				"NUCLEO" : "CACERES",
				"DISTRITO" : "SUR",
				"BARRIO" : "VISTAHERMOSA",
				"CODBARRIO" : 78,
				"CODIGO_VIA" : 4106,
				"TIPO_VIA" : "CALLE",
				"NOMBRE_VIA" : "BIZET",
				"NUMPOL" : "34",
				"GESTION" : "PUBLICA",
				"URL_FICHA" : "https://sig.caceres.es/serweb/fichasig/fichamovilidadreducida.php?mslink=174",
				"URL_FOTO" : "https://sig.caceres.es/fotosOriginales/MOVILIDAD/4106_1_1.JPG",
				"URL_VIA" : "https://sig.caceres.es/serweb/fichasig/fichacalle.php?codigo=4106",
				"WGS84_X" : -6.366239,
				"WGS84_Y" : 39.458255,
				"COORD_X" : 726599,
				"COORD_Y" : 4370943
			}
		},
		{
			"type" : "Feature",
			"geometry" : {
				"type" : "Point",
				"coordinates" : [ -6.3664135493, 39.4598091235 ]
			},
			"properties" : {
				"NUCLEO" : "CACERES",
				"DISTRITO" : "SUR",
				"BARRIO" : "VISTAHERMOSA",
				"CODBARRIO" : 78,
				"CODIGO_VIA" : 4101,
				"TIPO_VIA" : "CALLE",
				"NOMBRE_VIA" : "JUAN SEBASTIAN BACH",
				"GESTION" : "PUBLICA",
				"URL_FICHA" : "https://sig.caceres.es/serweb/fichasig/fichamovilidadreducida.php?mslink=175",
				"URL_FOTO" : "https://sig.caceres.es/fotosOriginales/MOVILIDAD/4101_1_1.JPG",
				"URL_VIA" : "https://sig.caceres.es/serweb/fichasig/fichacalle.php?codigo=4101",
				"WGS84_X" : -6.366414,
				"WGS84_Y" : 39.459809,
				"COORD_X" : 726579,
				"COORD_Y" : 4371115
			}
		},
		{
			"type" : "Feature",
			"geometry" : {
				"type" : "Point",
				"coordinates" : [ -6.3631234296, 39.454325497 ]
			},
			"properties" : {
				"NUCLEO" : "CACERES",
				"DISTRITO" : "SUR",
				"BARRIO" : "VISTAHERMOSA",
				"CODBARRIO" : 78,
				"CODIGO_VIA" : 4100,
				"TIPO_VIA" : "CALLE",
				"NOMBRE_VIA" : "VIVALDI",
				"GESTION" : "PUBLICA",
				"URL_FICHA" : "https://sig.caceres.es/serweb/fichasig/fichamovilidadreducida.php?mslink=176",
				"URL_FOTO" : "https://sig.caceres.es/fotosOriginales/MOVILIDAD/4100_2_1.JPG",
				"URL_VIA" : "https://sig.caceres.es/serweb/fichasig/fichacalle.php?codigo=4100",
				"WGS84_X" : -6.363123,
				"WGS84_Y" : 39.454325,
				"COORD_X" : 726880,
				"COORD_Y" : 4370514
			}
		},
		{
			"type" : "Feature",
			"geometry" : {
				"type" : "Point",
				"coordinates" : [ -6.3730388394, 39.4538121699 ]
			},
			"properties" : {
				"NUCLEO" : "CACERES",
				"DISTRITO" : "SUR",
				"BARRIO" : "CASA PLATA",
				"CODBARRIO" : 8,
				"CODIGO_VIA" : 3984,
				"TIPO_VIA" : "AVDA",
				"NOMBRE_VIA" : "DE LOS MILIARIOS",
				"GESTION" : "PUBLICA",
				"URL_FICHA" : "https://sig.caceres.es/serweb/fichasig/fichamovilidadreducida.php?mslink=177",
				"URL_FOTO" : "https://sig.caceres.es/fotosOriginales/MOVILIDAD/3984_3_1.JPG",
				"URL_VIA" : "https://sig.caceres.es/serweb/fichasig/fichacalle.php?codigo=3984",
				"WGS84_X" : -6.373039,
				"WGS84_Y" : 39.453812,
				"COORD_X" : 726028,
				"COORD_Y" : 4370433
			}
		},
		{
			"type" : "Feature",
			"geometry" : {
				"type" : "Point",
				"coordinates" : [ -6.3730058278, 39.4537658716 ]
			},
			"properties" : {
				"NUCLEO" : "CACERES",
				"DISTRITO" : "SUR",
				"BARRIO" : "CASA PLATA",
				"CODBARRIO" : 8,
				"CODIGO_VIA" : 3984,
				"TIPO_VIA" : "AVDA",
				"NOMBRE_VIA" : "DE LOS MILIARIOS",
				"GESTION" : "PUBLICA",
				"URL_FICHA" : "https://sig.caceres.es/serweb/fichasig/fichamovilidadreducida.php?mslink=178",
				"URL_FOTO" : "https://sig.caceres.es/fotosOriginales/MOVILIDAD/3984_3_1.JPG",
				"URL_VIA" : "https://sig.caceres.es/serweb/fichasig/fichacalle.php?codigo=3984",
				"WGS84_X" : -6.373006,
				"WGS84_Y" : 39.453766,
				"COORD_X" : 726031,
				"COORD_Y" : 4370427
			}
		},
		{
			"type" : "Feature",
			"geometry" : {
				"type" : "Point",
				"coordinates" : [ -6.3729733596, 39.4537219981 ]
			},
			"properties" : {
				"NUCLEO" : "CACERES",
				"DISTRITO" : "SUR",
				"BARRIO" : "CASA PLATA",
				"CODBARRIO" : 8,
				"CODIGO_VIA" : 3984,
				"TIPO_VIA" : "AVDA",
				"NOMBRE_VIA" : "DE LOS MILIARIOS",
				"GESTION" : "PUBLICA",
				"URL_FICHA" : "https://sig.caceres.es/serweb/fichasig/fichamovilidadreducida.php?mslink=179",
				"URL_FOTO" : "https://sig.caceres.es/fotosOriginales/MOVILIDAD/3984_3_1.JPG",
				"URL_VIA" : "https://sig.caceres.es/serweb/fichasig/fichacalle.php?codigo=3984",
				"WGS84_X" : -6.372973,
				"WGS84_Y" : 39.453722,
				"COORD_X" : 726034,
				"COORD_Y" : 4370423
			}
		},
		{
			"type" : "Feature",
			"geometry" : {
				"type" : "Point",
				"coordinates" : [ -6.3729301042, 39.4536637199 ]
			},
			"properties" : {
				"NUCLEO" : "CACERES",
				"DISTRITO" : "SUR",
				"BARRIO" : "CASA PLATA",
				"CODBARRIO" : 8,
				"CODIGO_VIA" : 3984,
				"TIPO_VIA" : "AVDA",
				"NOMBRE_VIA" : "DE LOS MILIARIOS",
				"GESTION" : "PUBLICA",
				"URL_FICHA" : "https://sig.caceres.es/serweb/fichasig/fichamovilidadreducida.php?mslink=180",
				"URL_FOTO" : "https://sig.caceres.es/fotosOriginales/MOVILIDAD/3984_3_1.JPG",
				"URL_VIA" : "https://sig.caceres.es/serweb/fichasig/fichacalle.php?codigo=3984",
				"WGS84_X" : -6.37293,
				"WGS84_Y" : 39.453664,
				"COORD_X" : 726038,
				"COORD_Y" : 4370416
			}
		},
		{
			"type" : "Feature",
			"geometry" : {
				"type" : "Point",
				"coordinates" : [ -6.3728965902, 39.4536168796 ]
			},
			"properties" : {
				"NUCLEO" : "CACERES",
				"DISTRITO" : "SUR",
				"BARRIO" : "CASA PLATA",
				"CODBARRIO" : 8,
				"CODIGO_VIA" : 3984,
				"TIPO_VIA" : "AVDA",
				"NOMBRE_VIA" : "DE LOS MILIARIOS",
				"GESTION" : "PUBLICA",
				"URL_FICHA" : "https://sig.caceres.es/serweb/fichasig/fichamovilidadreducida.php?mslink=181",
				"URL_FOTO" : "https://sig.caceres.es/fotosOriginales/MOVILIDAD/3984_3_1.JPG",
				"URL_VIA" : "https://sig.caceres.es/serweb/fichasig/fichacalle.php?codigo=3984",
				"WGS84_X" : -6.372897,
				"WGS84_Y" : 39.453617,
				"COORD_X" : 726041,
				"COORD_Y" : 4370411
			}
		},
		{
			"type" : "Feature",
			"geometry" : {
				"type" : "Point",
				"coordinates" : [ -6.3728665119, 39.4535732673 ]
			},
			"properties" : {
				"NUCLEO" : "CACERES",
				"DISTRITO" : "SUR",
				"BARRIO" : "CASA PLATA",
				"CODBARRIO" : 8,
				"CODIGO_VIA" : 3984,
				"TIPO_VIA" : "AVDA",
				"NOMBRE_VIA" : "DE LOS MILIARIOS",
				"GESTION" : "PUBLICA",
				"URL_FICHA" : "https://sig.caceres.es/serweb/fichasig/fichamovilidadreducida.php?mslink=182",
				"URL_FOTO" : "https://sig.caceres.es/fotosOriginales/MOVILIDAD/3984_3_1.JPG",
				"URL_VIA" : "https://sig.caceres.es/serweb/fichasig/fichacalle.php?codigo=3984",
				"WGS84_X" : -6.372867,
				"WGS84_Y" : 39.453573,
				"COORD_X" : 726044,
				"COORD_Y" : 4370406
			}
		},
		{
			"type" : "Feature",
			"geometry" : {
				"type" : "Point",
				"coordinates" : [ -6.3711042628, 39.4505125147 ]
			},
			"properties" : {
				"NUCLEO" : "CACERES",
				"DISTRITO" : "SUR",
				"BARRIO" : "CASA PLATA",
				"CODBARRIO" : 8,
				"CODIGO_VIA" : 3984,
				"TIPO_VIA" : "AVDA",
				"NOMBRE_VIA" : "DE LOS MILIARIOS",
				"GESTION" : "PUBLICA",
				"URL_FICHA" : "https://sig.caceres.es/serweb/fichasig/fichamovilidadreducida.php?mslink=183",
				"URL_FOTO" : "https://sig.caceres.es/fotosOriginales/MOVILIDAD/3984_2_1.JPG",
				"URL_VIA" : "https://sig.caceres.es/serweb/fichasig/fichacalle.php?codigo=3984",
				"WGS84_X" : -6.371104,
				"WGS84_Y" : 39.450513,
				"COORD_X" : 726206,
				"COORD_Y" : 4370071
			}
		},
		{
			"type" : "Feature",
			"geometry" : {
				"type" : "Point",
				"coordinates" : [ -6.3710859043, 39.4504809514 ]
			},
			"properties" : {
				"NUCLEO" : "CACERES",
				"DISTRITO" : "SUR",
				"BARRIO" : "CASA PLATA",
				"CODBARRIO" : 8,
				"CODIGO_VIA" : 3984,
				"TIPO_VIA" : "AVDA",
				"NOMBRE_VIA" : "DE LOS MILIARIOS",
				"GESTION" : "PUBLICA",
				"URL_FICHA" : "https://sig.caceres.es/serweb/fichasig/fichamovilidadreducida.php?mslink=184",
				"URL_FOTO" : "https://sig.caceres.es/fotosOriginales/MOVILIDAD/3984_2_1.JPG",
				"URL_VIA" : "https://sig.caceres.es/serweb/fichasig/fichacalle.php?codigo=3984",
				"WGS84_X" : -6.371086,
				"WGS84_Y" : 39.450481,
				"COORD_X" : 726207,
				"COORD_Y" : 4370068
			}
		},
		{
			"type" : "Feature",
			"geometry" : {
				"type" : "Point",
				"coordinates" : [ -6.3710687058, 39.4504480874 ]
			},
			"properties" : {
				"NUCLEO" : "CACERES",
				"DISTRITO" : "SUR",
				"BARRIO" : "CASA PLATA",
				"CODBARRIO" : 8,
				"CODIGO_VIA" : 3984,
				"TIPO_VIA" : "AVDA",
				"NOMBRE_VIA" : "DE LOS MILIARIOS",
				"GESTION" : "PUBLICA",
				"URL_FICHA" : "https://sig.caceres.es/serweb/fichasig/fichamovilidadreducida.php?mslink=185",
				"URL_FOTO" : "https://sig.caceres.es/fotosOriginales/MOVILIDAD/3984_2_1.JPG",
				"URL_VIA" : "https://sig.caceres.es/serweb/fichasig/fichacalle.php?codigo=3984",
				"WGS84_X" : -6.371069,
				"WGS84_Y" : 39.450448,
				"COORD_X" : 726209,
				"COORD_Y" : 4370064
			}
		},
		{
			"type" : "Feature",
			"geometry" : {
				"type" : "Point",
				"coordinates" : [ -6.3697046916, 39.4480427232 ]
			},
			"properties" : {
				"NUCLEO" : "CACERES",
				"DISTRITO" : "SUR",
				"BARRIO" : "CASA PLATA",
				"CODBARRIO" : 8,
				"CODIGO_VIA" : 3984,
				"TIPO_VIA" : "AVDA",
				"NOMBRE_VIA" : "DE LOS MILIARIOS",
				"GESTION" : "PUBLICA",
				"URL_FICHA" : "https://sig.caceres.es/serweb/fichasig/fichamovilidadreducida.php?mslink=186",
				"URL_FOTO" : "https://sig.caceres.es/fotosOriginales/MOVILIDAD/3984_1_1.JPG",
				"URL_VIA" : "https://sig.caceres.es/serweb/fichasig/fichacalle.php?codigo=3984",
				"WGS84_X" : -6.369705,
				"WGS84_Y" : 39.448043,
				"COORD_X" : 726334,
				"COORD_Y" : 4369800
			}
		},
		{
			"type" : "Feature",
			"geometry" : {
				"type" : "Point",
				"coordinates" : [ -6.3696802996, 39.4479968271 ]
			},
			"properties" : {
				"NUCLEO" : "CACERES",
				"DISTRITO" : "SUR",
				"BARRIO" : "CASA PLATA",
				"CODBARRIO" : 8,
				"CODIGO_VIA" : 3984,
				"TIPO_VIA" : "AVDA",
				"NOMBRE_VIA" : "DE LOS MILIARIOS",
				"GESTION" : "PUBLICA",
				"URL_FICHA" : "https://sig.caceres.es/serweb/fichasig/fichamovilidadreducida.php?mslink=187",
				"URL_FOTO" : "https://sig.caceres.es/fotosOriginales/MOVILIDAD/3984_1_1.JPG",
				"URL_VIA" : "https://sig.caceres.es/serweb/fichasig/fichacalle.php?codigo=3984",
				"WGS84_X" : -6.36968,
				"WGS84_Y" : 39.447997,
				"COORD_X" : 726336,
				"COORD_Y" : 4369795
			}
		},
		{
			"type" : "Feature",
			"geometry" : {
				"type" : "Point",
				"coordinates" : [ -6.3696624284, 39.4479656278 ]
			},
			"properties" : {
				"NUCLEO" : "CACERES",
				"DISTRITO" : "SUR",
				"BARRIO" : "CASA PLATA",
				"CODBARRIO" : 8,
				"CODIGO_VIA" : 3984,
				"TIPO_VIA" : "AVDA",
				"NOMBRE_VIA" : "DE LOS MILIARIOS",
				"GESTION" : "PUBLICA",
				"URL_FICHA" : "https://sig.caceres.es/serweb/fichasig/fichamovilidadreducida.php?mslink=188",
				"URL_FOTO" : "https://sig.caceres.es/fotosOriginales/MOVILIDAD/3984_1_1.JPG",
				"URL_VIA" : "https://sig.caceres.es/serweb/fichasig/fichacalle.php?codigo=3984",
				"WGS84_X" : -6.369662,
				"WGS84_Y" : 39.447966,
				"COORD_X" : 726338,
				"COORD_Y" : 4369792
			}
		},
		{
			"type" : "Feature",
			"geometry" : {
				"type" : "Point",
				"coordinates" : [ -6.3696425787, 39.4479331532 ]
			},
			"properties" : {
				"NUCLEO" : "CACERES",
				"DISTRITO" : "SUR",
				"BARRIO" : "CASA PLATA",
				"CODBARRIO" : 8,
				"CODIGO_VIA" : 3984,
				"TIPO_VIA" : "AVDA",
				"NOMBRE_VIA" : "DE LOS MILIARIOS",
				"GESTION" : "PUBLICA",
				"URL_FICHA" : "https://sig.caceres.es/serweb/fichasig/fichamovilidadreducida.php?mslink=189",
				"URL_FOTO" : "https://sig.caceres.es/fotosOriginales/MOVILIDAD/3984_1_1.JPG",
				"URL_VIA" : "https://sig.caceres.es/serweb/fichasig/fichacalle.php?codigo=3984",
				"WGS84_X" : -6.369643,
				"WGS84_Y" : 39.447933,
				"COORD_X" : 726340,
				"COORD_Y" : 4369788
			}
		},
		{
			"type" : "Feature",
			"geometry" : {
				"type" : "Point",
				"coordinates" : [ -6.3696254377, 39.4479011686 ]
			},
			"properties" : {
				"NUCLEO" : "CACERES",
				"DISTRITO" : "SUR",
				"BARRIO" : "CASA PLATA",
				"CODBARRIO" : 8,
				"CODIGO_VIA" : 3984,
				"TIPO_VIA" : "AVDA",
				"NOMBRE_VIA" : "DE LOS MILIARIOS",
				"GESTION" : "PUBLICA",
				"URL_FICHA" : "https://sig.caceres.es/serweb/fichasig/fichamovilidadreducida.php?mslink=190",
				"URL_FOTO" : "https://sig.caceres.es/fotosOriginales/MOVILIDAD/3984_1_1.JPG",
				"URL_VIA" : "https://sig.caceres.es/serweb/fichasig/fichacalle.php?codigo=3984",
				"WGS84_X" : -6.369625,
				"WGS84_Y" : 39.447901,
				"COORD_X" : 726341,
				"COORD_Y" : 4369785
			}
		},
		{
			"type" : "Feature",
			"geometry" : {
				"type" : "Point",
				"coordinates" : [ -6.373199809, 39.4491681372 ]
			},
			"properties" : {
				"NUCLEO" : "CACERES",
				"DISTRITO" : "SUR",
				"BARRIO" : "CASA PLATA",
				"CODBARRIO" : 8,
				"CODIGO_VIA" : 4139,
				"TIPO_VIA" : "CALLE",
				"NOMBRE_VIA" : "TORRE DE FLORIPES",
				"GESTION" : "PRIVADA",
				"URL_FICHA" : "https://sig.caceres.es/serweb/fichasig/fichamovilidadreducida.php?mslink=191",
				"URL_FOTO" : "https://sig.caceres.es/fotosOriginales/MOVILIDAD/4139_1_1.JPG",
				"URL_VIA" : "https://sig.caceres.es/serweb/fichasig/fichacalle.php?codigo=4139",
				"WGS84_X" : -6.3732,
				"WGS84_Y" : 39.449168,
				"COORD_X" : 726030,
				"COORD_Y" : 4369917
			}
		},
		{
			"type" : "Feature",
			"geometry" : {
				"type" : "Point",
				"coordinates" : [ -6.3732367252, 39.4491540465 ]
			},
			"properties" : {
				"NUCLEO" : "CACERES",
				"DISTRITO" : "SUR",
				"BARRIO" : "CASA PLATA",
				"CODBARRIO" : 8,
				"CODIGO_VIA" : 4139,
				"TIPO_VIA" : "CALLE",
				"NOMBRE_VIA" : "TORRE DE FLORIPES",
				"GESTION" : "PRIVADA",
				"URL_FICHA" : "https://sig.caceres.es/serweb/fichasig/fichamovilidadreducida.php?mslink=192",
				"URL_FOTO" : "https://sig.caceres.es/fotosOriginales/MOVILIDAD/4139_1_1.JPG",
				"URL_VIA" : "https://sig.caceres.es/serweb/fichasig/fichacalle.php?codigo=4139",
				"WGS84_X" : -6.373237,
				"WGS84_Y" : 39.449154,
				"COORD_X" : 726026,
				"COORD_Y" : 4369915
			}
		},
		{
			"type" : "Feature",
			"geometry" : {
				"type" : "Point",
				"coordinates" : [ -6.373275837, 39.4491434496 ]
			},
			"properties" : {
				"NUCLEO" : "CACERES",
				"DISTRITO" : "SUR",
				"BARRIO" : "CASA PLATA",
				"CODBARRIO" : 8,
				"CODIGO_VIA" : 4139,
				"TIPO_VIA" : "CALLE",
				"NOMBRE_VIA" : "TORRE DE FLORIPES",
				"GESTION" : "PRIVADA",
				"URL_FICHA" : "https://sig.caceres.es/serweb/fichasig/fichamovilidadreducida.php?mslink=193",
				"URL_FOTO" : "https://sig.caceres.es/fotosOriginales/MOVILIDAD/4139_1_1.JPG",
				"URL_VIA" : "https://sig.caceres.es/serweb/fichasig/fichacalle.php?codigo=4139",
				"WGS84_X" : -6.373276,
				"WGS84_Y" : 39.449143,
				"COORD_X" : 726023,
				"COORD_Y" : 4369914
			}
		},
		{
			"type" : "Feature",
			"geometry" : {
				"type" : "Point",
				"coordinates" : [ -6.3733148669, 39.4491294065 ]
			},
			"properties" : {
				"NUCLEO" : "CACERES",
				"DISTRITO" : "SUR",
				"BARRIO" : "CASA PLATA",
				"CODBARRIO" : 8,
				"CODIGO_VIA" : 4139,
				"TIPO_VIA" : "CALLE",
				"NOMBRE_VIA" : "TORRE DE FLORIPES",
				"GESTION" : "PRIVADA",
				"URL_FICHA" : "https://sig.caceres.es/serweb/fichasig/fichamovilidadreducida.php?mslink=194",
				"URL_FOTO" : "https://sig.caceres.es/fotosOriginales/MOVILIDAD/4139_1_1.JPG",
				"URL_VIA" : "https://sig.caceres.es/serweb/fichasig/fichacalle.php?codigo=4139",
				"WGS84_X" : -6.373315,
				"WGS84_Y" : 39.449129,
				"COORD_X" : 726020,
				"COORD_Y" : 4369912
			}
		},
		{
			"type" : "Feature",
			"geometry" : {
				"type" : "Point",
				"coordinates" : [ -6.3733521749, 39.4491161446 ]
			},
			"properties" : {
				"NUCLEO" : "CACERES",
				"DISTRITO" : "SUR",
				"BARRIO" : "CASA PLATA",
				"CODBARRIO" : 8,
				"CODIGO_VIA" : 4139,
				"TIPO_VIA" : "CALLE",
				"NOMBRE_VIA" : "TORRE DE FLORIPES",
				"GESTION" : "PRIVADA",
				"URL_FICHA" : "https://sig.caceres.es/serweb/fichasig/fichamovilidadreducida.php?mslink=195",
				"URL_FOTO" : "https://sig.caceres.es/fotosOriginales/MOVILIDAD/4139_1_1.JPG",
				"URL_VIA" : "https://sig.caceres.es/serweb/fichasig/fichacalle.php?codigo=4139",
				"WGS84_X" : -6.373352,
				"WGS84_Y" : 39.449116,
				"COORD_X" : 726017,
				"COORD_Y" : 4369910
			}
		},
		{
			"type" : "Feature",
			"geometry" : {
				"type" : "Point",
				"coordinates" : [ -6.3731624516, 39.4491827101 ]
			},
			"properties" : {
				"NUCLEO" : "CACERES",
				"DISTRITO" : "SUR",
				"BARRIO" : "CASA PLATA",
				"CODBARRIO" : 8,
				"CODIGO_VIA" : 4139,
				"TIPO_VIA" : "CALLE",
				"NOMBRE_VIA" : "TORRE DE FLORIPES",
				"GESTION" : "PRIVADA",
				"URL_FICHA" : "https://sig.caceres.es/serweb/fichasig/fichamovilidadreducida.php?mslink=196",
				"URL_FOTO" : "https://sig.caceres.es/fotosOriginales/MOVILIDAD/4139_1_1.JPG",
				"URL_VIA" : "https://sig.caceres.es/serweb/fichasig/fichacalle.php?codigo=4139",
				"WGS84_X" : -6.373162,
				"WGS84_Y" : 39.449183,
				"COORD_X" : 726033,
				"COORD_Y" : 4369918
			}
		},
		{
			"type" : "Feature",
			"geometry" : {
				"type" : "Point",
				"coordinates" : [ -6.3730952825, 39.4492080899 ]
			},
			"properties" : {
				"NUCLEO" : "CACERES",
				"DISTRITO" : "SUR",
				"BARRIO" : "CASA PLATA",
				"CODBARRIO" : 8,
				"CODIGO_VIA" : 4139,
				"TIPO_VIA" : "CALLE",
				"NOMBRE_VIA" : "TORRE DE FLORIPES",
				"GESTION" : "PRIVADA",
				"URL_FICHA" : "https://sig.caceres.es/serweb/fichasig/fichamovilidadreducida.php?mslink=197",
				"URL_FOTO" : "https://sig.caceres.es/fotosOriginales/MOVILIDAD/4139_1_1.JPG",
				"URL_VIA" : "https://sig.caceres.es/serweb/fichasig/fichacalle.php?codigo=4139",
				"WGS84_X" : -6.373095,
				"WGS84_Y" : 39.449208,
				"COORD_X" : 726038,
				"COORD_Y" : 4369921
			}
		},
		{
			"type" : "Feature",
			"geometry" : {
				"type" : "Point",
				"coordinates" : [ -6.3745185272, 39.4523179286 ]
			},
			"properties" : {
				"NUCLEO" : "CACERES",
				"DISTRITO" : "SUR",
				"BARRIO" : "CASA PLATA",
				"CODBARRIO" : 8,
				"CODIGO_VIA" : 3990,
				"TIPO_VIA" : "CALLE",
				"NOMBRE_VIA" : "DE LA TRASHUMANCIA",
				"NUMPOL" : "7",
				"F_CREACION" : "2/3/2023",
				"GESTION" : "PUBLICA",
				"URL_FICHA" : "https://sig.caceres.es/serweb/fichasig/fichamovilidadreducida.php?mslink=647",
				"URL_FOTO" : "https://sig.caceres.es/fotosOriginales/MOVILIDAD/3990_1_1.JPG",
				"URL_VIA" : "https://sig.caceres.es/serweb/fichasig/fichacalle.php?codigo=3990",
				"WGS84_X" : -6.374519,
				"WGS84_Y" : 39.452318,
				"COORD_X" : 725906,
				"COORD_Y" : 4370263
			}
		},
		{
			"type" : "Feature",
			"geometry" : {
				"type" : "Point",
				"coordinates" : [ -6.3793315725, 39.4471702924 ]
			},
			"properties" : {
				"NUCLEO" : "CACERES",
				"DISTRITO" : "SUR",
				"BARRIO" : "INDUSTRIAL ALDEA MORET",
				"CODBARRIO" : 26,
				"CODIGO_VIA" : 4018,
				"TIPO_VIA" : "AVDA",
				"NOMBRE_VIA" : "JUAN PABLO II",
				"NUMPOL" : "145",
				"GESTION" : "PUBLICA",
				"URL_FICHA" : "https://sig.caceres.es/serweb/fichasig/fichamovilidadreducida.php?mslink=199",
				"URL_FOTO" : "https://sig.caceres.es/fotosOriginales/MOVILIDAD/4018_3_1.JPG",
				"URL_VIA" : "https://sig.caceres.es/serweb/fichasig/fichacalle.php?codigo=4018",
				"WGS84_X" : -6.379332,
				"WGS84_Y" : 39.44717,
				"COORD_X" : 725508,
				"COORD_Y" : 4369679
			}
		},
		{
			"type" : "Feature",
			"geometry" : {
				"type" : "Point",
				"coordinates" : [ -6.3792992898, 39.4471057481 ]
			},
			"properties" : {
				"NUCLEO" : "CACERES",
				"DISTRITO" : "SUR",
				"BARRIO" : "INDUSTRIAL ALDEA MORET",
				"CODBARRIO" : 26,
				"CODIGO_VIA" : 4018,
				"TIPO_VIA" : "AVDA",
				"NOMBRE_VIA" : "JUAN PABLO II",
				"NUMPOL" : "147",
				"GESTION" : "PUBLICA",
				"URL_FICHA" : "https://sig.caceres.es/serweb/fichasig/fichamovilidadreducida.php?mslink=200",
				"URL_FOTO" : "https://sig.caceres.es/fotosOriginales/MOVILIDAD/4018_3_1.JPG",
				"URL_VIA" : "https://sig.caceres.es/serweb/fichasig/fichacalle.php?codigo=4018",
				"WGS84_X" : -6.379299,
				"WGS84_Y" : 39.447106,
				"COORD_X" : 725511,
				"COORD_Y" : 4369672
			}
		},
		{
			"type" : "Feature",
			"geometry" : {
				"type" : "Point",
				"coordinates" : [ -6.3810545613, 39.4486625747 ]
			},
			"properties" : {
				"NUCLEO" : "CACERES",
				"DISTRITO" : "SUR",
				"BARRIO" : "INDUSTRIAL ALDEA MORET",
				"CODBARRIO" : 26,
				"CODIGO_VIA" : 4018,
				"TIPO_VIA" : "AVDA",
				"NOMBRE_VIA" : "JUAN PABLO II",
				"NUMPOL" : "130",
				"GESTION" : "PUBLICA",
				"URL_FICHA" : "https://sig.caceres.es/serweb/fichasig/fichamovilidadreducida.php?mslink=198",
				"URL_FOTO" : "https://sig.caceres.es/fotosOriginales/MOVILIDAD/4018_5_1.JPG",
				"URL_VIA" : "https://sig.caceres.es/serweb/fichasig/fichacalle.php?codigo=4018",
				"WGS84_X" : -6.381055,
				"WGS84_Y" : 39.448663,
				"COORD_X" : 725355,
				"COORD_Y" : 4369841
			}
		},
		{
			"type" : "Feature",
			"geometry" : {
				"type" : "Point",
				"coordinates" : [ -6.389224087, 39.4439280321 ]
			},
			"properties" : {
				"NUCLEO" : "CACERES",
				"DISTRITO" : "SUR",
				"BARRIO" : "LA CAÑADA",
				"CODBARRIO" : 32,
				"CODIGO_VIA" : 3767,
				"TIPO_VIA" : "CALLE",
				"NOMBRE_VIA" : "LLANOS DE CACERES",
				"GESTION" : "PUBLICA",
				"URL_FICHA" : "https://sig.caceres.es/serweb/fichasig/fichamovilidadreducida.php?mslink=201",
				"URL_FOTO" : "https://sig.caceres.es/fotosOriginales/MOVILIDAD/3767_1_1.JPG",
				"URL_VIA" : "https://sig.caceres.es/serweb/fichasig/fichacalle.php?codigo=3767",
				"WGS84_X" : -6.389224,
				"WGS84_Y" : 39.443928,
				"COORD_X" : 724667,
				"COORD_Y" : 4369295
			}
		},
		{
			"type" : "Feature",
			"geometry" : {
				"type" : "Point",
				"coordinates" : [ -6.3933011199, 39.4480863103 ]
			},
			"properties" : {
				"NUCLEO" : "CACERES",
				"DISTRITO" : "SUR",
				"BARRIO" : "SIERRA DE SAN PEDRO",
				"CODBARRIO" : 72,
				"CODIGO_VIA" : 3478,
				"TIPO_VIA" : "CALLE",
				"NOMBRE_VIA" : "SANTA CRISTINA",
				"GESTION" : "PUBLICA",
				"URL_FICHA" : "https://sig.caceres.es/serweb/fichasig/fichamovilidadreducida.php?mslink=202",
				"URL_FOTO" : "https://sig.caceres.es/fotosOriginales/MOVILIDAD/3478_1_1.JPG",
				"URL_VIA" : "https://sig.caceres.es/serweb/fichasig/fichacalle.php?codigo=3478",
				"WGS84_X" : -6.393301,
				"WGS84_Y" : 39.448086,
				"COORD_X" : 724303,
				"COORD_Y" : 4369746
			}
		},
		{
			"type" : "Feature",
			"geometry" : {
				"type" : "Point",
				"coordinates" : [ -6.3932547624, 39.448059945 ]
			},
			"properties" : {
				"NUCLEO" : "CACERES",
				"DISTRITO" : "SUR",
				"BARRIO" : "SIERRA DE SAN PEDRO",
				"CODBARRIO" : 72,
				"CODIGO_VIA" : 3478,
				"TIPO_VIA" : "CALLE",
				"NOMBRE_VIA" : "SANTA CRISTINA",
				"GESTION" : "PUBLICA",
				"URL_FICHA" : "https://sig.caceres.es/serweb/fichasig/fichamovilidadreducida.php?mslink=203",
				"URL_FOTO" : "https://sig.caceres.es/fotosOriginales/MOVILIDAD/3478_1_1.JPG",
				"URL_VIA" : "https://sig.caceres.es/serweb/fichasig/fichacalle.php?codigo=3478",
				"WGS84_X" : -6.393255,
				"WGS84_Y" : 39.44806,
				"COORD_X" : 724307,
				"COORD_Y" : 4369743
			}
		},
		{
			"type" : "Feature",
			"geometry" : {
				"type" : "Point",
				"coordinates" : [ -6.3917793692, 39.4471516376 ]
			},
			"properties" : {
				"NUCLEO" : "CACERES",
				"DISTRITO" : "SUR",
				"BARRIO" : "SIERRA DE SAN PEDRO",
				"CODBARRIO" : 72,
				"CODIGO_VIA" : 3478,
				"TIPO_VIA" : "CALLE",
				"NOMBRE_VIA" : "SANTA CRISTINA",
				"GESTION" : "PUBLICA",
				"URL_FICHA" : "https://sig.caceres.es/serweb/fichasig/fichamovilidadreducida.php?mslink=204",
				"URL_FOTO" : "https://sig.caceres.es/fotosOriginales/MOVILIDAD/3478_3_1.JPG",
				"URL_VIA" : "https://sig.caceres.es/serweb/fichasig/fichacalle.php?codigo=3478",
				"WGS84_X" : -6.391779,
				"WGS84_Y" : 39.447152,
				"COORD_X" : 724437,
				"COORD_Y" : 4369646
			}
		},
		{
			"type" : "Feature",
			"geometry" : {
				"type" : "Point",
				"coordinates" : [ -6.3917335846, 39.4471286619 ]
			},
			"properties" : {
				"NUCLEO" : "CACERES",
				"DISTRITO" : "SUR",
				"BARRIO" : "SIERRA DE SAN PEDRO",
				"CODBARRIO" : 72,
				"CODIGO_VIA" : 3478,
				"TIPO_VIA" : "CALLE",
				"NOMBRE_VIA" : "SANTA CRISTINA",
				"GESTION" : "PUBLICA",
				"URL_FICHA" : "https://sig.caceres.es/serweb/fichasig/fichamovilidadreducida.php?mslink=205",
				"URL_FOTO" : "https://sig.caceres.es/fotosOriginales/MOVILIDAD/3478_3_1.JPG",
				"URL_VIA" : "https://sig.caceres.es/serweb/fichasig/fichacalle.php?codigo=3478",
				"WGS84_X" : -6.391734,
				"WGS84_Y" : 39.447129,
				"COORD_X" : 724441,
				"COORD_Y" : 4369644
			}
		},
		{
			"type" : "Feature",
			"geometry" : {
				"type" : "Point",
				"coordinates" : [ -6.3913902147, 39.4469131858 ]
			},
			"properties" : {
				"NUCLEO" : "CACERES",
				"DISTRITO" : "SUR",
				"BARRIO" : "SIERRA DE SAN PEDRO",
				"CODBARRIO" : 72,
				"CODIGO_VIA" : 3478,
				"TIPO_VIA" : "CALLE",
				"NOMBRE_VIA" : "SANTA CRISTINA",
				"GESTION" : "PUBLICA",
				"URL_FICHA" : "https://sig.caceres.es/serweb/fichasig/fichamovilidadreducida.php?mslink=206",
				"URL_FOTO" : "https://sig.caceres.es/fotosOriginales/MOVILIDAD/3478_2_1.JPG",
				"URL_VIA" : "https://sig.caceres.es/serweb/fichasig/fichacalle.php?codigo=3478",
				"WGS84_X" : -6.39139,
				"WGS84_Y" : 39.446913,
				"COORD_X" : 724471,
				"COORD_Y" : 4369621
			}
		},
		{
			"type" : "Feature",
			"geometry" : {
				"type" : "Point",
				"coordinates" : [ -6.3913459702, 39.4468885554 ]
			},
			"properties" : {
				"NUCLEO" : "CACERES",
				"DISTRITO" : "SUR",
				"BARRIO" : "SIERRA DE SAN PEDRO",
				"CODBARRIO" : 72,
				"CODIGO_VIA" : 3478,
				"TIPO_VIA" : "CALLE",
				"NOMBRE_VIA" : "SANTA CRISTINA",
				"GESTION" : "PUBLICA",
				"URL_FICHA" : "https://sig.caceres.es/serweb/fichasig/fichamovilidadreducida.php?mslink=207",
				"URL_FOTO" : "https://sig.caceres.es/fotosOriginales/MOVILIDAD/3478_2_1.JPG",
				"URL_VIA" : "https://sig.caceres.es/serweb/fichasig/fichacalle.php?codigo=3478",
				"WGS84_X" : -6.391346,
				"WGS84_Y" : 39.446889,
				"COORD_X" : 724475,
				"COORD_Y" : 4369618
			}
		},
		{
			"type" : "Feature",
			"geometry" : {
				"type" : "Point",
				"coordinates" : [ -6.3899710555, 39.4457077557 ]
			},
			"properties" : {
				"NUCLEO" : "CACERES",
				"DISTRITO" : "SUR",
				"BARRIO" : "SIERRA DE SAN PEDRO",
				"CODBARRIO" : 72,
				"CODIGO_VIA" : 3478,
				"TIPO_VIA" : "CALLE",
				"NOMBRE_VIA" : "SANTA CRISTINA",
				"GESTION" : "PUBLICA",
				"URL_FICHA" : "https://sig.caceres.es/serweb/fichasig/fichamovilidadreducida.php?mslink=208",
				"URL_FOTO" : "https://sig.caceres.es/fotosOriginales/MOVILIDAD/3478_4_1.JPG",
				"URL_VIA" : "https://sig.caceres.es/serweb/fichasig/fichacalle.php?codigo=3478",
				"WGS84_X" : -6.389971,
				"WGS84_Y" : 39.445708,
				"COORD_X" : 724597,
				"COORD_Y" : 4369491
			}
		},
		{
			"type" : "Feature",
			"geometry" : {
				"type" : "Point",
				"coordinates" : [ -6.3942004954, 39.4460327732 ]
			},
			"properties" : {
				"NUCLEO" : "CACERES",
				"DISTRITO" : "SUR",
				"BARRIO" : "SIERRA DE SAN PEDRO",
				"CODBARRIO" : 72,
				"CODIGO_VIA" : 4153,
				"TIPO_VIA" : "CALLE",
				"NOMBRE_VIA" : "MINA ESTRELLA",
				"GESTION" : "PUBLICA",
				"URL_FICHA" : "https://sig.caceres.es/serweb/fichasig/fichamovilidadreducida.php?mslink=209",
				"URL_FOTO" : "https://sig.caceres.es/fotosOriginales/MOVILIDAD/4153_2_1.JPG",
				"URL_VIA" : "https://sig.caceres.es/serweb/fichasig/fichacalle.php?codigo=4153",
				"WGS84_X" : -6.3942,
				"WGS84_Y" : 39.446033,
				"COORD_X" : 724232,
				"COORD_Y" : 4369516
			}
		},
		{
			"type" : "Feature",
			"geometry" : {
				"type" : "Point",
				"coordinates" : [ -6.3941548185, 39.4460069064 ]
			},
			"properties" : {
				"NUCLEO" : "CACERES",
				"DISTRITO" : "SUR",
				"BARRIO" : "SIERRA DE SAN PEDRO",
				"CODBARRIO" : 72,
				"CODIGO_VIA" : 4153,
				"TIPO_VIA" : "CALLE",
				"NOMBRE_VIA" : "MINA ESTRELLA",
				"GESTION" : "PUBLICA",
				"URL_FICHA" : "https://sig.caceres.es/serweb/fichasig/fichamovilidadreducida.php?mslink=210",
				"URL_FOTO" : "https://sig.caceres.es/fotosOriginales/MOVILIDAD/4153_2_1.JPG",
				"URL_VIA" : "https://sig.caceres.es/serweb/fichasig/fichacalle.php?codigo=4153",
				"WGS84_X" : -6.394155,
				"WGS84_Y" : 39.446007,
				"COORD_X" : 724236,
				"COORD_Y" : 4369513
			}
		},
		{
			"type" : "Feature",
			"geometry" : {
				"type" : "Point",
				"coordinates" : [ -6.392943861, 39.4453868731 ]
			},
			"properties" : {
				"NUCLEO" : "CACERES",
				"DISTRITO" : "SUR",
				"BARRIO" : "SIERRA DE SAN PEDRO",
				"CODBARRIO" : 72,
				"CODIGO_VIA" : 4153,
				"TIPO_VIA" : "CALLE",
				"NOMBRE_VIA" : "MINA ESTRELLA",
				"GESTION" : "PUBLICA",
				"URL_FICHA" : "https://sig.caceres.es/serweb/fichasig/fichamovilidadreducida.php?mslink=211",
				"URL_FOTO" : "https://sig.caceres.es/fotosOriginales/MOVILIDAD/4153_1_1.JPG",
				"URL_VIA" : "https://sig.caceres.es/serweb/fichasig/fichacalle.php?codigo=4153",
				"WGS84_X" : -6.392944,
				"WGS84_Y" : 39.445387,
				"COORD_X" : 724343,
				"COORD_Y" : 4369448
			}
		},
		{
			"type" : "Feature",
			"geometry" : {
				"type" : "Point",
				"coordinates" : [ -6.3928953912, 39.4453620801 ]
			},
			"properties" : {
				"NUCLEO" : "CACERES",
				"DISTRITO" : "SUR",
				"BARRIO" : "SIERRA DE SAN PEDRO",
				"CODBARRIO" : 72,
				"CODIGO_VIA" : 4153,
				"TIPO_VIA" : "CALLE",
				"NOMBRE_VIA" : "MINA ESTRELLA",
				"GESTION" : "PUBLICA",
				"URL_FICHA" : "https://sig.caceres.es/serweb/fichasig/fichamovilidadreducida.php?mslink=212",
				"URL_FOTO" : "https://sig.caceres.es/fotosOriginales/MOVILIDAD/4153_1_1.JPG",
				"URL_VIA" : "https://sig.caceres.es/serweb/fichasig/fichacalle.php?codigo=4153",
				"WGS84_X" : -6.392895,
				"WGS84_Y" : 39.445362,
				"COORD_X" : 724347,
				"COORD_Y" : 4369445
			}
		},
		{
			"type" : "Feature",
			"geometry" : {
				"type" : "Point",
				"coordinates" : [ -6.3926850097, 39.444878164 ]
			},
			"properties" : {
				"NUCLEO" : "CACERES",
				"DISTRITO" : "SUR",
				"BARRIO" : "SIERRA DE SAN PEDRO",
				"CODBARRIO" : 72,
				"CODIGO_VIA" : 4152,
				"TIPO_VIA" : "CALLE",
				"NOMBRE_VIA" : "FUENTE SANTA",
				"GESTION" : "PUBLICA",
				"URL_FICHA" : "https://sig.caceres.es/serweb/fichasig/fichamovilidadreducida.php?mslink=213",
				"URL_FOTO" : "https://sig.caceres.es/fotosOriginales/MOVILIDAD/4152_1_1.JPG",
				"URL_VIA" : "https://sig.caceres.es/serweb/fichasig/fichacalle.php?codigo=4152",
				"WGS84_X" : -6.392685,
				"WGS84_Y" : 39.444878,
				"COORD_X" : 724366,
				"COORD_Y" : 4369392
			}
		},
		{
			"type" : "Feature",
			"geometry" : {
				"type" : "Point",
				"coordinates" : [ -6.3927142199, 39.4448436144 ]
			},
			"properties" : {
				"NUCLEO" : "CACERES",
				"DISTRITO" : "SUR",
				"BARRIO" : "SIERRA DE SAN PEDRO",
				"CODBARRIO" : 72,
				"CODIGO_VIA" : 4152,
				"TIPO_VIA" : "CALLE",
				"NOMBRE_VIA" : "FUENTE SANTA",
				"GESTION" : "PUBLICA",
				"URL_FICHA" : "https://sig.caceres.es/serweb/fichasig/fichamovilidadreducida.php?mslink=214",
				"URL_FOTO" : "https://sig.caceres.es/fotosOriginales/MOVILIDAD/4152_1_1.JPG",
				"URL_VIA" : "https://sig.caceres.es/serweb/fichasig/fichacalle.php?codigo=4152",
				"WGS84_X" : -6.392714,
				"WGS84_Y" : 39.444844,
				"COORD_X" : 724364,
				"COORD_Y" : 4369388
			}
		},
		{
			"type" : "Feature",
			"geometry" : {
				"type" : "Point",
				"coordinates" : [ -6.3930136002, 39.4442953393 ]
			},
			"properties" : {
				"NUCLEO" : "CACERES",
				"DISTRITO" : "SUR",
				"BARRIO" : "SIERRA DE SAN PEDRO",
				"CODBARRIO" : 72,
				"CODIGO_VIA" : 4148,
				"TIPO_VIA" : "CALLE",
				"NOMBRE_VIA" : "CAMINO DE SANTA LUCIA",
				"GESTION" : "PUBLICA",
				"URL_FICHA" : "https://sig.caceres.es/serweb/fichasig/fichamovilidadreducida.php?mslink=215",
				"URL_FOTO" : "https://sig.caceres.es/fotosOriginales/MOVILIDAD/4148_1_1.JPG",
				"URL_VIA" : "https://sig.caceres.es/serweb/fichasig/fichacalle.php?codigo=4148",
				"WGS84_X" : -6.393014,
				"WGS84_Y" : 39.444295,
				"COORD_X" : 724340,
				"COORD_Y" : 4369326
			}
		},
		{
			"type" : "Feature",
			"geometry" : {
				"type" : "Point",
				"coordinates" : [ -6.3929604241, 39.4442919422 ]
			},
			"properties" : {
				"NUCLEO" : "CACERES",
				"DISTRITO" : "SUR",
				"BARRIO" : "SIERRA DE SAN PEDRO",
				"CODBARRIO" : 72,
				"CODIGO_VIA" : 4148,
				"TIPO_VIA" : "CALLE",
				"NOMBRE_VIA" : "CAMINO DE SANTA LUCIA",
				"GESTION" : "PUBLICA",
				"URL_FICHA" : "https://sig.caceres.es/serweb/fichasig/fichamovilidadreducida.php?mslink=216",
				"URL_FOTO" : "https://sig.caceres.es/fotosOriginales/MOVILIDAD/4148_1_1.JPG",
				"URL_VIA" : "https://sig.caceres.es/serweb/fichasig/fichacalle.php?codigo=4148",
				"WGS84_X" : -6.39296,
				"WGS84_Y" : 39.444292,
				"COORD_X" : 724345,
				"COORD_Y" : 4369326
			}
		},
		{
			"type" : "Feature",
			"geometry" : {
				"type" : "Point",
				"coordinates" : [ -6.392521657, 39.4460227243 ]
			},
			"properties" : {
				"NUCLEO" : "CACERES",
				"DISTRITO" : "SUR",
				"BARRIO" : "SIERRA DE SAN PEDRO",
				"CODBARRIO" : 72,
				"CODIGO_VIA" : 4150,
				"TIPO_VIA" : "CALLE",
				"NOMBRE_VIA" : "DE LA MINA",
				"GESTION" : "PUBLICA",
				"URL_FICHA" : "https://sig.caceres.es/serweb/fichasig/fichamovilidadreducida.php?mslink=217",
				"URL_FOTO" : "https://sig.caceres.es/fotosOriginales/MOVILIDAD/4150_1_1.JPG",
				"URL_VIA" : "https://sig.caceres.es/serweb/fichasig/fichacalle.php?codigo=4150",
				"WGS84_X" : -6.392522,
				"WGS84_Y" : 39.446023,
				"COORD_X" : 724377,
				"COORD_Y" : 4369519
			}
		},
		{
			"type" : "Feature",
			"geometry" : {
				"type" : "Point",
				"coordinates" : [ -6.3925567086, 39.4459880897 ]
			},
			"properties" : {
				"NUCLEO" : "CACERES",
				"DISTRITO" : "SUR",
				"BARRIO" : "SIERRA DE SAN PEDRO",
				"CODBARRIO" : 72,
				"CODIGO_VIA" : 4150,
				"TIPO_VIA" : "CALLE",
				"NOMBRE_VIA" : "DE LA MINA",
				"GESTION" : "PUBLICA",
				"URL_FICHA" : "https://sig.caceres.es/serweb/fichasig/fichamovilidadreducida.php?mslink=218",
				"URL_FOTO" : "https://sig.caceres.es/fotosOriginales/MOVILIDAD/4150_1_1.JPG",
				"URL_VIA" : "https://sig.caceres.es/serweb/fichasig/fichacalle.php?codigo=4150",
				"WGS84_X" : -6.392557,
				"WGS84_Y" : 39.445988,
				"COORD_X" : 724374,
				"COORD_Y" : 4369515
			}
		},
		{
			"type" : "Feature",
			"geometry" : {
				"type" : "Point",
				"coordinates" : [ -6.3899391, 39.4456800719 ]
			},
			"properties" : {
				"NUCLEO" : "CACERES",
				"DISTRITO" : "SUR",
				"BARRIO" : "SIERRA DE SAN PEDRO",
				"CODBARRIO" : 72,
				"CODIGO_VIA" : 3478,
				"TIPO_VIA" : "CALLE",
				"NOMBRE_VIA" : "SANTA CRISTINA",
				"GESTION" : "PUBLICA",
				"URL_FICHA" : "https://sig.caceres.es/serweb/fichasig/fichamovilidadreducida.php?mslink=219",
				"URL_FOTO" : "https://sig.caceres.es/fotosOriginales/MOVILIDAD/3478_4_1.JPG",
				"URL_VIA" : "https://sig.caceres.es/serweb/fichasig/fichacalle.php?codigo=3478",
				"WGS84_X" : -6.389939,
				"WGS84_Y" : 39.44568,
				"COORD_X" : 724600,
				"COORD_Y" : 4369488
			}
		},
		{
			"type" : "Feature",
			"geometry" : {
				"type" : "Point",
				"coordinates" : [ -6.395122677, 39.4465945334 ]
			},
			"properties" : {
				"NUCLEO" : "CACERES",
				"DISTRITO" : "SUR",
				"BARRIO" : "SIERRA DE SAN PEDRO",
				"CODBARRIO" : 72,
				"CODIGO_VIA" : 4153,
				"TIPO_VIA" : "CALLE",
				"NOMBRE_VIA" : "MINA ESTRELLA",
				"GESTION" : "PUBLICA",
				"URL_FICHA" : "https://sig.caceres.es/serweb/fichasig/fichamovilidadreducida.php?mslink=565",
				"URL_VIA" : "https://sig.caceres.es/serweb/fichasig/fichacalle.php?codigo=4153",
				"WGS84_X" : -6.395123,
				"WGS84_Y" : 39.446595,
				"COORD_X" : 724151,
				"COORD_Y" : 4369576
			}
		},
		{
			"type" : "Feature",
			"geometry" : {
				"type" : "Point",
				"coordinates" : [ -6.3950784219, 39.4465692829 ]
			},
			"properties" : {
				"NUCLEO" : "CACERES",
				"DISTRITO" : "SUR",
				"BARRIO" : "SIERRA DE SAN PEDRO",
				"CODBARRIO" : 72,
				"CODIGO_VIA" : 4153,
				"TIPO_VIA" : "CALLE",
				"NOMBRE_VIA" : "MINA ESTRELLA",
				"GESTION" : "PUBLICA",
				"URL_FICHA" : "https://sig.caceres.es/serweb/fichasig/fichamovilidadreducida.php?mslink=566",
				"URL_VIA" : "https://sig.caceres.es/serweb/fichasig/fichacalle.php?codigo=4153",
				"WGS84_X" : -6.395078,
				"WGS84_Y" : 39.446569,
				"COORD_X" : 724155,
				"COORD_Y" : 4369573
			}
		},
		{
			"type" : "Feature",
			"geometry" : {
				"type" : "Point",
				"coordinates" : [ -6.3945631237, 39.4472264992 ]
			},
			"properties" : {
				"NUCLEO" : "CACERES",
				"DISTRITO" : "SUR",
				"BARRIO" : "SIERRA DE SAN PEDRO",
				"CODBARRIO" : 72,
				"CODIGO_VIA" : 4155,
				"TIPO_VIA" : "CALLE",
				"NOMBRE_VIA" : "LA PERLA",
				"NUMPOL" : "10",
				"F_CREACION" : "15/12/2022",
				"GESTION" : "PUBLICA",
				"URL_FICHA" : "https://sig.caceres.es/serweb/fichasig/fichamovilidadreducida.php?mslink=640",
				"URL_FOTO" : "https://sig.caceres.es/fotosOriginales/MOVILIDAD/4155_1_1.JPG",
				"URL_VIA" : "https://sig.caceres.es/serweb/fichasig/fichacalle.php?codigo=4155",
				"WGS84_X" : -6.394563,
				"WGS84_Y" : 39.447226,
				"COORD_X" : 724197,
				"COORD_Y" : 4369648
			}
		},
		{
			"type" : "Feature",
			"geometry" : {
				"type" : "Point",
				"coordinates" : [ -6.3883549742, 39.4519367458 ]
			},
			"properties" : {
				"NUCLEO" : "CACERES",
				"DISTRITO" : "SUR",
				"BARRIO" : "LA ABUNDANCIA",
				"CODBARRIO" : 30,
				"CODIGO_VIA" : 3367,
				"TIPO_VIA" : "CALLE",
				"NOMBRE_VIA" : "SANTA LUCIA",
				"GESTION" : "PUBLICA",
				"URL_FICHA" : "https://sig.caceres.es/serweb/fichasig/fichamovilidadreducida.php?mslink=220",
				"URL_FOTO" : "https://sig.caceres.es/fotosOriginales/MOVILIDAD/3367_1_1.JPG",
				"URL_VIA" : "https://sig.caceres.es/serweb/fichasig/fichacalle.php?codigo=3367",
				"WGS84_X" : -6.388355,
				"WGS84_Y" : 39.451937,
				"COORD_X" : 724716,
				"COORD_Y" : 4370186
			}
		},
		{
			"type" : "Feature",
			"geometry" : {
				"type" : "Point",
				"coordinates" : [ -6.3901148874, 39.4515353284 ]
			},
			"properties" : {
				"NUCLEO" : "CACERES",
				"DISTRITO" : "SUR",
				"BARRIO" : "LA ABUNDANCIA",
				"CODBARRIO" : 30,
				"CODIGO_VIA" : 413,
				"TIPO_VIA" : "CALLE",
				"NOMBRE_VIA" : "RIO VOLGA",
				"GESTION" : "PUBLICA",
				"URL_FICHA" : "https://sig.caceres.es/serweb/fichasig/fichamovilidadreducida.php?mslink=514",
				"URL_FOTO" : "https://sig.caceres.es/fotosOriginales/MOVILIDAD/413_1_1.JPG",
				"URL_VIA" : "https://sig.caceres.es/serweb/fichasig/fichacalle.php?codigo=413",
				"WGS84_X" : -6.390115,
				"WGS84_Y" : 39.451535,
				"COORD_X" : 724566,
				"COORD_Y" : 4370137
			}
		},
		{
			"type" : "Feature",
			"geometry" : {
				"type" : "Point",
				"coordinates" : [ -6.3891452661, 39.4513527397 ]
			},
			"properties" : {
				"NUCLEO" : "CACERES",
				"DISTRITO" : "SUR",
				"BARRIO" : "LA ABUNDANCIA",
				"CODBARRIO" : 30,
				"CODIGO_VIA" : 262,
				"TIPO_VIA" : "CALLE",
				"NOMBRE_VIA" : "JESUS NAZARENO",
				"F_CREACION" : "03/04/2017",
				"F_REPINTAD" : "03/04/2017",
				"GESTION" : "PUBLICA",
				"URL_FICHA" : "https://sig.caceres.es/serweb/fichasig/fichamovilidadreducida.php?mslink=530",
				"URL_FOTO" : "https://sig.caceres.es/fotosOriginales/MOVILIDAD/262_1_1.JPG",
				"URL_VIA" : "https://sig.caceres.es/serweb/fichasig/fichacalle.php?codigo=262",
				"WGS84_X" : -6.389145,
				"WGS84_Y" : 39.451353,
				"COORD_X" : 724650,
				"COORD_Y" : 4370119
			}
		},
		{
			"type" : "Feature",
			"geometry" : {
				"type" : "Point",
				"coordinates" : [ -6.3899403258, 39.4505168324 ]
			},
			"properties" : {
				"NUCLEO" : "CACERES",
				"DISTRITO" : "SUR",
				"BARRIO" : "LA ABUNDANCIA",
				"CODBARRIO" : 30,
				"CODIGO_VIA" : 3231,
				"TIPO_VIA" : "PLAZA",
				"NOMBRE_VIA" : "PRIMERO DE MAYO",
				"NUMPOL" : "1",
				"GESTION" : "PUBLICA",
				"URL_FICHA" : "https://sig.caceres.es/serweb/fichasig/fichamovilidadreducida.php?mslink=546",
				"URL_FOTO" : "https://sig.caceres.es/fotosOriginales/MOVILIDAD/3231_1_1.JPG",
				"URL_VIA" : "https://sig.caceres.es/serweb/fichasig/fichacalle.php?codigo=3231",
				"WGS84_X" : -6.38994,
				"WGS84_Y" : 39.450517,
				"COORD_X" : 724585,
				"COORD_Y" : 4370024
			}
		},
		{
			"type" : "Feature",
			"geometry" : {
				"type" : "Point",
				"coordinates" : [ -6.3842808364, 39.4598271948 ]
			},
			"properties" : {
				"NUCLEO" : "CACERES",
				"DISTRITO" : "SUR",
				"BARRIO" : "NUEVO CACERES",
				"CODBARRIO" : 62,
				"CODIGO_VIA" : 4018,
				"TIPO_VIA" : "AVDA",
				"NOMBRE_VIA" : "JUAN PABLO II",
				"GESTION" : "PUBLICA",
				"URL_FICHA" : "https://sig.caceres.es/serweb/fichasig/fichamovilidadreducida.php?mslink=221",
				"URL_FOTO" : "https://sig.caceres.es/fotosOriginales/MOVILIDAD/4018_4_1.JPG",
				"URL_VIA" : "https://sig.caceres.es/serweb/fichasig/fichacalle.php?codigo=4018",
				"WGS84_X" : -6.384281,
				"WGS84_Y" : 39.459827,
				"COORD_X" : 725042,
				"COORD_Y" : 4371072
			}
		},
		{
			"type" : "Feature",
			"geometry" : {
				"type" : "Point",
				"coordinates" : [ -6.3828465047, 39.4600711458 ]
			},
			"properties" : {
				"NUCLEO" : "CACERES",
				"DISTRITO" : "SUR",
				"BARRIO" : "NUEVO CACERES",
				"CODBARRIO" : 62,
				"CODIGO_VIA" : 3641,
				"TIPO_VIA" : "CALLE",
				"NOMBRE_VIA" : "TUNEZ",
				"NUMPOL" : "1",
				"GESTION" : "PUBLICA",
				"URL_FICHA" : "https://sig.caceres.es/serweb/fichasig/fichamovilidadreducida.php?mslink=222",
				"URL_FOTO" : "https://sig.caceres.es/fotosOriginales/MOVILIDAD/3641_2_1.JPG",
				"URL_VIA" : "https://sig.caceres.es/serweb/fichasig/fichacalle.php?codigo=3641",
				"WGS84_X" : -6.382847,
				"WGS84_Y" : 39.460071,
				"COORD_X" : 725164,
				"COORD_Y" : 4371103
			}
		},
		{
			"type" : "Feature",
			"geometry" : {
				"type" : "Point",
				"coordinates" : [ -6.3835674332, 39.4588738973 ]
			},
			"properties" : {
				"NUCLEO" : "CACERES",
				"DISTRITO" : "SUR",
				"BARRIO" : "NUEVO CACERES",
				"CODBARRIO" : 62,
				"CODIGO_VIA" : 3641,
				"TIPO_VIA" : "CALLE",
				"NOMBRE_VIA" : "TUNEZ",
				"GESTION" : "PUBLICA",
				"URL_FICHA" : "https://sig.caceres.es/serweb/fichasig/fichamovilidadreducida.php?mslink=223",
				"URL_FOTO" : "https://sig.caceres.es/fotosOriginales/MOVILIDAD/3641_3_1.JPG",
				"URL_VIA" : "https://sig.caceres.es/serweb/fichasig/fichacalle.php?codigo=3641",
				"WGS84_X" : -6.383567,
				"WGS84_Y" : 39.458874,
				"COORD_X" : 725106,
				"COORD_Y" : 4370968
			}
		},
		{
			"type" : "Feature",
			"geometry" : {
				"type" : "Point",
				"coordinates" : [ -6.3827646292, 39.4586516238 ]
			},
			"properties" : {
				"NUCLEO" : "CACERES",
				"DISTRITO" : "SUR",
				"BARRIO" : "NUEVO CACERES",
				"CODBARRIO" : 62,
				"CODIGO_VIA" : 3628,
				"TIPO_VIA" : "CALLE",
				"NOMBRE_VIA" : "MARRAKECH",
				"NUMPOL" : "21",
				"GESTION" : "PUBLICA",
				"URL_FICHA" : "https://sig.caceres.es/serweb/fichasig/fichamovilidadreducida.php?mslink=224",
				"URL_FOTO" : "https://sig.caceres.es/fotosOriginales/MOVILIDAD/3628_2_1.JPG",
				"URL_VIA" : "https://sig.caceres.es/serweb/fichasig/fichacalle.php?codigo=3628",
				"WGS84_X" : -6.382765,
				"WGS84_Y" : 39.458652,
				"COORD_X" : 725176,
				"COORD_Y" : 4370945
			}
		},
		{
			"type" : "Feature",
			"geometry" : {
				"type" : "Point",
				"coordinates" : [ -6.3793865945, 39.4550097099 ]
			},
			"properties" : {
				"NUCLEO" : "CACERES",
				"DISTRITO" : "SUR",
				"BARRIO" : "NUEVO CACERES",
				"CODBARRIO" : 62,
				"CODIGO_VIA" : 3632,
				"TIPO_VIA" : "CALLE",
				"NOMBRE_VIA" : "CORDOBA",
				"NUMPOL" : "16",
				"GESTION" : "PUBLICA",
				"URL_FICHA" : "https://sig.caceres.es/serweb/fichasig/fichamovilidadreducida.php?mslink=225",
				"URL_FOTO" : "https://sig.caceres.es/fotosOriginales/MOVILIDAD/3632_1_1.JPG",
				"URL_VIA" : "https://sig.caceres.es/serweb/fichasig/fichacalle.php?codigo=3632",
				"WGS84_X" : -6.379387,
				"WGS84_Y" : 39.45501,
				"COORD_X" : 725478,
				"COORD_Y" : 4370550
			}
		},
		{
			"type" : "Feature",
			"geometry" : {
				"type" : "Point",
				"coordinates" : [ -6.3787783255, 39.4583375866 ]
			},
			"properties" : {
				"NUCLEO" : "CACERES",
				"DISTRITO" : "SUR",
				"BARRIO" : "NUEVO CACERES",
				"CODBARRIO" : 62,
				"CODIGO_VIA" : 3625,
				"TIPO_VIA" : "AVDA",
				"NOMBRE_VIA" : "PIERRE DE COUBERTIN",
				"NUMPOL" : "5",
				"GESTION" : "PUBLICA",
				"URL_FICHA" : "https://sig.caceres.es/serweb/fichasig/fichamovilidadreducida.php?mslink=226",
				"URL_FOTO" : "https://sig.caceres.es/fotosOriginales/MOVILIDAD/3625_1_1.JPG",
				"URL_VIA" : "https://sig.caceres.es/serweb/fichasig/fichacalle.php?codigo=3625",
				"WGS84_X" : -6.378778,
				"WGS84_Y" : 39.458338,
				"COORD_X" : 725520,
				"COORD_Y" : 4370920
			}
		},
		{
			"type" : "Feature",
			"geometry" : {
				"type" : "Point",
				"coordinates" : [ -6.3787592653, 39.4582635381 ]
			},
			"properties" : {
				"NUCLEO" : "CACERES",
				"DISTRITO" : "SUR",
				"BARRIO" : "NUEVO CACERES",
				"CODBARRIO" : 62,
				"CODIGO_VIA" : 3625,
				"TIPO_VIA" : "AVDA",
				"NOMBRE_VIA" : "PIERRE DE COUBERTIN",
				"NUMPOL" : "5",
				"GESTION" : "PUBLICA",
				"URL_FICHA" : "https://sig.caceres.es/serweb/fichasig/fichamovilidadreducida.php?mslink=227",
				"URL_FOTO" : "https://sig.caceres.es/fotosOriginales/MOVILIDAD/3625_1_1.JPG",
				"URL_VIA" : "https://sig.caceres.es/serweb/fichasig/fichacalle.php?codigo=3625",
				"WGS84_X" : -6.378759,
				"WGS84_Y" : 39.458264,
				"COORD_X" : 725522,
				"COORD_Y" : 4370912
			}
		},
		{
			"type" : "Feature",
			"geometry" : {
				"type" : "Point",
				"coordinates" : [ -6.3787477334, 39.458218132 ]
			},
			"properties" : {
				"NUCLEO" : "CACERES",
				"DISTRITO" : "SUR",
				"BARRIO" : "NUEVO CACERES",
				"CODBARRIO" : 62,
				"CODIGO_VIA" : 3625,
				"TIPO_VIA" : "AVDA",
				"NOMBRE_VIA" : "PIERRE DE COUBERTIN",
				"NUMPOL" : "5",
				"GESTION" : "PUBLICA",
				"URL_FICHA" : "https://sig.caceres.es/serweb/fichasig/fichamovilidadreducida.php?mslink=228",
				"URL_FOTO" : "https://sig.caceres.es/fotosOriginales/MOVILIDAD/3625_1_1.JPG",
				"URL_VIA" : "https://sig.caceres.es/serweb/fichasig/fichacalle.php?codigo=3625",
				"WGS84_X" : -6.378748,
				"WGS84_Y" : 39.458218,
				"COORD_X" : 725523,
				"COORD_Y" : 4370907
			}
		},
		{
			"type" : "Feature",
			"geometry" : {
				"type" : "Point",
				"coordinates" : [ -6.3787302301, 39.4581466837 ]
			},
			"properties" : {
				"NUCLEO" : "CACERES",
				"DISTRITO" : "SUR",
				"BARRIO" : "NUEVO CACERES",
				"CODBARRIO" : 62,
				"CODIGO_VIA" : 3625,
				"TIPO_VIA" : "AVDA",
				"NOMBRE_VIA" : "PIERRE DE COUBERTIN",
				"NUMPOL" : "5",
				"GESTION" : "PUBLICA",
				"URL_FICHA" : "https://sig.caceres.es/serweb/fichasig/fichamovilidadreducida.php?mslink=229",
				"URL_FOTO" : "https://sig.caceres.es/fotosOriginales/MOVILIDAD/3625_1_1.JPG",
				"URL_VIA" : "https://sig.caceres.es/serweb/fichasig/fichacalle.php?codigo=3625",
				"WGS84_X" : -6.37873,
				"WGS84_Y" : 39.458147,
				"COORD_X" : 725525,
				"COORD_Y" : 4370899
			}
		},
		{
			"type" : "Feature",
			"geometry" : {
				"type" : "Point",
				"coordinates" : [ -6.3787184254, 39.4580997324 ]
			},
			"properties" : {
				"NUCLEO" : "CACERES",
				"DISTRITO" : "SUR",
				"BARRIO" : "NUEVO CACERES",
				"CODBARRIO" : 62,
				"CODIGO_VIA" : 3625,
				"TIPO_VIA" : "AVDA",
				"NOMBRE_VIA" : "PIERRE DE COUBERTIN",
				"NUMPOL" : "5",
				"GESTION" : "PUBLICA",
				"URL_FICHA" : "https://sig.caceres.es/serweb/fichasig/fichamovilidadreducida.php?mslink=230",
				"URL_FOTO" : "https://sig.caceres.es/fotosOriginales/MOVILIDAD/3625_1_1.JPG",
				"URL_VIA" : "https://sig.caceres.es/serweb/fichasig/fichacalle.php?codigo=3625",
				"WGS84_X" : -6.378718,
				"WGS84_Y" : 39.4581,
				"COORD_X" : 725526,
				"COORD_Y" : 4370894
			}
		},
		{
			"type" : "Feature",
			"geometry" : {
				"type" : "Point",
				"coordinates" : [ -6.3786977667, 39.4580252951 ]
			},
			"properties" : {
				"NUCLEO" : "CACERES",
				"DISTRITO" : "SUR",
				"BARRIO" : "NUEVO CACERES",
				"CODBARRIO" : 62,
				"CODIGO_VIA" : 3625,
				"TIPO_VIA" : "AVDA",
				"NOMBRE_VIA" : "PIERRE DE COUBERTIN",
				"NUMPOL" : "5",
				"GESTION" : "PUBLICA",
				"URL_FICHA" : "https://sig.caceres.es/serweb/fichasig/fichamovilidadreducida.php?mslink=231",
				"URL_FOTO" : "https://sig.caceres.es/fotosOriginales/MOVILIDAD/3625_1_1.JPG",
				"URL_VIA" : "https://sig.caceres.es/serweb/fichasig/fichacalle.php?codigo=3625",
				"WGS84_X" : -6.378698,
				"WGS84_Y" : 39.458025,
				"COORD_X" : 725528,
				"COORD_Y" : 4370886
			}
		},
		{
			"type" : "Feature",
			"geometry" : {
				"type" : "Point",
				"coordinates" : [ -6.378685516, 39.4579814119 ]
			},
			"properties" : {
				"NUCLEO" : "CACERES",
				"DISTRITO" : "SUR",
				"BARRIO" : "NUEVO CACERES",
				"CODBARRIO" : 62,
				"CODIGO_VIA" : 3625,
				"TIPO_VIA" : "AVDA",
				"NOMBRE_VIA" : "PIERRE DE COUBERTIN",
				"NUMPOL" : "5",
				"GESTION" : "PUBLICA",
				"URL_FICHA" : "https://sig.caceres.es/serweb/fichasig/fichamovilidadreducida.php?mslink=232",
				"URL_FOTO" : "https://sig.caceres.es/fotosOriginales/MOVILIDAD/3625_1_1.JPG",
				"URL_VIA" : "https://sig.caceres.es/serweb/fichasig/fichacalle.php?codigo=3625",
				"WGS84_X" : -6.378686,
				"WGS84_Y" : 39.457981,
				"COORD_X" : 725529,
				"COORD_Y" : 4370881
			}
		},
		{
			"type" : "Feature",
			"geometry" : {
				"type" : "Point",
				"coordinates" : [ -6.378651306, 39.4578622825 ]
			},
			"properties" : {
				"NUCLEO" : "CACERES",
				"DISTRITO" : "SUR",
				"BARRIO" : "NUEVO CACERES",
				"CODBARRIO" : 62,
				"CODIGO_VIA" : 3625,
				"TIPO_VIA" : "AVDA",
				"NOMBRE_VIA" : "PIERRE DE COUBERTIN",
				"NUMPOL" : "5",
				"GESTION" : "PUBLICA",
				"URL_FICHA" : "https://sig.caceres.es/serweb/fichasig/fichamovilidadreducida.php?mslink=233",
				"URL_FOTO" : "https://sig.caceres.es/fotosOriginales/MOVILIDAD/3625_1_1.JPG",
				"URL_VIA" : "https://sig.caceres.es/serweb/fichasig/fichacalle.php?codigo=3625",
				"WGS84_X" : -6.378651,
				"WGS84_Y" : 39.457862,
				"COORD_X" : 725532,
				"COORD_Y" : 4370868
			}
		},
		{
			"type" : "Feature",
			"geometry" : {
				"type" : "Point",
				"coordinates" : [ -6.3790970079, 39.4601527354 ]
			},
			"properties" : {
				"NUCLEO" : "CACERES",
				"DISTRITO" : "SUR",
				"BARRIO" : "NUEVO CACERES",
				"CODBARRIO" : 62,
				"CODIGO_VIA" : 3625,
				"TIPO_VIA" : "AVDA",
				"NOMBRE_VIA" : "PIERRE DE COUBERTIN",
				"NUMPOL" : "1",
				"GESTION" : "PUBLICA",
				"URL_FICHA" : "https://sig.caceres.es/serweb/fichasig/fichamovilidadreducida.php?mslink=234",
				"URL_FOTO" : "https://sig.caceres.es/fotosOriginales/MOVILIDAD/3625_2_1.JPG",
				"URL_VIA" : "https://sig.caceres.es/serweb/fichasig/fichacalle.php?codigo=3625",
				"WGS84_X" : -6.379097,
				"WGS84_Y" : 39.460153,
				"COORD_X" : 725487,
				"COORD_Y" : 4371121
			}
		},
		{
			"type" : "Feature",
			"geometry" : {
				"type" : "Point",
				"coordinates" : [ -6.3772263597, 39.4560381558 ]
			},
			"properties" : {
				"NUCLEO" : "CACERES",
				"DISTRITO" : "SUR",
				"BARRIO" : "NUEVO CACERES",
				"CODBARRIO" : 62,
				"CODIGO_VIA" : 3643,
				"TIPO_VIA" : "CALLE",
				"NOMBRE_VIA" : "JUAN SOLANO PEDRERO",
				"NUMPOL" : "1",
				"GESTION" : "PUBLICA",
				"URL_FICHA" : "https://sig.caceres.es/serweb/fichasig/fichamovilidadreducida.php?mslink=235",
				"URL_FOTO" : "https://sig.caceres.es/fotosOriginales/MOVILIDAD/3643_1_1.JPG",
				"URL_VIA" : "https://sig.caceres.es/serweb/fichasig/fichacalle.php?codigo=3643",
				"WGS84_X" : -6.377226,
				"WGS84_Y" : 39.456038,
				"COORD_X" : 725661,
				"COORD_Y" : 4370669
			}
		},
		{
			"type" : "Feature",
			"geometry" : {
				"type" : "Point",
				"coordinates" : [ -6.3771487675, 39.4560508054 ]
			},
			"properties" : {
				"NUCLEO" : "CACERES",
				"DISTRITO" : "SUR",
				"BARRIO" : "NUEVO CACERES",
				"CODBARRIO" : 62,
				"CODIGO_VIA" : 3643,
				"TIPO_VIA" : "CALLE",
				"NOMBRE_VIA" : "JUAN SOLANO PEDRERO",
				"NUMPOL" : "1",
				"GESTION" : "PUBLICA",
				"URL_FICHA" : "https://sig.caceres.es/serweb/fichasig/fichamovilidadreducida.php?mslink=236",
				"URL_FOTO" : "https://sig.caceres.es/fotosOriginales/MOVILIDAD/3643_1_1.JPG",
				"URL_VIA" : "https://sig.caceres.es/serweb/fichasig/fichacalle.php?codigo=3643",
				"WGS84_X" : -6.377149,
				"WGS84_Y" : 39.456051,
				"COORD_X" : 725667,
				"COORD_Y" : 4370671
			}
		},
		{
			"type" : "Feature",
			"geometry" : {
				"type" : "Point",
				"coordinates" : [ -6.3794340152, 39.4594147551 ]
			},
			"properties" : {
				"NUCLEO" : "CACERES",
				"DISTRITO" : "SUR",
				"BARRIO" : "NUEVO CACERES",
				"CODBARRIO" : 62,
				"CODIGO_VIA" : 3625,
				"TIPO_VIA" : "AVDA",
				"NOMBRE_VIA" : "PIERRE DE COUBERTIN",
				"GESTION" : "PUBLICA",
				"URL_FICHA" : "https://sig.caceres.es/serweb/fichasig/fichamovilidadreducida.php?mslink=238",
				"URL_FOTO" : "https://sig.caceres.es/fotosOriginales/MOVILIDAD/3625_4_1.JPG",
				"URL_VIA" : "https://sig.caceres.es/serweb/fichasig/fichacalle.php?codigo=3625",
				"WGS84_X" : -6.379434,
				"WGS84_Y" : 39.459415,
				"COORD_X" : 725460,
				"COORD_Y" : 4371038
			}
		},
		{
			"type" : "Feature",
			"geometry" : {
				"type" : "Point",
				"coordinates" : [ -6.3795328453, 39.4597518355 ]
			},
			"properties" : {
				"NUCLEO" : "CACERES",
				"DISTRITO" : "SUR",
				"BARRIO" : "NUEVO CACERES",
				"CODBARRIO" : 62,
				"CODIGO_VIA" : 3625,
				"TIPO_VIA" : "AVDA",
				"NOMBRE_VIA" : "PIERRE DE COUBERTIN",
				"GESTION" : "PUBLICA",
				"URL_FICHA" : "https://sig.caceres.es/serweb/fichasig/fichamovilidadreducida.php?mslink=239",
				"URL_FOTO" : "https://sig.caceres.es/fotosOriginales/MOVILIDAD/3625_3_1.JPG",
				"URL_VIA" : "https://sig.caceres.es/serweb/fichasig/fichacalle.php?codigo=3625",
				"WGS84_X" : -6.379533,
				"WGS84_Y" : 39.459752,
				"COORD_X" : 725450,
				"COORD_Y" : 4371076
			}
		},
		{
			"type" : "Feature",
			"geometry" : {
				"type" : "Point",
				"coordinates" : [ -6.3794232478, 39.4593794353 ]
			},
			"properties" : {
				"NUCLEO" : "CACERES",
				"DISTRITO" : "SUR",
				"BARRIO" : "NUEVO CACERES",
				"CODBARRIO" : 62,
				"CODIGO_VIA" : 3625,
				"TIPO_VIA" : "AVDA",
				"NOMBRE_VIA" : "PIERRE DE COUBERTIN",
				"NUMPOL" : "8",
				"GESTION" : "PUBLICA",
				"URL_FICHA" : "https://sig.caceres.es/serweb/fichasig/fichamovilidadreducida.php?mslink=240",
				"URL_FOTO" : "https://sig.caceres.es/fotosOriginales/MOVILIDAD/3625_4_1.JPG",
				"URL_VIA" : "https://sig.caceres.es/serweb/fichasig/fichacalle.php?codigo=3625",
				"WGS84_X" : -6.379423,
				"WGS84_Y" : 39.459379,
				"COORD_X" : 725461,
				"COORD_Y" : 4371035
			}
		},
		{
			"type" : "Feature",
			"geometry" : {
				"type" : "Point",
				"coordinates" : [ -6.3796833465, 39.4593264974 ]
			},
			"properties" : {
				"NUCLEO" : "CACERES",
				"DISTRITO" : "SUR",
				"BARRIO" : "NUEVO CACERES",
				"CODBARRIO" : 62,
				"CODIGO_VIA" : 3628,
				"TIPO_VIA" : "AVDA",
				"NOMBRE_VIA" : "MARRAKECH",
				"NUMPOL" : "1",
				"GESTION" : "PUBLICA",
				"URL_FICHA" : "https://sig.caceres.es/serweb/fichasig/fichamovilidadreducida.php?mslink=241",
				"URL_FOTO" : "https://sig.caceres.es/fotosOriginales/MOVILIDAD/3628_1_1.JPG",
				"URL_VIA" : "https://sig.caceres.es/serweb/fichasig/fichacalle.php?codigo=3628",
				"WGS84_X" : -6.379683,
				"WGS84_Y" : 39.459326,
				"COORD_X" : 725439,
				"COORD_Y" : 4371028
			}
		},
		{
			"type" : "Feature",
			"geometry" : {
				"type" : "Point",
				"coordinates" : [ -6.3824301132, 39.4603395627 ]
			},
			"properties" : {
				"NUCLEO" : "CACERES",
				"DISTRITO" : "SUR",
				"BARRIO" : "NUEVO CACERES",
				"CODBARRIO" : 62,
				"CODIGO_VIA" : 3641,
				"TIPO_VIA" : "CALLE",
				"NOMBRE_VIA" : "TUNEZ",
				"GESTION" : "PUBLICA",
				"URL_FICHA" : "https://sig.caceres.es/serweb/fichasig/fichamovilidadreducida.php?mslink=242",
				"URL_FOTO" : "https://sig.caceres.es/fotosOriginales/MOVILIDAD/3641_1_1.JPG",
				"URL_VIA" : "https://sig.caceres.es/serweb/fichasig/fichacalle.php?codigo=3641",
				"WGS84_X" : -6.38243,
				"WGS84_Y" : 39.46034,
				"COORD_X" : 725199,
				"COORD_Y" : 4371134
			}
		},
		{
			"type" : "Feature",
			"geometry" : {
				"type" : "Point",
				"coordinates" : [ -6.3816942967, 39.4533111551 ]
			},
			"properties" : {
				"NUCLEO" : "CACERES",
				"DISTRITO" : "SUR",
				"BARRIO" : "NUEVO CACERES",
				"CODBARRIO" : 62,
				"CODIGO_VIA" : 3640,
				"TIPO_VIA" : "CALLE",
				"NOMBRE_VIA" : "SAN PETERSBURGO",
				"F_CREACION" : "24/04/2017",
				"F_REPINTAD" : "24/04/2017",
				"GESTION" : "PUBLICA",
				"URL_FICHA" : "https://sig.caceres.es/serweb/fichasig/fichamovilidadreducida.php?mslink=531",
				"URL_FOTO" : "https://sig.caceres.es/fotosOriginales/MOVILIDAD/3640_1_1.JPG",
				"URL_VIA" : "https://sig.caceres.es/serweb/fichasig/fichacalle.php?codigo=3640",
				"WGS84_X" : -6.381694,
				"WGS84_Y" : 39.453311,
				"COORD_X" : 725285,
				"COORD_Y" : 4370355
			}
		},
		{
			"type" : "Feature",
			"geometry" : {
				"type" : "Point",
				"coordinates" : [ -6.3816654579, 39.4532111172 ]
			},
			"properties" : {
				"NUCLEO" : "CACERES",
				"DISTRITO" : "SUR",
				"BARRIO" : "SAN ANTONIO (NUEVO CACERES)",
				"CODBARRIO" : 62,
				"CODIGO_VIA" : 3640,
				"TIPO_VIA" : "CALLE",
				"NOMBRE_VIA" : "SAN PETERSBURGO",
				"F_CREACION" : "24/04/2017",
				"F_REPINTAD" : "24/04/2017",
				"GESTION" : "PUBLICA",
				"URL_FICHA" : "https://sig.caceres.es/serweb/fichasig/fichamovilidadreducida.php?mslink=532",
				"URL_FOTO" : "https://sig.caceres.es/fotosOriginales/MOVILIDAD/3640_2_1.JPG",
				"URL_VIA" : "https://sig.caceres.es/serweb/fichasig/fichacalle.php?codigo=3640",
				"WGS84_X" : -6.381665,
				"WGS84_Y" : 39.453211,
				"COORD_X" : 725288,
				"COORD_Y" : 4370344
			}
		},
		{
			"type" : "Feature",
			"geometry" : {
				"type" : "Point",
				"coordinates" : [ -6.3812773933, 39.4582046094 ]
			},
			"properties" : {
				"NUCLEO" : "CACERES",
				"DISTRITO" : "SUR",
				"BARRIO" : "NUEVO CACERES",
				"CODBARRIO" : 62,
				"CODIGO_VIA" : 3629,
				"TIPO_VIA" : "CALLE",
				"NOMBRE_VIA" : "AVILA",
				"GESTION" : "PUBLICA",
				"URL_FICHA" : "https://sig.caceres.es/serweb/fichasig/fichamovilidadreducida.php?mslink=567",
				"URL_VIA" : "https://sig.caceres.es/serweb/fichasig/fichacalle.php?codigo=3629",
				"WGS84_X" : -6.381277,
				"WGS84_Y" : 39.458205,
				"COORD_X" : 725305,
				"COORD_Y" : 4370899
			}
		},
		{
			"type" : "Feature",
			"geometry" : {
				"type" : "Point",
				"coordinates" : [ -6.3812209265, 39.4582126353 ]
			},
			"properties" : {
				"NUCLEO" : "CACERES",
				"DISTRITO" : "SUR",
				"BARRIO" : "NUEVO CACERES",
				"CODBARRIO" : 62,
				"CODIGO_VIA" : 3629,
				"TIPO_VIA" : "CALLE",
				"NOMBRE_VIA" : "AVILA",
				"GESTION" : "PUBLICA",
				"URL_FICHA" : "https://sig.caceres.es/serweb/fichasig/fichamovilidadreducida.php?mslink=568",
				"URL_VIA" : "https://sig.caceres.es/serweb/fichasig/fichacalle.php?codigo=3629",
				"WGS84_X" : -6.381221,
				"WGS84_Y" : 39.458213,
				"COORD_X" : 725310,
				"COORD_Y" : 4370900
			}
		},
		{
			"type" : "Feature",
			"geometry" : {
				"type" : "Point",
				"coordinates" : [ -6.381083766, 39.4564013171 ]
			},
			"properties" : {
				"NUCLEO" : "CACERES",
				"DISTRITO" : "SUR",
				"BARRIO" : "NUEVO CACERES",
				"CODBARRIO" : 62,
				"CODIGO_VIA" : 3630,
				"TIPO_VIA" : "CALLE",
				"NOMBRE_VIA" : "SEGOVIA",
				"GESTION" : "PUBLICA",
				"URL_FICHA" : "https://sig.caceres.es/serweb/fichasig/fichamovilidadreducida.php?mslink=569",
				"URL_VIA" : "https://sig.caceres.es/serweb/fichasig/fichacalle.php?codigo=3630",
				"WGS84_X" : -6.381084,
				"WGS84_Y" : 39.456401,
				"COORD_X" : 725328,
				"COORD_Y" : 4370700
			}
		},
		{
			"type" : "Feature",
			"geometry" : {
				"type" : "Point",
				"coordinates" : [ -6.3794411851, 39.4564777517 ]
			},
			"properties" : {
				"NUCLEO" : "CACERES",
				"DISTRITO" : "SUR",
				"BARRIO" : "NUEVO CACERES",
				"CODBARRIO" : 62,
				"CODIGO_VIA" : 3636,
				"TIPO_VIA" : "CALLE",
				"NOMBRE_VIA" : "OAXACA",
				"GESTION" : "PUBLICA",
				"URL_FICHA" : "https://sig.caceres.es/serweb/fichasig/fichamovilidadreducida.php?mslink=570",
				"URL_VIA" : "https://sig.caceres.es/serweb/fichasig/fichacalle.php?codigo=3636",
				"WGS84_X" : -6.379441,
				"WGS84_Y" : 39.456478,
				"COORD_X" : 725469,
				"COORD_Y" : 4370712
			}
		},
		{
			"type" : "Feature",
			"geometry" : {
				"type" : "Point",
				"coordinates" : [ -6.3800451135, 39.4558804621 ]
			},
			"properties" : {
				"NUCLEO" : "CACERES",
				"DISTRITO" : "SUR",
				"BARRIO" : "NUEVO CACERES",
				"CODBARRIO" : 62,
				"CODIGO_VIA" : 3643,
				"TIPO_VIA" : "CALLE",
				"NOMBRE_VIA" : "JUAN SOLANO PEDRERO",
				"GESTION" : "PUBLICA",
				"URL_FICHA" : "https://sig.caceres.es/serweb/fichasig/fichamovilidadreducida.php?mslink=571",
				"URL_VIA" : "https://sig.caceres.es/serweb/fichasig/fichacalle.php?codigo=3643",
				"WGS84_X" : -6.380045,
				"WGS84_Y" : 39.45588,
				"COORD_X" : 725419,
				"COORD_Y" : 4370645
			}
		},
		{
			"type" : "Feature",
			"geometry" : {
				"type" : "Point",
				"coordinates" : [ -6.3715647036, 39.4600540821 ]
			},
			"properties" : {
				"NUCLEO" : "CACERES",
				"DISTRITO" : "SUR",
				"BARRIO" : "LLOPIS IVORRA",
				"CODBARRIO" : 39,
				"CODIGO_VIA" : 3071,
				"TIPO_VIA" : "AVDA",
				"NOMBRE_VIA" : "DE CERVANTES",
				"NUMPOL" : "10",
				"GESTION" : "PUBLICA",
				"URL_FICHA" : "https://sig.caceres.es/serweb/fichasig/fichamovilidadreducida.php?mslink=250",
				"URL_FOTO" : "https://sig.caceres.es/fotosOriginales/MOVILIDAD/3071_1_1.JPG",
				"URL_VIA" : "https://sig.caceres.es/serweb/fichasig/fichacalle.php?codigo=3071",
				"WGS84_X" : -6.371565,
				"WGS84_Y" : 39.460054,
				"COORD_X" : 726135,
				"COORD_Y" : 4371129
			}
		},
		{
			"type" : "Feature",
			"geometry" : {
				"type" : "Point",
				"coordinates" : [ -6.3714470517, 39.4591478422 ]
			},
			"properties" : {
				"NUCLEO" : "CACERES",
				"DISTRITO" : "SUR",
				"BARRIO" : "LLOPIS IVORRA",
				"CODBARRIO" : 39,
				"CODIGO_VIA" : 173,
				"TIPO_VIA" : "CALLE",
				"NOMBRE_VIA" : "ECUADOR",
				"NUMPOL" : "19",
				"GESTION" : "PUBLICA",
				"URL_FICHA" : "https://sig.caceres.es/serweb/fichasig/fichamovilidadreducida.php?mslink=251",
				"URL_FOTO" : "https://sig.caceres.es/fotosOriginales/MOVILIDAD/173_1_1.JPG",
				"URL_VIA" : "https://sig.caceres.es/serweb/fichasig/fichacalle.php?codigo=173",
				"WGS84_X" : -6.371447,
				"WGS84_Y" : 39.459148,
				"COORD_X" : 726148,
				"COORD_Y" : 4371029
			}
		},
		{
			"type" : "Feature",
			"geometry" : {
				"type" : "Point",
				"coordinates" : [ -6.3717715588, 39.45879441 ]
			},
			"properties" : {
				"NUCLEO" : "CACERES",
				"DISTRITO" : "SUR",
				"BARRIO" : "LLOPIS IVORRA",
				"CODBARRIO" : 39,
				"CODIGO_VIA" : 150,
				"TIPO_VIA" : "CALLE",
				"NOMBRE_VIA" : "CUBA",
				"NUMPOL" : "32",
				"GESTION" : "PUBLICA",
				"URL_FICHA" : "https://sig.caceres.es/serweb/fichasig/fichamovilidadreducida.php?mslink=252",
				"URL_FOTO" : "https://sig.caceres.es/fotosOriginales/MOVILIDAD/150_3_1.JPG",
				"URL_VIA" : "https://sig.caceres.es/serweb/fichasig/fichacalle.php?codigo=150",
				"WGS84_X" : -6.371772,
				"WGS84_Y" : 39.458794,
				"COORD_X" : 726121,
				"COORD_Y" : 4370989
			}
		},
		{
			"type" : "Feature",
			"geometry" : {
				"type" : "Point",
				"coordinates" : [ -6.3722127195, 39.4592765578 ]
			},
			"properties" : {
				"NUCLEO" : "CACERES",
				"DISTRITO" : "SUR",
				"BARRIO" : "LLOPIS IVORRA",
				"CODBARRIO" : 39,
				"CODIGO_VIA" : 150,
				"TIPO_VIA" : "CALLE",
				"NOMBRE_VIA" : "CUBA",
				"NUMPOL" : "24",
				"GESTION" : "PUBLICA",
				"URL_FICHA" : "https://sig.caceres.es/serweb/fichasig/fichamovilidadreducida.php?mslink=253",
				"URL_FOTO" : "https://sig.caceres.es/fotosOriginales/MOVILIDAD/150_2_1.JPG",
				"URL_VIA" : "https://sig.caceres.es/serweb/fichasig/fichacalle.php?codigo=150",
				"WGS84_X" : -6.372213,
				"WGS84_Y" : 39.459277,
				"COORD_X" : 726082,
				"COORD_Y" : 4371041
			}
		},
		{
			"type" : "Feature",
			"geometry" : {
				"type" : "Point",
				"coordinates" : [ -6.3749985219, 39.4607870448 ]
			},
			"properties" : {
				"NUCLEO" : "CACERES",
				"DISTRITO" : "SUR",
				"BARRIO" : "LLOPIS IVORRA",
				"CODBARRIO" : 39,
				"CODIGO_VIA" : 578,
				"TIPO_VIA" : "AVDA",
				"NOMBRE_VIA" : "DE LA BONDAD",
				"NUMPOL" : "13",
				"GESTION" : "PUBLICA",
				"URL_FICHA" : "https://sig.caceres.es/serweb/fichasig/fichamovilidadreducida.php?mslink=254",
				"URL_FOTO" : "https://sig.caceres.es/fotosOriginales/MOVILIDAD/578_2_1.JPG",
				"URL_VIA" : "https://sig.caceres.es/serweb/fichasig/fichacalle.php?codigo=578",
				"WGS84_X" : -6.374999,
				"WGS84_Y" : 39.460787,
				"COORD_X" : 725837,
				"COORD_Y" : 4371202
			}
		},
		{
			"type" : "Feature",
			"geometry" : {
				"type" : "Point",
				"coordinates" : [ -6.3745402377, 39.4590651743 ]
			},
			"properties" : {
				"NUCLEO" : "CACERES",
				"DISTRITO" : "SUR",
				"BARRIO" : "LLOPIS IVORRA",
				"CODBARRIO" : 39,
				"CODIGO_VIA" : 3514,
				"TIPO_VIA" : "CALLE",
				"NOMBRE_VIA" : "GUATEMALA",
				"NUMPOL" : "29",
				"GESTION" : "PUBLICA",
				"URL_FICHA" : "https://sig.caceres.es/serweb/fichasig/fichamovilidadreducida.php?mslink=255",
				"URL_FOTO" : "https://sig.caceres.es/fotosOriginales/MOVILIDAD/3514_1_1.JPG",
				"URL_VIA" : "https://sig.caceres.es/serweb/fichasig/fichacalle.php?codigo=3514",
				"WGS84_X" : -6.37454,
				"WGS84_Y" : 39.459065,
				"COORD_X" : 725882,
				"COORD_Y" : 4371012
			}
		},
		{
			"type" : "Feature",
			"geometry" : {
				"type" : "Point",
				"coordinates" : [ -6.3727057552, 39.4598083508 ]
			},
			"properties" : {
				"NUCLEO" : "CACERES",
				"DISTRITO" : "SUR",
				"BARRIO" : "LLOPIS IVORRA",
				"CODBARRIO" : 39,
				"CODIGO_VIA" : 150,
				"TIPO_VIA" : "CALLE",
				"NOMBRE_VIA" : "CUBA",
				"GESTION" : "PUBLICA",
				"URL_FICHA" : "https://sig.caceres.es/serweb/fichasig/fichamovilidadreducida.php?mslink=256",
				"URL_FOTO" : "https://sig.caceres.es/fotosOriginales/MOVILIDAD/150_1_1.JPG",
				"URL_VIA" : "https://sig.caceres.es/serweb/fichasig/fichacalle.php?codigo=150",
				"WGS84_X" : -6.372706,
				"WGS84_Y" : 39.459808,
				"COORD_X" : 726038,
				"COORD_Y" : 4371099
			}
		},
		{
			"type" : "Feature",
			"geometry" : {
				"type" : "Point",
				"coordinates" : [ -6.3738256907, 39.4602354818 ]
			},
			"properties" : {
				"NUCLEO" : "CACERES",
				"DISTRITO" : "SUR",
				"BARRIO" : "LLOPIS IVORRA",
				"CODBARRIO" : 39,
				"CODIGO_VIA" : 3617,
				"TIPO_VIA" : "CALLE",
				"NOMBRE_VIA" : "URUGUAY",
				"GESTION" : "PUBLICA",
				"URL_FICHA" : "https://sig.caceres.es/serweb/fichasig/fichamovilidadreducida.php?mslink=257",
				"URL_FOTO" : "https://sig.caceres.es/fotosOriginales/MOVILIDAD/3617_1_1.JPG",
				"URL_VIA" : "https://sig.caceres.es/serweb/fichasig/fichacalle.php?codigo=3617",
				"WGS84_X" : -6.373826,
				"WGS84_Y" : 39.460235,
				"COORD_X" : 725940,
				"COORD_Y" : 4371144
			}
		},
		{
			"type" : "Feature",
			"geometry" : {
				"type" : "Point",
				"coordinates" : [ -6.3709362966, 39.459363582 ]
			},
			"properties" : {
				"NUCLEO" : "CACERES",
				"DISTRITO" : "SUR",
				"BARRIO" : "LLOPIS IVORRA",
				"CODBARRIO" : 39,
				"CODIGO_VIA" : 3071,
				"TIPO_VIA" : "AVDA",
				"NOMBRE_VIA" : "DE CERVANTES",
				"GESTION" : "PUBLICA",
				"URL_FICHA" : "https://sig.caceres.es/serweb/fichasig/fichamovilidadreducida.php?mslink=258",
				"URL_FOTO" : "https://sig.caceres.es/fotosOriginales/MOVILIDAD/3071_2_1.JPG",
				"URL_VIA" : "https://sig.caceres.es/serweb/fichasig/fichacalle.php?codigo=3071",
				"WGS84_X" : -6.370936,
				"WGS84_Y" : 39.459364,
				"COORD_X" : 726191,
				"COORD_Y" : 4371054
			}
		},
		{
			"type" : "Feature",
			"geometry" : {
				"type" : "Point",
				"coordinates" : [ -6.3744217744, 39.4577072371 ]
			},
			"properties" : {
				"NUCLEO" : "CACERES",
				"DISTRITO" : "SUR",
				"BARRIO" : "LAS TRESCIENTAS",
				"CODBARRIO" : 39,
				"CODIGO_VIA" : 2225,
				"TIPO_VIA" : "CALLE",
				"NOMBRE_VIA" : "CRISTU BENDITU",
				"NUMPOL" : "8",
				"F_CREACION" : "03/04/2017",
				"F_REPINTAD" : "03/04/2017",
				"GESTION" : "PUBLICA",
				"URL_FICHA" : "https://sig.caceres.es/serweb/fichasig/fichamovilidadreducida.php?mslink=539",
				"URL_FOTO" : "https://sig.caceres.es/fotosOriginales/MOVILIDAD/2225_1_1.JPG",
				"URL_VIA" : "https://sig.caceres.es/serweb/fichasig/fichacalle.php?codigo=2225",
				"WGS84_X" : -6.374422,
				"WGS84_Y" : 39.457707,
				"COORD_X" : 725897,
				"COORD_Y" : 4370861
			}
		},
		{
			"type" : "Feature",
			"geometry" : {
				"type" : "Point",
				"coordinates" : [ -6.3721671156, 39.4605599533 ]
			},
			"properties" : {
				"NUCLEO" : "CACERES",
				"DISTRITO" : "SUR",
				"BARRIO" : "LLOPIS IVORRA",
				"CODBARRIO" : 39,
				"CODIGO_VIA" : 127,
				"TIPO_VIA" : "CALLE",
				"NOMBRE_VIA" : "CHILE",
				"F_CREACION" : "04/05/21",
				"F_REPINTAD" : "04/05/21",
				"GESTION" : "PUBLICA",
				"URL_FICHA" : "https://sig.caceres.es/serweb/fichasig/fichamovilidadreducida.php?mslink=552",
				"URL_FOTO" : "https://sig.caceres.es/fotosOriginales/MOVILIDAD/127_1_1.JPG",
				"URL_VIA" : "https://sig.caceres.es/serweb/fichasig/fichacalle.php?codigo=127",
				"WGS84_X" : -6.372167,
				"WGS84_Y" : 39.46056,
				"COORD_X" : 726082,
				"COORD_Y" : 4371184
			}
		},
		{
			"type" : "Feature",
			"geometry" : {
				"type" : "Point",
				"coordinates" : [ -6.3751183103, 39.4583443714 ]
			},
			"properties" : {
				"NUCLEO" : "CACERES",
				"DISTRITO" : "SUR",
				"BARRIO" : "LLOPIS IVORRA",
				"CODBARRIO" : 39,
				"CODIGO_VIA" : 578,
				"TIPO_VIA" : "AVDA",
				"NOMBRE_VIA" : "DE LA BONDAD",
				"NUMPOL" : "39",
				"F_CREACION" : "04/05/21",
				"GESTION" : "PUBLICA",
				"URL_FICHA" : "https://sig.caceres.es/serweb/fichasig/fichamovilidadreducida.php?mslink=558",
				"URL_FOTO" : "https://sig.caceres.es/fotosOriginales/MOVILIDAD/578_5_1.JPG",
				"URL_VIA" : "https://sig.caceres.es/serweb/fichasig/fichacalle.php?codigo=578",
				"WGS84_X" : -6.375118,
				"WGS84_Y" : 39.458344,
				"COORD_X" : 725835,
				"COORD_Y" : 4370930
			}
		},
		{
			"type" : "Feature",
			"geometry" : {
				"type" : "Point",
				"coordinates" : [ -6.3724945635, 39.4570505143 ]
			},
			"properties" : {
				"NUCLEO" : "CACERES",
				"DISTRITO" : "SUR",
				"BARRIO" : "LLOPIS IVORRA",
				"CODBARRIO" : 39,
				"CODIGO_VIA" : 3014,
				"TIPO_VIA" : "AVDA",
				"NOMBRE_VIA" : "DE LAS DELICIAS",
				"GESTION" : "PUBLICA",
				"URL_FICHA" : "https://sig.caceres.es/serweb/fichasig/fichamovilidadreducida.php?mslink=572",
				"URL_VIA" : "https://sig.caceres.es/serweb/fichasig/fichacalle.php?codigo=3014",
				"WGS84_X" : -6.372495,
				"WGS84_Y" : 39.457051,
				"COORD_X" : 726065,
				"COORD_Y" : 4370793
			}
		},
		{
			"type" : "Feature",
			"geometry" : {
				"type" : "Point",
				"coordinates" : [ -6.3730403024, 39.4583927801 ]
			},
			"properties" : {
				"NUCLEO" : "CACERES",
				"DISTRITO" : "SUR",
				"BARRIO" : "LLOPIS IVORRA",
				"CODBARRIO" : 39,
				"CODIGO_VIA" : 529,
				"TIPO_VIA" : "CALLE",
				"NOMBRE_VIA" : "VENEZUELA",
				"GESTION" : "PUBLICA",
				"URL_FICHA" : "https://sig.caceres.es/serweb/fichasig/fichamovilidadreducida.php?mslink=574",
				"URL_VIA" : "https://sig.caceres.es/serweb/fichasig/fichacalle.php?codigo=529",
				"WGS84_X" : -6.37304,
				"WGS84_Y" : 39.458393,
				"COORD_X" : 726013,
				"COORD_Y" : 4370941
			}
		},
		{
			"type" : "Feature",
			"geometry" : {
				"type" : "Point",
				"coordinates" : [ -6.3730620113, 39.4585478416 ]
			},
			"properties" : {
				"NUCLEO" : "CACERES",
				"DISTRITO" : "SUR",
				"BARRIO" : "LLOPIS IVORRA",
				"CODBARRIO" : 39,
				"CODIGO_VIA" : 529,
				"TIPO_VIA" : "CALLE",
				"NOMBRE_VIA" : "VENEZUELA",
				"GESTION" : "PUBLICA",
				"URL_FICHA" : "https://sig.caceres.es/serweb/fichasig/fichamovilidadreducida.php?mslink=575",
				"URL_VIA" : "https://sig.caceres.es/serweb/fichasig/fichacalle.php?codigo=529",
				"WGS84_X" : -6.373062,
				"WGS84_Y" : 39.458548,
				"COORD_X" : 726011,
				"COORD_Y" : 4370958
			}
		},
		{
			"type" : "Feature",
			"geometry" : {
				"type" : "Point",
				"coordinates" : [ -6.3739028355, 39.4610249156 ]
			},
			"properties" : {
				"NUCLEO" : "CACERES",
				"DISTRITO" : "CENTRO",
				"BARRIO" : "LA BONDAD",
				"CODBARRIO" : 39,
				"CODIGO_VIA" : 1288,
				"TIPO_VIA" : "AVDA",
				"NOMBRE_VIA" : "DE LA HISPANIDAD",
				"GESTION" : "PUBLICA",
				"URL_FICHA" : "https://sig.caceres.es/serweb/fichasig/fichamovilidadreducida.php?mslink=580",
				"URL_FOTO" : "https://sig.caceres.es/fotosOriginales/MOVILIDAD/1288_8_1.JPG",
				"URL_VIA" : "https://sig.caceres.es/serweb/fichasig/fichacalle.php?codigo=1288",
				"WGS84_X" : -6.373903,
				"WGS84_Y" : 39.461025,
				"COORD_X" : 725931,
				"COORD_Y" : 4371231
			}
		},
		{
			"type" : "Feature",
			"geometry" : {
				"type" : "Point",
				"coordinates" : [ -6.3726981531, 39.4604314529 ]
			},
			"properties" : {
				"NUCLEO" : "CACERES",
				"DISTRITO" : "SUR",
				"BARRIO" : "LLOPIS IVORRA",
				"CODBARRIO" : 39,
				"CODIGO_VIA" : 173,
				"TIPO_VIA" : "CALLE",
				"NOMBRE_VIA" : "ECUADOR",
				"NUMPOL" : "1",
				"F_CREACION" : "30/12/2022",
				"GESTION" : "PUBLICA",
				"URL_FICHA" : "https://sig.caceres.es/serweb/fichasig/fichamovilidadreducida.php?mslink=641",
				"URL_VIA" : "https://sig.caceres.es/serweb/fichasig/fichacalle.php?codigo=173",
				"WGS84_X" : -6.372698,
				"WGS84_Y" : 39.460431,
				"COORD_X" : 726036,
				"COORD_Y" : 4371168
			}
		},
		{
			"type" : "Feature",
			"geometry" : {
				"type" : "Point",
				"coordinates" : [ -6.37399838, 39.4607101434 ]
			},
			"properties" : {
				"NUCLEO" : "CACERES",
				"DISTRITO" : "SUR",
				"BARRIO" : "LLOPIS IBORRA",
				"CODBARRIO" : 39,
				"CODIGO_VIA" : 1288,
				"TIPO_VIA" : "AVDA",
				"NOMBRE_VIA" : "DE LA HISPANIDAD",
				"NUMPOL" : "43",
				"GESTION" : "PUBLICA",
				"URL_FICHA" : "https://sig.caceres.es/serweb/fichasig/fichamovilidadreducida.php?mslink=646",
				"URL_FOTO" : "https://sig.caceres.es/fotosOriginales/MOVILIDAD/1288_9_1.JPG",
				"URL_VIA" : "https://sig.caceres.es/serweb/fichasig/fichacalle.php?codigo=1288",
				"WGS84_X" : -6.373998,
				"WGS84_Y" : 39.46071,
				"COORD_X" : 725923,
				"COORD_Y" : 4371196
			}
		},
		{
			"type" : "Feature",
			"geometry" : {
				"type" : "Point",
				"coordinates" : [ -6.3719644544, 39.4597108966 ]
			},
			"properties" : {
				"NUCLEO" : "CACERES",
				"DISTRITO" : "SUR",
				"BARRIO" : "LLOPIS IVORRA",
				"CODBARRIO" : 39,
				"CODIGO_VIA" : 173,
				"TIPO_VIA" : "CALLE",
				"NOMBRE_VIA" : "ECUADOR",
				"NUMPOL" : "11",
				"F_CREACION" : "5/2/2022",
				"GESTION" : "PUBLICA",
				"URL_FICHA" : "https://sig.caceres.es/serweb/fichasig/fichamovilidadreducida.php?mslink=649",
				"URL_FOTO" : "https://sig.caceres.es/fotosOriginales/MOVILIDAD/173_2_1.JPG",
				"URL_VIA" : "https://sig.caceres.es/serweb/fichasig/fichacalle.php?codigo=173",
				"WGS84_X" : -6.371964,
				"WGS84_Y" : 39.459711,
				"COORD_X" : 726102,
				"COORD_Y" : 4371090
			}
		},
		{
			"type" : "Feature",
			"geometry" : {
				"type" : "Point",
				"coordinates" : [ -6.3680193191, 39.4600703841 ]
			},
			"properties" : {
				"NUCLEO" : "CACERES",
				"DISTRITO" : "SUR",
				"BARRIO" : "ESPIRITU SANTO",
				"CODBARRIO" : 19,
				"CODIGO_VIA" : 232,
				"TIPO_VIA" : "CALLE",
				"NOMBRE_VIA" : "GUADIANA",
				"NUMPOL" : "6",
				"GESTION" : "PUBLICA",
				"URL_FICHA" : "https://sig.caceres.es/serweb/fichasig/fichamovilidadreducida.php?mslink=259",
				"URL_FOTO" : "https://sig.caceres.es/fotosOriginales/MOVILIDAD/232_1_1.JPG",
				"URL_VIA" : "https://sig.caceres.es/serweb/fichasig/fichacalle.php?codigo=232",
				"WGS84_X" : -6.368019,
				"WGS84_Y" : 39.46007,
				"COORD_X" : 726440,
				"COORD_Y" : 4371140
			}
		},
		{
			"type" : "Feature",
			"geometry" : {
				"type" : "Point",
				"coordinates" : [ -6.3691895638, 39.4608201321 ]
			},
			"properties" : {
				"NUCLEO" : "CACERES",
				"DISTRITO" : "SUR",
				"BARRIO" : "ESPIRITU SANTO",
				"CODBARRIO" : 19,
				"CODIGO_VIA" : 1962,
				"TIPO_VIA" : "CALLE",
				"NOMBRE_VIA" : "LA ROCHE SUR YON",
				"NUMPOL" : "6",
				"GESTION" : "PUBLICA",
				"URL_FICHA" : "https://sig.caceres.es/serweb/fichasig/fichamovilidadreducida.php?mslink=260",
				"URL_FOTO" : "https://sig.caceres.es/fotosOriginales/MOVILIDAD/1962_3_1.JPG",
				"URL_VIA" : "https://sig.caceres.es/serweb/fichasig/fichacalle.php?codigo=1962",
				"WGS84_X" : -6.36919,
				"WGS84_Y" : 39.46082,
				"COORD_X" : 726337,
				"COORD_Y" : 4371220
			}
		},
		{
			"type" : "Feature",
			"geometry" : {
				"type" : "Point",
				"coordinates" : [ -6.3696161498, 39.4610386614 ]
			},
			"properties" : {
				"NUCLEO" : "CACERES",
				"DISTRITO" : "SUR",
				"BARRIO" : "ESPIRITU SANTO",
				"CODBARRIO" : 19,
				"CODIGO_VIA" : 1962,
				"TIPO_VIA" : "CALLE",
				"NOMBRE_VIA" : "LA ROCHE SUR YON",
				"NUMPOL" : "7",
				"GESTION" : "PUBLICA",
				"URL_FICHA" : "https://sig.caceres.es/serweb/fichasig/fichamovilidadreducida.php?mslink=261",
				"URL_FOTO" : "https://sig.caceres.es/fotosOriginales/MOVILIDAD/1962_1_1.JPG",
				"URL_VIA" : "https://sig.caceres.es/serweb/fichasig/fichacalle.php?codigo=1962",
				"WGS84_X" : -6.369616,
				"WGS84_Y" : 39.461039,
				"COORD_X" : 726299,
				"COORD_Y" : 4371243
			}
		},
		{
			"type" : "Feature",
			"geometry" : {
				"type" : "Point",
				"coordinates" : [ -6.3704432459, 39.460438655 ]
			},
			"properties" : {
				"NUCLEO" : "CACERES",
				"DISTRITO" : "SUR",
				"BARRIO" : "ESPIRITU SANTO",
				"CODBARRIO" : 19,
				"CODIGO_VIA" : 1962,
				"TIPO_VIA" : "CALLE",
				"NOMBRE_VIA" : "LA ROCHE SUR YON",
				"GESTION" : "PUBLICA",
				"URL_FICHA" : "https://sig.caceres.es/serweb/fichasig/fichamovilidadreducida.php?mslink=262",
				"URL_FOTO" : "https://sig.caceres.es/fotosOriginales/MOVILIDAD/1962_2_1.JPG",
				"URL_VIA" : "https://sig.caceres.es/serweb/fichasig/fichacalle.php?codigo=1962",
				"WGS84_X" : -6.370443,
				"WGS84_Y" : 39.460439,
				"COORD_X" : 726230,
				"COORD_Y" : 4371175
			}
		},
		{
			"type" : "Feature",
			"geometry" : {
				"type" : "Point",
				"coordinates" : [ -6.3679125043, 39.462505006 ]
			},
			"properties" : {
				"NUCLEO" : "CACERES",
				"DISTRITO" : "SUR",
				"BARRIO" : "ESPIRITU SANTO",
				"CODBARRIO" : 19,
				"CODIGO_VIA" : 1288,
				"TIPO_VIA" : "AVDA",
				"NOMBRE_VIA" : "DE LA HISPANIDAD",
				"NUMPOL" : "9",
				"F_CREACION" : "03/04/2017",
				"F_REPINTAD" : "03/04/2017",
				"GESTION" : "PUBLICA",
				"URL_FICHA" : "https://sig.caceres.es/serweb/fichasig/fichamovilidadreducida.php?mslink=533",
				"URL_FOTO" : "https://sig.caceres.es/fotosOriginales/MOVILIDAD/1288_5_1.JPG",
				"URL_VIA" : "https://sig.caceres.es/serweb/fichasig/fichacalle.php?codigo=1288",
				"WGS84_X" : -6.367913,
				"WGS84_Y" : 39.462505,
				"COORD_X" : 726441,
				"COORD_Y" : 4371410
			}
		},
		{
			"type" : "Feature",
			"geometry" : {
				"type" : "Point",
				"coordinates" : [ -6.3694131926, 39.461389776 ]
			},
			"properties" : {
				"NUCLEO" : "CACERES",
				"DISTRITO" : "SUR",
				"BARRIO" : "ESPIRITU SANTO",
				"CODBARRIO" : 19,
				"CODIGO_VIA" : 972,
				"TIPO_VIA" : "CALLE",
				"NOMBRE_VIA" : "RIO MIÑO",
				"NUMPOL" : "1",
				"F_CREACION" : "21/07/2017",
				"F_REPINTAD" : "21/07/2017",
				"GESTION" : "PUBLICA",
				"URL_FICHA" : "https://sig.caceres.es/serweb/fichasig/fichamovilidadreducida.php?mslink=545",
				"URL_FOTO" : "https://sig.caceres.es/fotosOriginales/MOVILIDAD/972_1_1.JPG",
				"URL_VIA" : "https://sig.caceres.es/serweb/fichasig/fichacalle.php?codigo=972",
				"WGS84_X" : -6.369413,
				"WGS84_Y" : 39.46139,
				"COORD_X" : 726316,
				"COORD_Y" : 4371283
			}
		},
		{
			"type" : "Feature",
			"geometry" : {
				"type" : "Point",
				"coordinates" : [ -6.3704685871, 39.4591250297 ]
			},
			"properties" : {
				"NUCLEO" : "CACERES",
				"DISTRITO" : "SUR",
				"BARRIO" : "LLOPIS IVORRA",
				"CODBARRIO" : 19,
				"CODIGO_VIA" : 3071,
				"TIPO_VIA" : "AVDA",
				"NOMBRE_VIA" : "DE CERVANTES",
				"GESTION" : "PUBLICA",
				"URL_FICHA" : "https://sig.caceres.es/serweb/fichasig/fichamovilidadreducida.php?mslink=576",
				"URL_VIA" : "https://sig.caceres.es/serweb/fichasig/fichacalle.php?codigo=3071",
				"WGS84_X" : -6.370469,
				"WGS84_Y" : 39.459125,
				"COORD_X" : 726232,
				"COORD_Y" : 4371029
			}
		},
		{
			"type" : "Feature",
			"geometry" : {
				"type" : "Point",
				"coordinates" : [ -6.3714086046, 39.4601658916 ]
			},
			"properties" : {
				"NUCLEO" : "CACERES",
				"DISTRITO" : "SUR",
				"BARRIO" : "ESPIRITU SANTO",
				"CODBARRIO" : 19,
				"CODIGO_VIA" : 3071,
				"TIPO_VIA" : "AVDA",
				"NOMBRE_VIA" : "DE CERVANTES",
				"NUMPOL" : "27",
				"GESTION" : "PUBLICA",
				"URL_FICHA" : "https://sig.caceres.es/serweb/fichasig/fichamovilidadreducida.php?mslink=650",
				"URL_FOTO" : "https://sig.caceres.es/fotosOriginales/MOVILIDAD/3071_3_1.JPG",
				"URL_VIA" : "https://sig.caceres.es/serweb/fichasig/fichacalle.php?codigo=3071",
				"WGS84_X" : -6.371409,
				"WGS84_Y" : 39.460166,
				"COORD_X" : 726148,
				"COORD_Y" : 4371142
			}
		},
		{
			"type" : "Feature",
			"geometry" : {
				"type" : "Point",
				"coordinates" : [ -6.3672886535, 39.4961990656 ]
			},
			"properties" : {
				"NUCLEO" : "CACERES",
				"DISTRITO" : "NORTE",
				"BARRIO" : "GREDOS",
				"CODBARRIO" : 22,
				"CODIGO_VIA" : 3903,
				"TIPO_VIA" : "AVDA",
				"NOMBRE_VIA" : "LOS NARROS",
				"NUMPOL" : "16",
				"GESTION" : "PUBLICA",
				"URL_FICHA" : "https://sig.caceres.es/serweb/fichasig/fichamovilidadreducida.php?mslink=408",
				"URL_FOTO" : "https://sig.caceres.es/fotosOriginales/MOVILIDAD/3903_7_1.JPG",
				"URL_VIA" : "https://sig.caceres.es/serweb/fichasig/fichacalle.php?codigo=3903",
				"WGS84_X" : -6.367289,
				"WGS84_Y" : 39.496199,
				"COORD_X" : 726386,
				"COORD_Y" : 4375152
			}
		},
		{
			"type" : "Feature",
			"geometry" : {
				"type" : "Point",
				"coordinates" : [ -6.367435178, 39.4960063236 ]
			},
			"properties" : {
				"NUCLEO" : "CACERES",
				"DISTRITO" : "NORTE",
				"BARRIO" : "GREDOS",
				"CODBARRIO" : 22,
				"CODIGO_VIA" : 3902,
				"TIPO_VIA" : "CALLE",
				"NOMBRE_VIA" : "DEL ARENAL",
				"NUMPOL" : "2",
				"GESTION" : "PUBLICA",
				"URL_FICHA" : "https://sig.caceres.es/serweb/fichasig/fichamovilidadreducida.php?mslink=409",
				"URL_FOTO" : "https://sig.caceres.es/fotosOriginales/MOVILIDAD/3902_7_1.JPG",
				"URL_VIA" : "https://sig.caceres.es/serweb/fichasig/fichacalle.php?codigo=3902",
				"WGS84_X" : -6.367435,
				"WGS84_Y" : 39.496006,
				"COORD_X" : 726374,
				"COORD_Y" : 4375130
			}
		},
		{
			"type" : "Feature",
			"geometry" : {
				"type" : "Point",
				"coordinates" : [ -6.3676414292, 39.4963639991 ]
			},
			"properties" : {
				"NUCLEO" : "CACERES",
				"DISTRITO" : "NORTE",
				"BARRIO" : "GREDOS",
				"CODBARRIO" : 22,
				"CODIGO_VIA" : 3903,
				"TIPO_VIA" : "AVDA",
				"NOMBRE_VIA" : "LOS NARROS",
				"NUMPOL" : "22",
				"GESTION" : "PUBLICA",
				"URL_FICHA" : "https://sig.caceres.es/serweb/fichasig/fichamovilidadreducida.php?mslink=410",
				"URL_FOTO" : "https://sig.caceres.es/fotosOriginales/MOVILIDAD/3903_6_1.JPG",
				"URL_VIA" : "https://sig.caceres.es/serweb/fichasig/fichacalle.php?codigo=3903",
				"WGS84_X" : -6.367641,
				"WGS84_Y" : 39.496364,
				"COORD_X" : 726355,
				"COORD_Y" : 4375169
			}
		},
		{
			"type" : "Feature",
			"geometry" : {
				"type" : "Point",
				"coordinates" : [ -6.367788919, 39.4961690173 ]
			},
			"properties" : {
				"NUCLEO" : "CACERES",
				"DISTRITO" : "NORTE",
				"BARRIO" : "GREDOS",
				"CODBARRIO" : 22,
				"CODIGO_VIA" : 3902,
				"TIPO_VIA" : "CALLE",
				"NOMBRE_VIA" : "DEL ARENAL",
				"NUMPOL" : "21",
				"GESTION" : "PUBLICA",
				"URL_FICHA" : "https://sig.caceres.es/serweb/fichasig/fichamovilidadreducida.php?mslink=411",
				"URL_FOTO" : "https://sig.caceres.es/fotosOriginales/MOVILIDAD/3902_6_1.JPG",
				"URL_VIA" : "https://sig.caceres.es/serweb/fichasig/fichacalle.php?codigo=3902",
				"WGS84_X" : -6.367789,
				"WGS84_Y" : 39.496169,
				"COORD_X" : 726343,
				"COORD_Y" : 4375147
			}
		},
		{
			"type" : "Feature",
			"geometry" : {
				"type" : "Point",
				"coordinates" : [ -6.3679653708, 39.4965137121 ]
			},
			"properties" : {
				"NUCLEO" : "CACERES",
				"DISTRITO" : "NORTE",
				"BARRIO" : "GREDOS",
				"CODBARRIO" : 22,
				"CODIGO_VIA" : 3903,
				"TIPO_VIA" : "AVDA",
				"NOMBRE_VIA" : "LOS NARROS",
				"NUMPOL" : "34",
				"GESTION" : "PUBLICA",
				"URL_FICHA" : "https://sig.caceres.es/serweb/fichasig/fichamovilidadreducida.php?mslink=412",
				"URL_FOTO" : "https://sig.caceres.es/fotosOriginales/MOVILIDAD/3903_5_1.JPG",
				"URL_VIA" : "https://sig.caceres.es/serweb/fichasig/fichacalle.php?codigo=3903",
				"WGS84_X" : -6.367965,
				"WGS84_Y" : 39.496514,
				"COORD_X" : 726326,
				"COORD_Y" : 4375185
			}
		},
		{
			"type" : "Feature",
			"geometry" : {
				"type" : "Point",
				"coordinates" : [ -6.3681124505, 39.4963198764 ]
			},
			"properties" : {
				"NUCLEO" : "CACERES",
				"DISTRITO" : "NORTE",
				"BARRIO" : "GREDOS",
				"CODBARRIO" : 22,
				"CODIGO_VIA" : 3902,
				"TIPO_VIA" : "CALLE",
				"NOMBRE_VIA" : "DEL ARENAL",
				"NUMPOL" : "33",
				"GESTION" : "PUBLICA",
				"URL_FICHA" : "https://sig.caceres.es/serweb/fichasig/fichamovilidadreducida.php?mslink=413",
				"URL_FOTO" : "https://sig.caceres.es/fotosOriginales/MOVILIDAD/3902_5_1.JPG",
				"URL_VIA" : "https://sig.caceres.es/serweb/fichasig/fichacalle.php?codigo=3902",
				"WGS84_X" : -6.368112,
				"WGS84_Y" : 39.49632,
				"COORD_X" : 726314,
				"COORD_Y" : 4375163
			}
		},
		{
			"type" : "Feature",
			"geometry" : {
				"type" : "Point",
				"coordinates" : [ -6.3683506115, 39.4966926874 ]
			},
			"properties" : {
				"NUCLEO" : "CACERES",
				"DISTRITO" : "NORTE",
				"BARRIO" : "GREDOS",
				"CODBARRIO" : 22,
				"CODIGO_VIA" : 3903,
				"TIPO_VIA" : "AVDA",
				"NOMBRE_VIA" : "LOS NARROS",
				"NUMPOL" : "40",
				"GESTION" : "PUBLICA",
				"URL_FICHA" : "https://sig.caceres.es/serweb/fichasig/fichamovilidadreducida.php?mslink=414",
				"URL_FOTO" : "https://sig.caceres.es/fotosOriginales/MOVILIDAD/3903_4_1.JPG",
				"URL_VIA" : "https://sig.caceres.es/serweb/fichasig/fichacalle.php?codigo=3903",
				"WGS84_X" : -6.368351,
				"WGS84_Y" : 39.496693,
				"COORD_X" : 726293,
				"COORD_Y" : 4375204
			}
		},
		{
			"type" : "Feature",
			"geometry" : {
				"type" : "Point",
				"coordinates" : [ -6.3684989425, 39.4964974724 ]
			},
			"properties" : {
				"NUCLEO" : "CACERES",
				"DISTRITO" : "NORTE",
				"BARRIO" : "GREDOS",
				"CODBARRIO" : 22,
				"CODIGO_VIA" : 3902,
				"TIPO_VIA" : "CALLE",
				"NOMBRE_VIA" : "DEL ARENAL",
				"NUMPOL" : "41",
				"GESTION" : "PUBLICA",
				"URL_FICHA" : "https://sig.caceres.es/serweb/fichasig/fichamovilidadreducida.php?mslink=415",
				"URL_FOTO" : "https://sig.caceres.es/fotosOriginales/MOVILIDAD/3902_4_1.JPG",
				"URL_VIA" : "https://sig.caceres.es/serweb/fichasig/fichacalle.php?codigo=3902",
				"WGS84_X" : -6.368499,
				"WGS84_Y" : 39.496497,
				"COORD_X" : 726281,
				"COORD_Y" : 4375182
			}
		},
		{
			"type" : "Feature",
			"geometry" : {
				"type" : "Point",
				"coordinates" : [ -6.3686714414, 39.4968431595 ]
			},
			"properties" : {
				"NUCLEO" : "CACERES",
				"DISTRITO" : "NORTE",
				"BARRIO" : "GREDOS",
				"CODBARRIO" : 22,
				"CODIGO_VIA" : 3903,
				"TIPO_VIA" : "AVDA",
				"NOMBRE_VIA" : "LOS NARROS",
				"NUMPOL" : "52",
				"GESTION" : "PUBLICA",
				"URL_FICHA" : "https://sig.caceres.es/serweb/fichasig/fichamovilidadreducida.php?mslink=416",
				"URL_FOTO" : "https://sig.caceres.es/fotosOriginales/MOVILIDAD/3903_3_1.JPG",
				"URL_VIA" : "https://sig.caceres.es/serweb/fichasig/fichacalle.php?codigo=3903",
				"WGS84_X" : -6.368671,
				"WGS84_Y" : 39.496843,
				"COORD_X" : 726265,
				"COORD_Y" : 4375220
			}
		},
		{
			"type" : "Feature",
			"geometry" : {
				"type" : "Point",
				"coordinates" : [ -6.3688238801, 39.4966473263 ]
			},
			"properties" : {
				"NUCLEO" : "CACERES",
				"DISTRITO" : "NORTE",
				"BARRIO" : "GREDOS",
				"CODBARRIO" : 22,
				"CODIGO_VIA" : 3902,
				"TIPO_VIA" : "CALLE",
				"NOMBRE_VIA" : "DEL ARENAL",
				"NUMPOL" : "53",
				"GESTION" : "PUBLICA",
				"URL_FICHA" : "https://sig.caceres.es/serweb/fichasig/fichamovilidadreducida.php?mslink=417",
				"URL_FOTO" : "https://sig.caceres.es/fotosOriginales/MOVILIDAD/3902_3_1.JPG",
				"URL_VIA" : "https://sig.caceres.es/serweb/fichasig/fichacalle.php?codigo=3902",
				"WGS84_X" : -6.368824,
				"WGS84_Y" : 39.496647,
				"COORD_X" : 726252,
				"COORD_Y" : 4375198
			}
		},
		{
			"type" : "Feature",
			"geometry" : {
				"type" : "Point",
				"coordinates" : [ -6.3690506507, 39.497017052 ]
			},
			"properties" : {
				"NUCLEO" : "CACERES",
				"DISTRITO" : "NORTE",
				"BARRIO" : "GREDOS",
				"CODBARRIO" : 22,
				"CODIGO_VIA" : 3903,
				"TIPO_VIA" : "AVDA",
				"NOMBRE_VIA" : "LOS NARROS",
				"NUMPOL" : "60",
				"GESTION" : "PUBLICA",
				"URL_FICHA" : "https://sig.caceres.es/serweb/fichasig/fichamovilidadreducida.php?mslink=418",
				"URL_FOTO" : "https://sig.caceres.es/fotosOriginales/MOVILIDAD/3903_2_1.JPG",
				"URL_VIA" : "https://sig.caceres.es/serweb/fichasig/fichacalle.php?codigo=3903",
				"WGS84_X" : -6.369051,
				"WGS84_Y" : 39.497017,
				"COORD_X" : 726231,
				"COORD_Y" : 4375238
			}
		},
		{
			"type" : "Feature",
			"geometry" : {
				"type" : "Point",
				"coordinates" : [ -6.3692021236, 39.4968267683 ]
			},
			"properties" : {
				"NUCLEO" : "CACERES",
				"DISTRITO" : "NORTE",
				"BARRIO" : "GREDOS",
				"CODBARRIO" : 22,
				"CODIGO_VIA" : 3902,
				"TIPO_VIA" : "CALLE",
				"NOMBRE_VIA" : "DEL ARENAL",
				"NUMPOL" : "61",
				"GESTION" : "PUBLICA",
				"URL_FICHA" : "https://sig.caceres.es/serweb/fichasig/fichamovilidadreducida.php?mslink=419",
				"URL_FOTO" : "https://sig.caceres.es/fotosOriginales/MOVILIDAD/3902_2_1.JPG",
				"URL_VIA" : "https://sig.caceres.es/serweb/fichasig/fichacalle.php?codigo=3902",
				"WGS84_X" : -6.369202,
				"WGS84_Y" : 39.496827,
				"COORD_X" : 726219,
				"COORD_Y" : 4375217
			}
		},
		{
			"type" : "Feature",
			"geometry" : {
				"type" : "Point",
				"coordinates" : [ -6.3692354529, 39.4971052701 ]
			},
			"properties" : {
				"NUCLEO" : "CACERES",
				"DISTRITO" : "NORTE",
				"BARRIO" : "GREDOS",
				"CODBARRIO" : 22,
				"CODIGO_VIA" : 3903,
				"TIPO_VIA" : "AVDA",
				"NOMBRE_VIA" : "LOS NARROS",
				"NUMPOL" : "66",
				"GESTION" : "PUBLICA",
				"URL_FICHA" : "https://sig.caceres.es/serweb/fichasig/fichamovilidadreducida.php?mslink=420",
				"URL_FOTO" : "https://sig.caceres.es/fotosOriginales/MOVILIDAD/3903_1_1.JPG",
				"URL_VIA" : "https://sig.caceres.es/serweb/fichasig/fichacalle.php?codigo=3903",
				"WGS84_X" : -6.369235,
				"WGS84_Y" : 39.497105,
				"COORD_X" : 726215,
				"COORD_Y" : 4375248
			}
		},
		{
			"type" : "Feature",
			"geometry" : {
				"type" : "Point",
				"coordinates" : [ -6.3693859995, 39.4969110491 ]
			},
			"properties" : {
				"NUCLEO" : "CACERES",
				"DISTRITO" : "NORTE",
				"BARRIO" : "GREDOS",
				"CODBARRIO" : 22,
				"CODIGO_VIA" : 3902,
				"TIPO_VIA" : "CALLE",
				"NOMBRE_VIA" : "DEL ARENAL",
				"NUMPOL" : "67",
				"GESTION" : "PUBLICA",
				"URL_FICHA" : "https://sig.caceres.es/serweb/fichasig/fichamovilidadreducida.php?mslink=421",
				"URL_FOTO" : "https://sig.caceres.es/fotosOriginales/MOVILIDAD/3902_1_1.JPG",
				"URL_VIA" : "https://sig.caceres.es/serweb/fichasig/fichacalle.php?codigo=3902",
				"WGS84_X" : -6.369386,
				"WGS84_Y" : 39.496911,
				"COORD_X" : 726203,
				"COORD_Y" : 4375226
			}
		},
		{
			"type" : "Feature",
			"geometry" : {
				"type" : "Point",
				"coordinates" : [ -6.3688762225, 39.4950447499 ]
			},
			"properties" : {
				"NUCLEO" : "CACERES",
				"DISTRITO" : "NORTE",
				"BARRIO" : "GREDOS",
				"CODBARRIO" : 22,
				"CODIGO_VIA" : 3900,
				"TIPO_VIA" : "CALLE",
				"NOMBRE_VIA" : "CASTELLAR",
				"NUMPOL" : "26",
				"F_CREACION" : "04/05/21",
				"F_REPINTAD" : "04/05/21",
				"GESTION" : "PUBLICA",
				"URL_FICHA" : "https://sig.caceres.es/serweb/fichasig/fichamovilidadreducida.php?mslink=551",
				"URL_FOTO" : "https://sig.caceres.es/fotosOriginales/MOVILIDAD/3900_1_1.JPG",
				"URL_VIA" : "https://sig.caceres.es/serweb/fichasig/fichacalle.php?codigo=3900",
				"WGS84_X" : -6.368876,
				"WGS84_Y" : 39.495045,
				"COORD_X" : 726253,
				"COORD_Y" : 4375020
			}
		},
		{
			"type" : "Feature",
			"geometry" : {
				"type" : "Point",
				"coordinates" : [ -6.3682209142, 39.4912863245 ]
			},
			"properties" : {
				"NUCLEO" : "CACERES",
				"DISTRITO" : "NORTE",
				"BARRIO" : "RONDA",
				"CODBARRIO" : 59,
				"CODIGO_VIA" : 4049,
				"TIPO_VIA" : "CALLE",
				"NOMBRE_VIA" : "EMILIO CARDENAL HERNANDEZ",
				"NUMPOL" : "2",
				"GESTION" : "PUBLICA",
				"URL_FICHA" : "https://sig.caceres.es/serweb/fichasig/fichamovilidadreducida.php?mslink=422",
				"URL_FOTO" : "https://sig.caceres.es/fotosOriginales/MOVILIDAD/4049_1_1.JPG",
				"URL_VIA" : "https://sig.caceres.es/serweb/fichasig/fichacalle.php?codigo=4049",
				"WGS84_X" : -6.368221,
				"WGS84_Y" : 39.491286,
				"COORD_X" : 726321,
				"COORD_Y" : 4374604
			}
		},
		{
			"type" : "Feature",
			"geometry" : {
				"type" : "Point",
				"coordinates" : [ -6.3682196548, 39.491319705 ]
			},
			"properties" : {
				"NUCLEO" : "CACERES",
				"DISTRITO" : "NORTE",
				"BARRIO" : "RONDA",
				"CODBARRIO" : 59,
				"CODIGO_VIA" : 4049,
				"TIPO_VIA" : "CALLE",
				"NOMBRE_VIA" : "EMILIO CARDENAL HERNANDEZ",
				"NUMPOL" : "2",
				"GESTION" : "PUBLICA",
				"URL_FICHA" : "https://sig.caceres.es/serweb/fichasig/fichamovilidadreducida.php?mslink=423",
				"URL_FOTO" : "https://sig.caceres.es/fotosOriginales/MOVILIDAD/4049_1_1.JPG",
				"URL_VIA" : "https://sig.caceres.es/serweb/fichasig/fichacalle.php?codigo=4049",
				"WGS84_X" : -6.36822,
				"WGS84_Y" : 39.49132,
				"COORD_X" : 726321,
				"COORD_Y" : 4374608
			}
		},
		{
			"type" : "Feature",
			"geometry" : {
				"type" : "Point",
				"coordinates" : [ -6.3682183954, 39.4913530863 ]
			},
			"properties" : {
				"NUCLEO" : "CACERES",
				"DISTRITO" : "NORTE",
				"BARRIO" : "RONDA",
				"CODBARRIO" : 59,
				"CODIGO_VIA" : 4049,
				"TIPO_VIA" : "CALLE",
				"NOMBRE_VIA" : "EMILIO CARDENAL HERNANDEZ",
				"NUMPOL" : "2",
				"GESTION" : "PUBLICA",
				"URL_FICHA" : "https://sig.caceres.es/serweb/fichasig/fichamovilidadreducida.php?mslink=424",
				"URL_FOTO" : "https://sig.caceres.es/fotosOriginales/MOVILIDAD/4049_1_1.JPG",
				"URL_VIA" : "https://sig.caceres.es/serweb/fichasig/fichacalle.php?codigo=4049",
				"WGS84_X" : -6.368218,
				"WGS84_Y" : 39.491353,
				"COORD_X" : 726321,
				"COORD_Y" : 4374612
			}
		},
		{
			"type" : "Feature",
			"geometry" : {
				"type" : "Point",
				"coordinates" : [ -6.3680982558, 39.4926153525 ]
			},
			"properties" : {
				"NUCLEO" : "CACERES",
				"DISTRITO" : "NORTE",
				"BARRIO" : "RONDA",
				"CODBARRIO" : 59,
				"CODIGO_VIA" : 4049,
				"TIPO_VIA" : "CALLE",
				"NOMBRE_VIA" : "EMILIO CARDENAL HERNANDEZ",
				"NUMPOL" : "10",
				"GESTION" : "PUBLICA",
				"URL_FICHA" : "https://sig.caceres.es/serweb/fichasig/fichamovilidadreducida.php?mslink=425",
				"URL_FOTO" : "https://sig.caceres.es/fotosOriginales/MOVILIDAD/4049_2_1.JPG",
				"URL_VIA" : "https://sig.caceres.es/serweb/fichasig/fichacalle.php?codigo=4049",
				"WGS84_X" : -6.368098,
				"WGS84_Y" : 39.492615,
				"COORD_X" : 726328,
				"COORD_Y" : 4374752
			}
		},
		{
			"type" : "Feature",
			"geometry" : {
				"type" : "Point",
				"coordinates" : [ -6.3680867125, 39.4926462884 ]
			},
			"properties" : {
				"NUCLEO" : "CACERES",
				"DISTRITO" : "NORTE",
				"BARRIO" : "RONDA",
				"CODBARRIO" : 59,
				"CODIGO_VIA" : 4049,
				"TIPO_VIA" : "CALLE",
				"NOMBRE_VIA" : "EMILIO CARDENAL HERNANDEZ",
				"NUMPOL" : "10",
				"GESTION" : "PUBLICA",
				"URL_FICHA" : "https://sig.caceres.es/serweb/fichasig/fichamovilidadreducida.php?mslink=426",
				"URL_FOTO" : "https://sig.caceres.es/fotosOriginales/MOVILIDAD/4049_2_1.JPG",
				"URL_VIA" : "https://sig.caceres.es/serweb/fichasig/fichacalle.php?codigo=4049",
				"WGS84_X" : -6.368087,
				"WGS84_Y" : 39.492646,
				"COORD_X" : 726329,
				"COORD_Y" : 4374756
			}
		},
		{
			"type" : "Feature",
			"geometry" : {
				"type" : "Point",
				"coordinates" : [ -6.3680743001, 39.4926770217 ]
			},
			"properties" : {
				"NUCLEO" : "CACERES",
				"DISTRITO" : "NORTE",
				"BARRIO" : "RONDA",
				"CODBARRIO" : 59,
				"CODIGO_VIA" : 4049,
				"TIPO_VIA" : "CALLE",
				"NOMBRE_VIA" : "EMILIO CARDENAL HERNANDEZ",
				"NUMPOL" : "10",
				"GESTION" : "PUBLICA",
				"URL_FICHA" : "https://sig.caceres.es/serweb/fichasig/fichamovilidadreducida.php?mslink=427",
				"URL_FOTO" : "https://sig.caceres.es/fotosOriginales/MOVILIDAD/4049_2_1.JPG",
				"URL_VIA" : "https://sig.caceres.es/serweb/fichasig/fichacalle.php?codigo=4049",
				"WGS84_X" : -6.368074,
				"WGS84_Y" : 39.492677,
				"COORD_X" : 726329,
				"COORD_Y" : 4374759
			}
		},
		{
			"type" : "Feature",
			"geometry" : {
				"type" : "Point",
				"coordinates" : [ -6.3680610135, 39.4927075352 ]
			},
			"properties" : {
				"NUCLEO" : "CACERES",
				"DISTRITO" : "NORTE",
				"BARRIO" : "RONDA",
				"CODBARRIO" : 59,
				"CODIGO_VIA" : 4049,
				"TIPO_VIA" : "CALLE",
				"NOMBRE_VIA" : "EMILIO CARDENAL HERNANDEZ",
				"NUMPOL" : "10",
				"GESTION" : "PUBLICA",
				"URL_FICHA" : "https://sig.caceres.es/serweb/fichasig/fichamovilidadreducida.php?mslink=428",
				"URL_FOTO" : "https://sig.caceres.es/fotosOriginales/MOVILIDAD/4049_2_1.JPG",
				"URL_VIA" : "https://sig.caceres.es/serweb/fichasig/fichacalle.php?codigo=4049",
				"WGS84_X" : -6.368061,
				"WGS84_Y" : 39.492708,
				"COORD_X" : 726331,
				"COORD_Y" : 4374763
			}
		},
		{
			"type" : "Feature",
			"geometry" : {
				"type" : "Point",
				"coordinates" : [ -6.3682221736, 39.491252944 ]
			},
			"properties" : {
				"NUCLEO" : "CACERES",
				"DISTRITO" : "NORTE",
				"BARRIO" : "RONDA",
				"CODBARRIO" : 59,
				"CODIGO_VIA" : 4049,
				"TIPO_VIA" : "CALLE",
				"NOMBRE_VIA" : "EMILO CARDENAL HERNANDEZ",
				"NUMPOL" : "2",
				"GESTION" : "PUBLICA",
				"URL_FICHA" : "https://sig.caceres.es/serweb/fichasig/fichamovilidadreducida.php?mslink=429",
				"URL_FOTO" : "https://sig.caceres.es/fotosOriginales/MOVILIDAD/4049_1_1.JPG",
				"URL_VIA" : "https://sig.caceres.es/serweb/fichasig/fichacalle.php?codigo=4049",
				"WGS84_X" : -6.368222,
				"WGS84_Y" : 39.491253,
				"COORD_X" : 726321,
				"COORD_Y" : 4374601
			}
		},
		{
			"type" : "Feature",
			"geometry" : {
				"type" : "Point",
				"coordinates" : [ -6.3668613157, 39.4908161247 ]
			},
			"properties" : {
				"NUCLEO" : "CACERES",
				"DISTRITO" : "NORTE",
				"BARRIO" : "RONDA",
				"CODBARRIO" : 59,
				"CODIGO_VIA" : 4049,
				"TIPO_VIA" : "CALLE",
				"NOMBRE_VIA" : "EMILIO CARDENAL HERNANDEZ",
				"GESTION" : "PRIVADA",
				"URL_FICHA" : "https://sig.caceres.es/serweb/fichasig/fichamovilidadreducida.php?mslink=430",
				"URL_FOTO" : "https://sig.caceres.es/fotosOriginales/MOVILIDAD/4049_5_1.JPG",
				"URL_VIA" : "https://sig.caceres.es/serweb/fichasig/fichacalle.php?codigo=4049",
				"WGS84_X" : -6.366861,
				"WGS84_Y" : 39.490816,
				"COORD_X" : 726440,
				"COORD_Y" : 4374556
			}
		},
		{
			"type" : "Feature",
			"geometry" : {
				"type" : "Point",
				"coordinates" : [ -6.3663924615, 39.4906931663 ]
			},
			"properties" : {
				"NUCLEO" : "CACERES",
				"DISTRITO" : "NORTE",
				"BARRIO" : "RONDA",
				"CODBARRIO" : 59,
				"CODIGO_VIA" : 4049,
				"TIPO_VIA" : "CALLE",
				"NOMBRE_VIA" : "EMILIO CARDENAL HERNANDEZ",
				"GESTION" : "PRIVADA",
				"URL_FICHA" : "https://sig.caceres.es/serweb/fichasig/fichamovilidadreducida.php?mslink=431",
				"URL_FOTO" : "https://sig.caceres.es/fotosOriginales/MOVILIDAD/4049_4_1.JPG",
				"URL_VIA" : "https://sig.caceres.es/serweb/fichasig/fichacalle.php?codigo=4049",
				"WGS84_X" : -6.366392,
				"WGS84_Y" : 39.490693,
				"COORD_X" : 726481,
				"COORD_Y" : 4374543
			}
		},
		{
			"type" : "Feature",
			"geometry" : {
				"type" : "Point",
				"coordinates" : [ -6.3675522393, 39.4907496457 ]
			},
			"properties" : {
				"NUCLEO" : "CACERES",
				"DISTRITO" : "NORTE",
				"BARRIO" : "RONDA",
				"CODBARRIO" : 59,
				"CODIGO_VIA" : 4049,
				"TIPO_VIA" : "CALLE",
				"NOMBRE_VIA" : "EMILIO CARDENAL HERNANDEZ",
				"GESTION" : "PRIVADA",
				"URL_FICHA" : "https://sig.caceres.es/serweb/fichasig/fichamovilidadreducida.php?mslink=432",
				"URL_FOTO" : "https://sig.caceres.es/fotosOriginales/MOVILIDAD/4049_7_1.JPG",
				"URL_VIA" : "https://sig.caceres.es/serweb/fichasig/fichacalle.php?codigo=4049",
				"WGS84_X" : -6.367552,
				"WGS84_Y" : 39.49075,
				"COORD_X" : 726381,
				"COORD_Y" : 4374546
			}
		},
		{
			"type" : "Feature",
			"geometry" : {
				"type" : "Point",
				"coordinates" : [ -6.3671945832, 39.4902453983 ]
			},
			"properties" : {
				"NUCLEO" : "CACERES",
				"DISTRITO" : "NORTE",
				"BARRIO" : "RONDA",
				"CODBARRIO" : 59,
				"CODIGO_VIA" : 4049,
				"TIPO_VIA" : "CALLE",
				"NOMBRE_VIA" : "EMILIO CARDENAL HERNANDEZ",
				"GESTION" : "PRIVADA",
				"URL_FICHA" : "https://sig.caceres.es/serweb/fichasig/fichamovilidadreducida.php?mslink=433",
				"URL_FOTO" : "https://sig.caceres.es/fotosOriginales/MOVILIDAD/4049_3_1.JPG",
				"URL_VIA" : "https://sig.caceres.es/serweb/fichasig/fichacalle.php?codigo=4049",
				"WGS84_X" : -6.367195,
				"WGS84_Y" : 39.490245,
				"COORD_X" : 726413,
				"COORD_Y" : 4374491
			}
		},
		{
			"type" : "Feature",
			"geometry" : {
				"type" : "Point",
				"coordinates" : [ -6.3671998852, 39.4901999224 ]
			},
			"properties" : {
				"NUCLEO" : "CACERES",
				"DISTRITO" : "NORTE",
				"BARRIO" : "RONDA",
				"CODBARRIO" : 59,
				"CODIGO_VIA" : 4049,
				"TIPO_VIA" : "CALLE",
				"NOMBRE_VIA" : "EMILIO CARDENAL HERNANDEZ",
				"GESTION" : "PRIVADA",
				"URL_FICHA" : "https://sig.caceres.es/serweb/fichasig/fichamovilidadreducida.php?mslink=434",
				"URL_FOTO" : "https://sig.caceres.es/fotosOriginales/MOVILIDAD/4049_3_1.JPG",
				"URL_VIA" : "https://sig.caceres.es/serweb/fichasig/fichacalle.php?codigo=4049",
				"WGS84_X" : -6.3672,
				"WGS84_Y" : 39.4902,
				"COORD_X" : 726413,
				"COORD_Y" : 4374486
			}
		},
		{
			"type" : "Feature",
			"geometry" : {
				"type" : "Point",
				"coordinates" : [ -6.366905446, 39.4908175037 ]
			},
			"properties" : {
				"NUCLEO" : "CACERES",
				"DISTRITO" : "NORTE",
				"BARRIO" : "RONDA",
				"CODBARRIO" : 59,
				"CODIGO_VIA" : 4049,
				"TIPO_VIA" : "CALLE",
				"NOMBRE_VIA" : "EMILIO CARDENAL HERNANDEZ",
				"GESTION" : "PRIVADA",
				"URL_FICHA" : "https://sig.caceres.es/serweb/fichasig/fichamovilidadreducida.php?mslink=435",
				"URL_FOTO" : "https://sig.caceres.es/fotosOriginales/MOVILIDAD/4049_5_1.JPG",
				"URL_VIA" : "https://sig.caceres.es/serweb/fichasig/fichacalle.php?codigo=4049",
				"WGS84_X" : -6.366905,
				"WGS84_Y" : 39.490818,
				"COORD_X" : 726436,
				"COORD_Y" : 4374556
			}
		},
		{
			"type" : "Feature",
			"geometry" : {
				"type" : "Point",
				"coordinates" : [ -6.3666829286, 39.4906903633 ]
			},
			"properties" : {
				"NUCLEO" : "CACERES",
				"DISTRITO" : "NORTE",
				"BARRIO" : "RONDA",
				"CODBARRIO" : 59,
				"CODIGO_VIA" : 4049,
				"TIPO_VIA" : "CALLE",
				"NOMBRE_VIA" : "EMILIO CARDENAL HERNANDEZ",
				"GESTION" : "PRIVADA",
				"URL_FICHA" : "https://sig.caceres.es/serweb/fichasig/fichamovilidadreducida.php?mslink=436",
				"URL_FOTO" : "https://sig.caceres.es/fotosOriginales/MOVILIDAD/4049_6_1.JPG",
				"URL_VIA" : "https://sig.caceres.es/serweb/fichasig/fichacalle.php?codigo=4049",
				"WGS84_X" : -6.366683,
				"WGS84_Y" : 39.49069,
				"COORD_X" : 726456,
				"COORD_Y" : 4374542
			}
		},
		{
			"type" : "Feature",
			"geometry" : {
				"type" : "Point",
				"coordinates" : [ -6.3713021457, 39.4922719139 ]
			},
			"properties" : {
				"NUCLEO" : "CACERES",
				"DISTRITO" : "NORTE",
				"BARRIO" : "MONTESOL I",
				"CODBARRIO" : 59,
				"CODIGO_VIA" : 4043,
				"TIPO_VIA" : "CALLE",
				"NOMBRE_VIA" : "ANTONIO MACHADO",
				"NUMPOL" : "1",
				"F_CREACION" : "03/04/2017",
				"F_REPINTAD" : "03/04/2017",
				"GESTION" : "PUBLICA",
				"URL_FICHA" : "https://sig.caceres.es/serweb/fichasig/fichamovilidadreducida.php?mslink=524",
				"URL_FOTO" : "https://sig.caceres.es/fotosOriginales/MOVILIDAD/4043_1_1.JPG",
				"URL_VIA" : "https://sig.caceres.es/serweb/fichasig/fichacalle.php?codigo=4043",
				"WGS84_X" : -6.371302,
				"WGS84_Y" : 39.492272,
				"COORD_X" : 726053,
				"COORD_Y" : 4374706
			}
		},
		{
			"type" : "Feature",
			"geometry" : {
				"type" : "Point",
				"coordinates" : [ -6.3650511533, 39.4867884629 ]
			},
			"properties" : {
				"NUCLEO" : "CACERES",
				"DISTRITO" : "NORTE",
				"BARRIO" : "MEJOSTILLA",
				"CODBARRIO" : 45,
				"CODIGO_VIA" : 3733,
				"TIPO_VIA" : "CALLE",
				"NOMBRE_VIA" : "PEDRO ROMERO MENDOZA",
				"GESTION" : "PUBLICA",
				"URL_FICHA" : "https://sig.caceres.es/serweb/fichasig/fichamovilidadreducida.php?mslink=490",
				"URL_FOTO" : "https://sig.caceres.es/fotosOriginales/MOVILIDAD/3733_2_1.JPG",
				"URL_VIA" : "https://sig.caceres.es/serweb/fichasig/fichacalle.php?codigo=3733",
				"WGS84_X" : -6.365051,
				"WGS84_Y" : 39.486788,
				"COORD_X" : 726609,
				"COORD_Y" : 4374113
			}
		},
		{
			"type" : "Feature",
			"geometry" : {
				"type" : "Point",
				"coordinates" : [ -6.3650008242, 39.4868359761 ]
			},
			"properties" : {
				"NUCLEO" : "CACERES",
				"DISTRITO" : "NORTE",
				"BARRIO" : "MEJOSTILLA",
				"CODBARRIO" : 45,
				"CODIGO_VIA" : 3733,
				"TIPO_VIA" : "CALLE",
				"NOMBRE_VIA" : "PEDRO ROMERO MENDOZA",
				"GESTION" : "PUBLICA",
				"URL_FICHA" : "https://sig.caceres.es/serweb/fichasig/fichamovilidadreducida.php?mslink=491",
				"URL_FOTO" : "https://sig.caceres.es/fotosOriginales/MOVILIDAD/3733_2_1.JPG",
				"URL_VIA" : "https://sig.caceres.es/serweb/fichasig/fichacalle.php?codigo=3733",
				"WGS84_X" : -6.365001,
				"WGS84_Y" : 39.486836,
				"COORD_X" : 726613,
				"COORD_Y" : 4374118
			}
		},
		{
			"type" : "Feature",
			"geometry" : {
				"type" : "Point",
				"coordinates" : [ -6.3662969878, 39.4857946832 ]
			},
			"properties" : {
				"NUCLEO" : "CACERES",
				"DISTRITO" : "NORTE",
				"BARRIO" : "MEJOSTILLA",
				"CODBARRIO" : 45,
				"CODIGO_VIA" : 3733,
				"TIPO_VIA" : "CALLE",
				"NOMBRE_VIA" : "PEDRO ROMERO MENDOZA",
				"NUMPOL" : "11",
				"GESTION" : "PUBLICA",
				"URL_FICHA" : "https://sig.caceres.es/serweb/fichasig/fichamovilidadreducida.php?mslink=492",
				"URL_FOTO" : "https://sig.caceres.es/fotosOriginales/MOVILIDAD/3733_1_1.JPG",
				"URL_VIA" : "https://sig.caceres.es/serweb/fichasig/fichacalle.php?codigo=3733",
				"WGS84_X" : -6.366297,
				"WGS84_Y" : 39.485795,
				"COORD_X" : 726505,
				"COORD_Y" : 4374000
			}
		},
		{
			"type" : "Feature",
			"geometry" : {
				"type" : "Point",
				"coordinates" : [ -6.3663728555, 39.4857279563 ]
			},
			"properties" : {
				"NUCLEO" : "CACERES",
				"DISTRITO" : "NORTE",
				"BARRIO" : "MEJOSTILLA",
				"CODBARRIO" : 45,
				"CODIGO_VIA" : 3733,
				"TIPO_VIA" : "CALLE",
				"NOMBRE_VIA" : "PEDRO ROMERO MENDOZA",
				"NUMPOL" : "11",
				"GESTION" : "PUBLICA",
				"URL_FICHA" : "https://sig.caceres.es/serweb/fichasig/fichamovilidadreducida.php?mslink=493",
				"URL_FOTO" : "https://sig.caceres.es/fotosOriginales/MOVILIDAD/3733_4_1.JPG",
				"URL_VIA" : "https://sig.caceres.es/serweb/fichasig/fichacalle.php?codigo=3733",
				"WGS84_X" : -6.366373,
				"WGS84_Y" : 39.485728,
				"COORD_X" : 726498,
				"COORD_Y" : 4373992
			}
		},
		{
			"type" : "Feature",
			"geometry" : {
				"type" : "Point",
				"coordinates" : [ -6.3627987417, 39.4865839192 ]
			},
			"properties" : {
				"NUCLEO" : "CACERES",
				"DISTRITO" : "NORTE",
				"BARRIO" : "MEJOSTILLA",
				"CODBARRIO" : 45,
				"CODIGO_VIA" : 3736,
				"TIPO_VIA" : "CALLE",
				"NOMBRE_VIA" : "JULIAN PERATE BARROETA",
				"NUMPOL" : "7",
				"GESTION" : "PUBLICA",
				"URL_FICHA" : "https://sig.caceres.es/serweb/fichasig/fichamovilidadreducida.php?mslink=495",
				"URL_FOTO" : "https://sig.caceres.es/fotosOriginales/MOVILIDAD/3736_1_1.JPG",
				"URL_VIA" : "https://sig.caceres.es/serweb/fichasig/fichacalle.php?codigo=3736",
				"WGS84_X" : -6.362799,
				"WGS84_Y" : 39.486584,
				"COORD_X" : 726803,
				"COORD_Y" : 4374096
			}
		},
		{
			"type" : "Feature",
			"geometry" : {
				"type" : "Point",
				"coordinates" : [ -6.3686328892, 39.4859812401 ]
			},
			"properties" : {
				"NUCLEO" : "CACERES",
				"DISTRITO" : "NORTE",
				"BARRIO" : "MEJOSTILLA",
				"CODBARRIO" : 45,
				"CODIGO_VIA" : 3932,
				"TIPO_VIA" : "AVDA",
				"NOMBRE_VIA" : "POZO DE LA NIEVE",
				"NUMPOL" : "2",
				"GESTION" : "PUBLICA",
				"URL_FICHA" : "https://sig.caceres.es/serweb/fichasig/fichamovilidadreducida.php?mslink=496",
				"URL_FOTO" : "https://sig.caceres.es/fotosOriginales/MOVILIDAD/3932_1_1.JPG",
				"URL_VIA" : "https://sig.caceres.es/serweb/fichasig/fichacalle.php?codigo=3932",
				"WGS84_X" : -6.368633,
				"WGS84_Y" : 39.485981,
				"COORD_X" : 726303,
				"COORD_Y" : 4374014
			}
		},
		{
			"type" : "Feature",
			"geometry" : {
				"type" : "Point",
				"coordinates" : [ -6.3686311559, 39.485945418 ]
			},
			"properties" : {
				"NUCLEO" : "CACERES",
				"DISTRITO" : "NORTE",
				"BARRIO" : "MEJOSTILLA",
				"CODBARRIO" : 45,
				"CODIGO_VIA" : 3932,
				"TIPO_VIA" : "AVDA",
				"NOMBRE_VIA" : "POZO DE LA NIEVE",
				"NUMPOL" : "2",
				"GESTION" : "PUBLICA",
				"URL_FICHA" : "https://sig.caceres.es/serweb/fichasig/fichamovilidadreducida.php?mslink=497",
				"URL_FOTO" : "https://sig.caceres.es/fotosOriginales/MOVILIDAD/3932_1_1.JPG",
				"URL_VIA" : "https://sig.caceres.es/serweb/fichasig/fichacalle.php?codigo=3932",
				"WGS84_X" : -6.368631,
				"WGS84_Y" : 39.485945,
				"COORD_X" : 726303,
				"COORD_Y" : 4374010
			}
		},
		{
			"type" : "Feature",
			"geometry" : {
				"type" : "Point",
				"coordinates" : [ -6.36525708, 39.490753845 ]
			},
			"properties" : {
				"NUCLEO" : "CACERES",
				"DISTRITO" : "NORTE",
				"BARRIO" : "MEJOSTILLA",
				"CODBARRIO" : 45,
				"CODIGO_VIA" : 3662,
				"TIPO_VIA" : "CALLE",
				"NOMBRE_VIA" : "CAYETANO POLO \"POLITO\"",
				"NUMPOL" : "68",
				"GESTION" : "PUBLICA",
				"URL_FICHA" : "https://sig.caceres.es/serweb/fichasig/fichamovilidadreducida.php?mslink=498",
				"URL_FOTO" : "https://sig.caceres.es/fotosOriginales/MOVILIDAD/3662_1_1.JPG",
				"URL_VIA" : "https://sig.caceres.es/serweb/fichasig/fichacalle.php?codigo=3662",
				"WGS84_X" : -6.365257,
				"WGS84_Y" : 39.490754,
				"COORD_X" : 726578,
				"COORD_Y" : 4374553
			}
		},
		{
			"type" : "Feature",
			"geometry" : {
				"type" : "Point",
				"coordinates" : [ -6.3653036603, 39.4909263352 ]
			},
			"properties" : {
				"NUCLEO" : "CACERES",
				"DISTRITO" : "NORTE",
				"BARRIO" : "MEJOSTILLA",
				"CODBARRIO" : 45,
				"CODIGO_VIA" : 3662,
				"TIPO_VIA" : "CALLE",
				"NOMBRE_VIA" : "CAYETANO POLO \"POLITO\"",
				"NUMPOL" : "1",
				"GESTION" : "PUBLICA",
				"URL_FICHA" : "https://sig.caceres.es/serweb/fichasig/fichamovilidadreducida.php?mslink=499",
				"URL_FOTO" : "https://sig.caceres.es/fotosOriginales/MOVILIDAD/3662_2_1.JPG",
				"URL_VIA" : "https://sig.caceres.es/serweb/fichasig/fichacalle.php?codigo=3662",
				"WGS84_X" : -6.365304,
				"WGS84_Y" : 39.490926,
				"COORD_X" : 726573,
				"COORD_Y" : 4374572
			}
		},
		{
			"type" : "Feature",
			"geometry" : {
				"type" : "Point",
				"coordinates" : [ -6.3640844795, 39.4897884086 ]
			},
			"properties" : {
				"NUCLEO" : "CACERES",
				"DISTRITO" : "NORTE",
				"BARRIO" : "MEJOSTILLA",
				"CODBARRIO" : 45,
				"CODIGO_VIA" : 3664,
				"TIPO_VIA" : "CALLE",
				"NOMBRE_VIA" : "SANTIAGO CALDERA",
				"F_CREACION" : "30/10/2021",
				"GESTION" : "PUBLICA",
				"URL_FICHA" : "https://sig.caceres.es/serweb/fichasig/fichamovilidadreducida.php?mslink=602",
				"URL_VIA" : "https://sig.caceres.es/serweb/fichasig/fichacalle.php?codigo=3664",
				"WGS84_X" : -6.364084,
				"WGS84_Y" : 39.489788,
				"COORD_X" : 726682,
				"COORD_Y" : 4374448
			}
		},
		{
			"type" : "Feature",
			"geometry" : {
				"type" : "Point",
				"coordinates" : [ -6.3628267807, 39.4893362718 ]
			},
			"properties" : {
				"NUCLEO" : "CACERES",
				"DISTRITO" : "NORTE",
				"BARRIO" : "MEJOSTILLA",
				"CODBARRIO" : 45,
				"CODIGO_VIA" : 3664,
				"TIPO_VIA" : "CALLE",
				"NOMBRE_VIA" : "SANTIAGO CALDERA",
				"F_CREACION" : "30/10/2021",
				"GESTION" : "PUBLICA",
				"URL_FICHA" : "https://sig.caceres.es/serweb/fichasig/fichamovilidadreducida.php?mslink=603",
				"URL_VIA" : "https://sig.caceres.es/serweb/fichasig/fichacalle.php?codigo=3664",
				"WGS84_X" : -6.362827,
				"WGS84_Y" : 39.489336,
				"COORD_X" : 726792,
				"COORD_Y" : 4374401
			}
		},
		{
			"type" : "Feature",
			"geometry" : {
				"type" : "Point",
				"coordinates" : [ -6.3628988695, 39.4892641644 ]
			},
			"properties" : {
				"NUCLEO" : "CACERES",
				"DISTRITO" : "NORTE",
				"BARRIO" : "MEJOSTILLA",
				"CODBARRIO" : 45,
				"CODIGO_VIA" : 3664,
				"TIPO_VIA" : "CALLE",
				"NOMBRE_VIA" : "SANTIAGO CALDERA",
				"F_CREACION" : "30/10/2021",
				"GESTION" : "PUBLICA",
				"URL_FICHA" : "https://sig.caceres.es/serweb/fichasig/fichamovilidadreducida.php?mslink=604",
				"URL_VIA" : "https://sig.caceres.es/serweb/fichasig/fichacalle.php?codigo=3664",
				"WGS84_X" : -6.362899,
				"WGS84_Y" : 39.489264,
				"COORD_X" : 726786,
				"COORD_Y" : 4374393
			}
		},
		{
			"type" : "Feature",
			"geometry" : {
				"type" : "Point",
				"coordinates" : [ -6.3649646153, 39.4902199339 ]
			},
			"properties" : {
				"NUCLEO" : "CACERES",
				"DISTRITO" : "NORTE",
				"BARRIO" : "MEJOSTILLA",
				"CODBARRIO" : 45,
				"CODIGO_VIA" : 3664,
				"TIPO_VIA" : "CALLE",
				"NOMBRE_VIA" : "SANTIAGO CALDERA",
				"GESTION" : "PUBLICA",
				"URL_FICHA" : "https://sig.caceres.es/serweb/fichasig/fichamovilidadreducida.php?mslink=631",
				"URL_FOTO" : "https://sig.caceres.es/fotosOriginales/MOVILIDAD/3664_1_1.JPG",
				"URL_VIA" : "https://sig.caceres.es/serweb/fichasig/fichacalle.php?codigo=3664",
				"WGS84_X" : -6.364965,
				"WGS84_Y" : 39.49022,
				"COORD_X" : 726605,
				"COORD_Y" : 4374494
			}
		},
		{
			"type" : "Feature",
			"geometry" : {
				"type" : "Point",
				"coordinates" : [ -6.3544322581, 39.4895318446 ]
			},
			"properties" : {
				"NUCLEO" : "CACERES",
				"DISTRITO" : "NORTE",
				"BARRIO" : "NUEVA CIUDAD",
				"CODBARRIO" : 48,
				"CODIGO_VIA" : 4171,
				"TIPO_VIA" : "CALLE",
				"NOMBRE_VIA" : "HERACLITO",
				"GESTION" : "PUBLICA",
				"URL_FICHA" : "https://sig.caceres.es/serweb/fichasig/fichamovilidadreducida.php?mslink=456",
				"URL_FOTO" : "https://sig.caceres.es/fotosOriginales/MOVILIDAD/4171_6_1.JPG",
				"URL_VIA" : "https://sig.caceres.es/serweb/fichasig/fichacalle.php?codigo=4171",
				"WGS84_X" : -6.354432,
				"WGS84_Y" : 39.489532,
				"COORD_X" : 727513,
				"COORD_Y" : 4374444
			}
		},
		{
			"type" : "Feature",
			"geometry" : {
				"type" : "Point",
				"coordinates" : [ -6.3542963133, 39.4894424689 ]
			},
			"properties" : {
				"NUCLEO" : "CACERES",
				"DISTRITO" : "NORTE",
				"BARRIO" : "NUEVA CIUDAD",
				"CODBARRIO" : 48,
				"CODIGO_VIA" : 4171,
				"TIPO_VIA" : "CALLE",
				"NOMBRE_VIA" : "HERACLITO",
				"GESTION" : "PUBLICA",
				"URL_FICHA" : "https://sig.caceres.es/serweb/fichasig/fichamovilidadreducida.php?mslink=457",
				"URL_FOTO" : "https://sig.caceres.es/fotosOriginales/MOVILIDAD/4171_4_1.JPG",
				"URL_VIA" : "https://sig.caceres.es/serweb/fichasig/fichacalle.php?codigo=4171",
				"WGS84_X" : -6.354296,
				"WGS84_Y" : 39.489442,
				"COORD_X" : 727525,
				"COORD_Y" : 4374435
			}
		},
		{
			"type" : "Feature",
			"geometry" : {
				"type" : "Point",
				"coordinates" : [ -6.3543606727, 39.4896210363 ]
			},
			"properties" : {
				"NUCLEO" : "CACERES",
				"DISTRITO" : "NORTE",
				"BARRIO" : "NUEVA CIUDAD",
				"CODBARRIO" : 48,
				"CODIGO_VIA" : 4171,
				"TIPO_VIA" : "CALLE",
				"NOMBRE_VIA" : "HERACLITO",
				"GESTION" : "PUBLICA",
				"URL_FICHA" : "https://sig.caceres.es/serweb/fichasig/fichamovilidadreducida.php?mslink=458",
				"URL_FOTO" : "https://sig.caceres.es/fotosOriginales/MOVILIDAD/4171_5_1.JPG",
				"URL_VIA" : "https://sig.caceres.es/serweb/fichasig/fichacalle.php?codigo=4171",
				"WGS84_X" : -6.354361,
				"WGS84_Y" : 39.489621,
				"COORD_X" : 727519,
				"COORD_Y" : 4374454
			}
		},
		{
			"type" : "Feature",
			"geometry" : {
				"type" : "Point",
				"coordinates" : [ -6.3542256625, 39.4895290873 ]
			},
			"properties" : {
				"NUCLEO" : "CACERES",
				"DISTRITO" : "NORTE",
				"BARRIO" : "NUEVA CIUDAD",
				"CODBARRIO" : 48,
				"CODIGO_VIA" : 4171,
				"TIPO_VIA" : "CALLE",
				"NOMBRE_VIA" : "HERACLITO",
				"GESTION" : "PUBLICA",
				"URL_FICHA" : "https://sig.caceres.es/serweb/fichasig/fichamovilidadreducida.php?mslink=459",
				"URL_FOTO" : "https://sig.caceres.es/fotosOriginales/MOVILIDAD/4171_3_1.JPG",
				"URL_VIA" : "https://sig.caceres.es/serweb/fichasig/fichacalle.php?codigo=4171",
				"WGS84_X" : -6.354226,
				"WGS84_Y" : 39.489529,
				"COORD_X" : 727531,
				"COORD_Y" : 4374445
			}
		},
		{
			"type" : "Feature",
			"geometry" : {
				"type" : "Point",
				"coordinates" : [ -6.3537850963, 39.4890985468 ]
			},
			"properties" : {
				"NUCLEO" : "CACERES",
				"DISTRITO" : "NORTE",
				"BARRIO" : "NUEVA CIUDAD",
				"CODBARRIO" : 48,
				"CODIGO_VIA" : 4171,
				"TIPO_VIA" : "CALLE",
				"NOMBRE_VIA" : "HERACLITO",
				"GESTION" : "PUBLICA",
				"URL_FICHA" : "https://sig.caceres.es/serweb/fichasig/fichamovilidadreducida.php?mslink=460",
				"URL_FOTO" : "https://sig.caceres.es/fotosOriginales/MOVILIDAD/4171_2_1.JPG",
				"URL_VIA" : "https://sig.caceres.es/serweb/fichasig/fichacalle.php?codigo=4171",
				"WGS84_X" : -6.353785,
				"WGS84_Y" : 39.489099,
				"COORD_X" : 727570,
				"COORD_Y" : 4374398
			}
		},
		{
			"type" : "Feature",
			"geometry" : {
				"type" : "Point",
				"coordinates" : [ -6.3537091, 39.4891870833 ]
			},
			"properties" : {
				"NUCLEO" : "CACERES",
				"DISTRITO" : "NORTE",
				"BARRIO" : "NUEVA CIUDAD",
				"CODBARRIO" : 48,
				"CODIGO_VIA" : 4171,
				"TIPO_VIA" : "CALLE",
				"NOMBRE_VIA" : "HERACLITO",
				"GESTION" : "PUBLICA",
				"URL_FICHA" : "https://sig.caceres.es/serweb/fichasig/fichamovilidadreducida.php?mslink=461",
				"URL_FOTO" : "https://sig.caceres.es/fotosOriginales/MOVILIDAD/4171_1_1.JPG",
				"URL_VIA" : "https://sig.caceres.es/serweb/fichasig/fichacalle.php?codigo=4171",
				"WGS84_X" : -6.353709,
				"WGS84_Y" : 39.489187,
				"COORD_X" : 727576,
				"COORD_Y" : 4374408
			}
		},
		{
			"type" : "Feature",
			"geometry" : {
				"type" : "Point",
				"coordinates" : [ -6.360130274, 39.4850799937 ]
			},
			"properties" : {
				"NUCLEO" : "CACERES",
				"DISTRITO" : "NORTE",
				"BARRIO" : "VEGAS DEL MOCHO",
				"CODBARRIO" : 74,
				"CODIGO_VIA" : 3870,
				"TIPO_VIA" : "CALLE",
				"NOMBRE_VIA" : "FAUSTO PICAPIEDRA",
				"GESTION" : "PUBLICA",
				"URL_FICHA" : "https://sig.caceres.es/serweb/fichasig/fichamovilidadreducida.php?mslink=463",
				"URL_FOTO" : "https://sig.caceres.es/fotosOriginales/MOVILIDAD/3870_1_1.JPG",
				"URL_VIA" : "https://sig.caceres.es/serweb/fichasig/fichacalle.php?codigo=3870",
				"WGS84_X" : -6.36013,
				"WGS84_Y" : 39.48508,
				"COORD_X" : 727037,
				"COORD_Y" : 4373936
			}
		},
		{
			"type" : "Feature",
			"geometry" : {
				"type" : "Point",
				"coordinates" : [ -6.3601031538, 39.485111165 ]
			},
			"properties" : {
				"NUCLEO" : "CACERES",
				"DISTRITO" : "NORTE",
				"BARRIO" : "VEGAS DEL MOCHO",
				"CODBARRIO" : 74,
				"CODIGO_VIA" : 3870,
				"TIPO_VIA" : "CALLE",
				"NOMBRE_VIA" : "FAUSTO PICAPIEDRA",
				"GESTION" : "PUBLICA",
				"URL_FICHA" : "https://sig.caceres.es/serweb/fichasig/fichamovilidadreducida.php?mslink=464",
				"URL_FOTO" : "https://sig.caceres.es/fotosOriginales/MOVILIDAD/3870_1_1.JPG",
				"URL_VIA" : "https://sig.caceres.es/serweb/fichasig/fichacalle.php?codigo=3870",
				"WGS84_X" : -6.360103,
				"WGS84_Y" : 39.485111,
				"COORD_X" : 727040,
				"COORD_Y" : 4373939
			}
		},
		{
			"type" : "Feature",
			"geometry" : {
				"type" : "Point",
				"coordinates" : [ -6.35978186, 39.4853944884 ]
			},
			"properties" : {
				"NUCLEO" : "CACERES",
				"DISTRITO" : "NORTE",
				"BARRIO" : "VEGAS DEL MOCHO",
				"CODBARRIO" : 74,
				"CODIGO_VIA" : 3870,
				"TIPO_VIA" : "CALLE",
				"NOMBRE_VIA" : "FAUSTO PICAPIEDRA",
				"GESTION" : "PUBLICA",
				"URL_FICHA" : "https://sig.caceres.es/serweb/fichasig/fichamovilidadreducida.php?mslink=465",
				"URL_FOTO" : "https://sig.caceres.es/fotosOriginales/MOVILIDAD/3870_2_1.JPG",
				"URL_VIA" : "https://sig.caceres.es/serweb/fichasig/fichacalle.php?codigo=3870",
				"WGS84_X" : -6.359782,
				"WGS84_Y" : 39.485394,
				"COORD_X" : 727066,
				"COORD_Y" : 4373972
			}
		},
		{
			"type" : "Feature",
			"geometry" : {
				"type" : "Point",
				"coordinates" : [ -6.3597564857, 39.4854237534 ]
			},
			"properties" : {
				"NUCLEO" : "CACERES",
				"DISTRITO" : "NORTE",
				"BARRIO" : "VEGAS DEL MOCHO",
				"CODBARRIO" : 74,
				"CODIGO_VIA" : 3870,
				"TIPO_VIA" : "CALLE",
				"NOMBRE_VIA" : "FAUSTO PICAPIEDRA",
				"GESTION" : "PUBLICA",
				"URL_FICHA" : "https://sig.caceres.es/serweb/fichasig/fichamovilidadreducida.php?mslink=466",
				"URL_FOTO" : "https://sig.caceres.es/fotosOriginales/MOVILIDAD/3870_2_1.JPG",
				"URL_VIA" : "https://sig.caceres.es/serweb/fichasig/fichacalle.php?codigo=3870",
				"WGS84_X" : -6.359756,
				"WGS84_Y" : 39.485424,
				"COORD_X" : 727068,
				"COORD_Y" : 4373975
			}
		},
		{
			"type" : "Feature",
			"geometry" : {
				"type" : "Point",
				"coordinates" : [ -6.3590601454, 39.4860500632 ]
			},
			"properties" : {
				"NUCLEO" : "CACERES",
				"DISTRITO" : "NORTE",
				"BARRIO" : "VEGAS DEL MOCHO",
				"CODBARRIO" : 74,
				"CODIGO_VIA" : 3870,
				"TIPO_VIA" : "CALLE",
				"NOMBRE_VIA" : "FAUSTO PICAPIEDRA",
				"GESTION" : "PUBLICA",
				"URL_FICHA" : "https://sig.caceres.es/serweb/fichasig/fichamovilidadreducida.php?mslink=467",
				"URL_FOTO" : "https://sig.caceres.es/fotosOriginales/MOVILIDAD/3870_3_1.JPG",
				"URL_VIA" : "https://sig.caceres.es/serweb/fichasig/fichacalle.php?codigo=3870",
				"WGS84_X" : -6.35906,
				"WGS84_Y" : 39.48605,
				"COORD_X" : 727126,
				"COORD_Y" : 4374046
			}
		},
		{
			"type" : "Feature",
			"geometry" : {
				"type" : "Point",
				"coordinates" : [ -6.3590301685, 39.4860800468 ]
			},
			"properties" : {
				"NUCLEO" : "CACERES",
				"DISTRITO" : "NORTE",
				"BARRIO" : "VEGAS DEL MOCHO",
				"CODBARRIO" : 74,
				"CODIGO_VIA" : 3870,
				"TIPO_VIA" : "CALLE",
				"NOMBRE_VIA" : "FAUSTO PICAPIEDRA",
				"GESTION" : "PUBLICA",
				"URL_FICHA" : "https://sig.caceres.es/serweb/fichasig/fichamovilidadreducida.php?mslink=468",
				"URL_FOTO" : "https://sig.caceres.es/fotosOriginales/MOVILIDAD/3870_3_1.JPG",
				"URL_VIA" : "https://sig.caceres.es/serweb/fichasig/fichacalle.php?codigo=3870",
				"WGS84_X" : -6.35903,
				"WGS84_Y" : 39.48608,
				"COORD_X" : 727129,
				"COORD_Y" : 4374050
			}
		},
		{
			"type" : "Feature",
			"geometry" : {
				"type" : "Point",
				"coordinates" : [ -6.3587144099, 39.4863617516 ]
			},
			"properties" : {
				"NUCLEO" : "CACERES",
				"DISTRITO" : "NORTE",
				"BARRIO" : "VEGAS DEL MOCHO",
				"CODBARRIO" : 74,
				"CODIGO_VIA" : 3870,
				"TIPO_VIA" : "CALLE",
				"NOMBRE_VIA" : "FAUSTO PICAPIEDRA",
				"GESTION" : "PUBLICA",
				"URL_FICHA" : "https://sig.caceres.es/serweb/fichasig/fichamovilidadreducida.php?mslink=469",
				"URL_FOTO" : "https://sig.caceres.es/fotosOriginales/MOVILIDAD/3870_4_1.JPG",
				"URL_VIA" : "https://sig.caceres.es/serweb/fichasig/fichacalle.php?codigo=3870",
				"WGS84_X" : -6.358714,
				"WGS84_Y" : 39.486362,
				"COORD_X" : 727155,
				"COORD_Y" : 4374082
			}
		},
		{
			"type" : "Feature",
			"geometry" : {
				"type" : "Point",
				"coordinates" : [ -6.3586831189, 39.4863921674 ]
			},
			"properties" : {
				"NUCLEO" : "CACERES",
				"DISTRITO" : "NORTE",
				"BARRIO" : "VEGAS DEL MOCHO",
				"CODBARRIO" : 74,
				"CODIGO_VIA" : 3870,
				"TIPO_VIA" : "CALLE",
				"NOMBRE_VIA" : "FAUSTO PICAPIEDRA",
				"GESTION" : "PUBLICA",
				"URL_FICHA" : "https://sig.caceres.es/serweb/fichasig/fichamovilidadreducida.php?mslink=470",
				"URL_FOTO" : "https://sig.caceres.es/fotosOriginales/MOVILIDAD/3870_4_1.JPG",
				"URL_VIA" : "https://sig.caceres.es/serweb/fichasig/fichacalle.php?codigo=3870",
				"WGS84_X" : -6.358683,
				"WGS84_Y" : 39.486392,
				"COORD_X" : 727158,
				"COORD_Y" : 4374085
			}
		},
		{
			"type" : "Feature",
			"geometry" : {
				"type" : "Point",
				"coordinates" : [ -6.3577130422, 39.4872657154 ]
			},
			"properties" : {
				"NUCLEO" : "CACERES",
				"DISTRITO" : "NORTE",
				"BARRIO" : "VEGAS DEL MOCHO",
				"CODBARRIO" : 74,
				"CODIGO_VIA" : 3870,
				"TIPO_VIA" : "CALLE",
				"NOMBRE_VIA" : "FAUSTO PICAPIEDRA",
				"GESTION" : "PUBLICA",
				"URL_FICHA" : "https://sig.caceres.es/serweb/fichasig/fichamovilidadreducida.php?mslink=471",
				"URL_FOTO" : "https://sig.caceres.es/fotosOriginales/MOVILIDAD/3870_5_1.JPG",
				"URL_VIA" : "https://sig.caceres.es/serweb/fichasig/fichacalle.php?codigo=3870",
				"WGS84_X" : -6.357713,
				"WGS84_Y" : 39.487266,
				"COORD_X" : 727238,
				"COORD_Y" : 4374185
			}
		},
		{
			"type" : "Feature",
			"geometry" : {
				"type" : "Point",
				"coordinates" : [ -6.3576897238, 39.4872942852 ]
			},
			"properties" : {
				"NUCLEO" : "CACERES",
				"DISTRITO" : "NORTE",
				"BARRIO" : "VEGAS DEL MOCHO",
				"CODBARRIO" : 74,
				"CODIGO_VIA" : 3870,
				"TIPO_VIA" : "CALLE",
				"NOMBRE_VIA" : "FAUSTO PICAPIEDRA",
				"GESTION" : "PUBLICA",
				"URL_FICHA" : "https://sig.caceres.es/serweb/fichasig/fichamovilidadreducida.php?mslink=472",
				"URL_FOTO" : "https://sig.caceres.es/fotosOriginales/MOVILIDAD/3870_5_1.JPG",
				"URL_VIA" : "https://sig.caceres.es/serweb/fichasig/fichacalle.php?codigo=3870",
				"WGS84_X" : -6.35769,
				"WGS84_Y" : 39.487294,
				"COORD_X" : 727240,
				"COORD_Y" : 4374188
			}
		},
		{
			"type" : "Feature",
			"geometry" : {
				"type" : "Point",
				"coordinates" : [ -6.357371747, 39.4875751385 ]
			},
			"properties" : {
				"NUCLEO" : "CACERES",
				"DISTRITO" : "NORTE",
				"BARRIO" : "VEGAS DEL MOCHO",
				"CODBARRIO" : 74,
				"CODIGO_VIA" : 3870,
				"TIPO_VIA" : "CALLE",
				"NOMBRE_VIA" : "FAUSTO PICAPIEDRA",
				"GESTION" : "PUBLICA",
				"URL_FICHA" : "https://sig.caceres.es/serweb/fichasig/fichamovilidadreducida.php?mslink=473",
				"URL_FOTO" : "https://sig.caceres.es/fotosOriginales/MOVILIDAD/3870_6_1.JPG",
				"URL_VIA" : "https://sig.caceres.es/serweb/fichasig/fichacalle.php?codigo=3870",
				"WGS84_X" : -6.357372,
				"WGS84_Y" : 39.487575,
				"COORD_X" : 727267,
				"COORD_Y" : 4374220
			}
		},
		{
			"type" : "Feature",
			"geometry" : {
				"type" : "Point",
				"coordinates" : [ -6.3573455714, 39.4876034117 ]
			},
			"properties" : {
				"NUCLEO" : "CACERES",
				"DISTRITO" : "NORTE",
				"BARRIO" : "VEGAS DEL MOCHO",
				"CODBARRIO" : 74,
				"CODIGO_VIA" : 3870,
				"TIPO_VIA" : "CALLE",
				"NOMBRE_VIA" : "FAUSTO PICAPIEDRA",
				"GESTION" : "PUBLICA",
				"URL_FICHA" : "https://sig.caceres.es/serweb/fichasig/fichamovilidadreducida.php?mslink=474",
				"URL_FOTO" : "https://sig.caceres.es/fotosOriginales/MOVILIDAD/3870_6_1.JPG",
				"URL_VIA" : "https://sig.caceres.es/serweb/fichasig/fichacalle.php?codigo=3870",
				"WGS84_X" : -6.357346,
				"WGS84_Y" : 39.487603,
				"COORD_X" : 727269,
				"COORD_Y" : 4374223
			}
		},
		{
			"type" : "Feature",
			"geometry" : {
				"type" : "Point",
				"coordinates" : [ -6.3562257948, 39.4886188374 ]
			},
			"properties" : {
				"NUCLEO" : "CACERES",
				"DISTRITO" : "NORTE",
				"BARRIO" : "VEGAS DEL MOCHO",
				"CODBARRIO" : 74,
				"CODIGO_VIA" : 3870,
				"TIPO_VIA" : "CALLE",
				"NOMBRE_VIA" : "FAUSTO PICAPIEDRA",
				"GESTION" : "PUBLICA",
				"URL_FICHA" : "https://sig.caceres.es/serweb/fichasig/fichamovilidadreducida.php?mslink=475",
				"URL_FOTO" : "https://sig.caceres.es/fotosOriginales/MOVILIDAD/3870_7_1.JPG",
				"URL_VIA" : "https://sig.caceres.es/serweb/fichasig/fichacalle.php?codigo=3870",
				"WGS84_X" : -6.356226,
				"WGS84_Y" : 39.488619,
				"COORD_X" : 727362,
				"COORD_Y" : 4374338
			}
		},
		{
			"type" : "Feature",
			"geometry" : {
				"type" : "Point",
				"coordinates" : [ -6.3561936972, 39.4886494998 ]
			},
			"properties" : {
				"NUCLEO" : "CACERES",
				"DISTRITO" : "NORTE",
				"BARRIO" : "VEGAS DEL MOCHO",
				"CODBARRIO" : 74,
				"CODIGO_VIA" : 3870,
				"TIPO_VIA" : "CALLE",
				"NOMBRE_VIA" : "FAUSTO PICAPIEDRA",
				"GESTION" : "PUBLICA",
				"URL_FICHA" : "https://sig.caceres.es/serweb/fichasig/fichamovilidadreducida.php?mslink=476",
				"URL_FOTO" : "https://sig.caceres.es/fotosOriginales/MOVILIDAD/3870_7_1.JPG",
				"URL_VIA" : "https://sig.caceres.es/serweb/fichasig/fichacalle.php?codigo=3870",
				"WGS84_X" : -6.356194,
				"WGS84_Y" : 39.488649,
				"COORD_X" : 727364,
				"COORD_Y" : 4374342
			}
		},
		{
			"type" : "Feature",
			"geometry" : {
				"type" : "Point",
				"coordinates" : [ -6.3587121894, 39.4881576264 ]
			},
			"properties" : {
				"NUCLEO" : "CACERES",
				"DISTRITO" : "NORTE",
				"BARRIO" : "VEGAS DEL MOCHO",
				"CODBARRIO" : 74,
				"CODIGO_VIA" : 4157,
				"TIPO_VIA" : "CALLE",
				"NOMBRE_VIA" : "ORTEGA Y GASSET",
				"GESTION" : "PUBLICA",
				"URL_FICHA" : "https://sig.caceres.es/serweb/fichasig/fichamovilidadreducida.php?mslink=477",
				"URL_FOTO" : "https://sig.caceres.es/fotosOriginales/MOVILIDAD/4157_1_1.JPG",
				"URL_VIA" : "https://sig.caceres.es/serweb/fichasig/fichacalle.php?codigo=4157",
				"WGS84_X" : -6.358712,
				"WGS84_Y" : 39.488158,
				"COORD_X" : 727149,
				"COORD_Y" : 4374281
			}
		},
		{
			"type" : "Feature",
			"geometry" : {
				"type" : "Point",
				"coordinates" : [ -6.3733731279, 39.4363419581 ]
			},
			"properties" : {
				"NUCLEO" : "CACERES",
				"DISTRITO" : "SUR",
				"BARRIO" : "RECINTO FERIAL",
				"CODBARRIO" : 54,
				"CODIGO_VIA" : 2564,
				"TIPO_VIA" : "CTRA",
				"NOMBRE_VIA" : "DE MERIDA",
				"GESTION" : "PUBLICA",
				"URL_FICHA" : "https://sig.caceres.es/serweb/fichasig/fichamovilidadreducida.php?mslink=520",
				"URL_FOTO" : "https://sig.caceres.es/fotosOriginales/MOVILIDAD/2564_1_1.JPG",
				"URL_VIA" : "https://sig.caceres.es/serweb/fichasig/fichacalle.php?codigo=2564",
				"WGS84_X" : -6.373373,
				"WGS84_Y" : 39.436342,
				"COORD_X" : 726056,
				"COORD_Y" : 4368492
			}
		},
		{
			"type" : "Feature",
			"geometry" : {
				"type" : "Point",
				"coordinates" : [ -6.3629973868, 39.4817370146 ]
			},
			"properties" : {
				"NUCLEO" : "CACERES",
				"DISTRITO" : "CENTRO",
				"BARRIO" : "HUERTAS",
				"CODBARRIO" : 25,
				"CODIGO_VIA" : 3425,
				"TIPO_VIA" : "AVDA",
				"NOMBRE_VIA" : "DE LA UNIVERSIDAD",
				"NUMPOL" : "16",
				"GESTION" : "PUBLICA",
				"URL_FICHA" : "https://sig.caceres.es/serweb/fichasig/fichamovilidadreducida.php?mslink=599",
				"URL_FOTO" : "https://sig.caceres.es/fotosOriginales/MOVILIDAD/3425_33_1.JPG",
				"URL_VIA" : "https://sig.caceres.es/serweb/fichasig/fichacalle.php?codigo=3425",
				"WGS84_X" : -6.362997,
				"WGS84_Y" : 39.481737,
				"COORD_X" : 726802,
				"COORD_Y" : 4373558
			}
		},
		{
			"type" : "Feature",
			"geometry" : {
				"type" : "Point",
				"coordinates" : [ -6.3518801289, 39.4729946833 ]
			},
			"properties" : {
				"NUCLEO" : "CACERES",
				"DISTRITO" : "OESTE",
				"BARRIO" : "RESIDENCIAL UNIVERSIDAD",
				"CODBARRIO" : 55,
				"CODIGO_VIA" : 3910,
				"TIPO_VIA" : "CALLE",
				"NOMBRE_VIA" : "PEDRO LAIN ENTRALGO",
				"GESTION" : "PUBLICA",
				"URL_FICHA" : "https://sig.caceres.es/serweb/fichasig/fichamovilidadreducida.php?mslink=349",
				"URL_FOTO" : "https://sig.caceres.es/fotosOriginales/MOVILIDAD/3910_1_1.JPG",
				"URL_VIA" : "https://sig.caceres.es/serweb/fichasig/fichacalle.php?codigo=3910",
				"WGS84_X" : -6.35188,
				"WGS84_Y" : 39.472995,
				"COORD_X" : 727787,
				"COORD_Y" : 4372615
			}
		},
		{
			"type" : "Feature",
			"geometry" : {
				"type" : "Point",
				"coordinates" : [ -6.3460418237, 39.4797165296 ]
			},
			"properties" : {
				"NUCLEO" : "CACERES",
				"DISTRITO" : "NORTE",
				"BARRIO" : "CAMPUS UNIVERSITARIO",
				"CODBARRIO" : 6,
				"CODIGO_VIA" : 3425,
				"TIPO_VIA" : "AVDA",
				"NOMBRE_VIA" : "DE LA UNIVERSIDAD",
				"GESTION" : "PUBLICA",
				"URL_FICHA" : "https://sig.caceres.es/serweb/fichasig/fichamovilidadreducida.php?mslink=350",
				"URL_FOTO" : "https://sig.caceres.es/fotosOriginales/MOVILIDAD/3425_13_1.JPG",
				"URL_VIA" : "https://sig.caceres.es/serweb/fichasig/fichacalle.php?codigo=3425",
				"WGS84_X" : -6.346042,
				"WGS84_Y" : 39.479717,
				"COORD_X" : 728267,
				"COORD_Y" : 4373376
			}
		},
		{
			"type" : "Feature",
			"geometry" : {
				"type" : "Point",
				"coordinates" : [ -6.3459912646, 39.4796961301 ]
			},
			"properties" : {
				"NUCLEO" : "CACERES",
				"DISTRITO" : "NORTE",
				"BARRIO" : "CAMPUS UNIVERSITARIO",
				"CODBARRIO" : 6,
				"CODIGO_VIA" : 3425,
				"TIPO_VIA" : "AVDA",
				"NOMBRE_VIA" : "DE LA UNIVERSIDAD",
				"GESTION" : "PUBLICA",
				"URL_FICHA" : "https://sig.caceres.es/serweb/fichasig/fichamovilidadreducida.php?mslink=351",
				"URL_FOTO" : "https://sig.caceres.es/fotosOriginales/MOVILIDAD/3425_13_1.JPG",
				"URL_VIA" : "https://sig.caceres.es/serweb/fichasig/fichacalle.php?codigo=3425",
				"WGS84_X" : -6.345991,
				"WGS84_Y" : 39.479696,
				"COORD_X" : 728271,
				"COORD_Y" : 4373374
			}
		},
		{
			"type" : "Feature",
			"geometry" : {
				"type" : "Point",
				"coordinates" : [ -6.3459618806, 39.4796840066 ]
			},
			"properties" : {
				"NUCLEO" : "CACERES",
				"DISTRITO" : "NORTE",
				"BARRIO" : "CAMPUS UNIVERSITARIO",
				"CODBARRIO" : 6,
				"CODIGO_VIA" : 3425,
				"TIPO_VIA" : "AVDA",
				"NOMBRE_VIA" : "DE LA UNIVERSIDAD",
				"GESTION" : "PUBLICA",
				"URL_FICHA" : "https://sig.caceres.es/serweb/fichasig/fichamovilidadreducida.php?mslink=352",
				"URL_FOTO" : "https://sig.caceres.es/fotosOriginales/MOVILIDAD/3425_13_1.JPG",
				"URL_VIA" : "https://sig.caceres.es/serweb/fichasig/fichacalle.php?codigo=3425",
				"WGS84_X" : -6.345962,
				"WGS84_Y" : 39.479684,
				"COORD_X" : 728274,
				"COORD_Y" : 4373373
			}
		},
		{
			"type" : "Feature",
			"geometry" : {
				"type" : "Point",
				"coordinates" : [ -6.3472272454, 39.4796154268 ]
			},
			"properties" : {
				"NUCLEO" : "CACERES",
				"DISTRITO" : "NORTE",
				"BARRIO" : "CAMPUS UNIVERSITARIO",
				"CODBARRIO" : 6,
				"CODIGO_VIA" : 3425,
				"TIPO_VIA" : "AVDA",
				"NOMBRE_VIA" : "DE LA UNIVERSIDAD",
				"GESTION" : "PUBLICA",
				"URL_FICHA" : "https://sig.caceres.es/serweb/fichasig/fichamovilidadreducida.php?mslink=353",
				"URL_FOTO" : "https://sig.caceres.es/fotosOriginales/MOVILIDAD/3425_14_1.JPG",
				"URL_VIA" : "https://sig.caceres.es/serweb/fichasig/fichacalle.php?codigo=3425",
				"WGS84_X" : -6.347227,
				"WGS84_Y" : 39.479615,
				"COORD_X" : 728165,
				"COORD_Y" : 4373362
			}
		},
		{
			"type" : "Feature",
			"geometry" : {
				"type" : "Point",
				"coordinates" : [ -6.3476178171, 39.4790673498 ]
			},
			"properties" : {
				"NUCLEO" : "CACERES",
				"DISTRITO" : "NORTE",
				"BARRIO" : "CAMPUS UNIVERSITARIO",
				"CODBARRIO" : 6,
				"CODIGO_VIA" : 3425,
				"TIPO_VIA" : "AVDA",
				"NOMBRE_VIA" : "DE LA UNIVERSIDAD",
				"GESTION" : "PUBLICA",
				"URL_FICHA" : "https://sig.caceres.es/serweb/fichasig/fichamovilidadreducida.php?mslink=354",
				"URL_FOTO" : "https://sig.caceres.es/fotosOriginales/MOVILIDAD/3425_16_1.JPG",
				"URL_VIA" : "https://sig.caceres.es/serweb/fichasig/fichacalle.php?codigo=3425",
				"WGS84_X" : -6.347618,
				"WGS84_Y" : 39.479067,
				"COORD_X" : 728133,
				"COORD_Y" : 4373300
			}
		},
		{
			"type" : "Feature",
			"geometry" : {
				"type" : "Point",
				"coordinates" : [ -6.3469932507, 39.4785810095 ]
			},
			"properties" : {
				"NUCLEO" : "CACERES",
				"DISTRITO" : "NORTE",
				"BARRIO" : "CAMPUS UNIVERSITARIO",
				"CODBARRIO" : 6,
				"CODIGO_VIA" : 3425,
				"TIPO_VIA" : "AVDA",
				"NOMBRE_VIA" : "DE LA UNIVERSIDAD",
				"GESTION" : "PUBLICA",
				"URL_FICHA" : "https://sig.caceres.es/serweb/fichasig/fichamovilidadreducida.php?mslink=355",
				"URL_FOTO" : "https://sig.caceres.es/fotosOriginales/MOVILIDAD/3425_17_1.JPG",
				"URL_VIA" : "https://sig.caceres.es/serweb/fichasig/fichacalle.php?codigo=3425",
				"WGS84_X" : -6.346993,
				"WGS84_Y" : 39.478581,
				"COORD_X" : 728189,
				"COORD_Y" : 4373248
			}
		},
		{
			"type" : "Feature",
			"geometry" : {
				"type" : "Point",
				"coordinates" : [ -6.3417891326, 39.4795032593 ]
			},
			"properties" : {
				"NUCLEO" : "CACERES",
				"DISTRITO" : "NORTE",
				"BARRIO" : "CAMPUS UNIVERSITARIO",
				"CODBARRIO" : 6,
				"CODIGO_VIA" : 3425,
				"TIPO_VIA" : "AVDA",
				"NOMBRE_VIA" : "DE LA UNIVERSIDAD",
				"GESTION" : "PUBLICA",
				"URL_FICHA" : "https://sig.caceres.es/serweb/fichasig/fichamovilidadreducida.php?mslink=356",
				"URL_FOTO" : "https://sig.caceres.es/fotosOriginales/MOVILIDAD/3425_1_1.JPG",
				"URL_VIA" : "https://sig.caceres.es/serweb/fichasig/fichacalle.php?codigo=3425",
				"WGS84_X" : -6.341789,
				"WGS84_Y" : 39.479503,
				"COORD_X" : 728633,
				"COORD_Y" : 4373363
			}
		},
		{
			"type" : "Feature",
			"geometry" : {
				"type" : "Point",
				"coordinates" : [ -6.3418026394, 39.4794633197 ]
			},
			"properties" : {
				"NUCLEO" : "CACERES",
				"DISTRITO" : "NORTE",
				"BARRIO" : "CAMPUS UNIVERSITARIO",
				"CODBARRIO" : 6,
				"CODIGO_VIA" : 3425,
				"TIPO_VIA" : "AVDA",
				"NOMBRE_VIA" : "DE LA UNIVERSIDAD",
				"GESTION" : "PUBLICA",
				"URL_FICHA" : "https://sig.caceres.es/serweb/fichasig/fichamovilidadreducida.php?mslink=357",
				"URL_FOTO" : "https://sig.caceres.es/fotosOriginales/MOVILIDAD/3425_1_1.JPG",
				"URL_VIA" : "https://sig.caceres.es/serweb/fichasig/fichacalle.php?codigo=3425",
				"WGS84_X" : -6.341803,
				"WGS84_Y" : 39.479463,
				"COORD_X" : 728632,
				"COORD_Y" : 4373359
			}
		},
		{
			"type" : "Feature",
			"geometry" : {
				"type" : "Point",
				"coordinates" : [ -6.3416956244, 39.4785437926 ]
			},
			"properties" : {
				"NUCLEO" : "CACERES",
				"DISTRITO" : "NORTE",
				"BARRIO" : "CAMPUS UNIVERSITARIO",
				"CODBARRIO" : 6,
				"CODIGO_VIA" : 3425,
				"TIPO_VIA" : "AVDA",
				"NOMBRE_VIA" : "DE LA UNIVERSIDAD",
				"GESTION" : "PUBLICA",
				"URL_FICHA" : "https://sig.caceres.es/serweb/fichasig/fichamovilidadreducida.php?mslink=358",
				"URL_FOTO" : "https://sig.caceres.es/fotosOriginales/MOVILIDAD/3425_4_1.JPG",
				"URL_VIA" : "https://sig.caceres.es/serweb/fichasig/fichacalle.php?codigo=3425",
				"WGS84_X" : -6.341696,
				"WGS84_Y" : 39.478544,
				"COORD_X" : 728645,
				"COORD_Y" : 4373257
			}
		},
		{
			"type" : "Feature",
			"geometry" : {
				"type" : "Point",
				"coordinates" : [ -6.3392077785, 39.4780669051 ]
			},
			"properties" : {
				"NUCLEO" : "CACERES",
				"DISTRITO" : "NORTE",
				"BARRIO" : "CAMPUS UNIVERSITARIO",
				"CODBARRIO" : 6,
				"CODIGO_VIA" : 3425,
				"TIPO_VIA" : "AVDA",
				"NOMBRE_VIA" : "DE LA UNIVERSIDAD",
				"GESTION" : "PUBLICA",
				"URL_FICHA" : "https://sig.caceres.es/serweb/fichasig/fichamovilidadreducida.php?mslink=359",
				"URL_FOTO" : "https://sig.caceres.es/fotosOriginales/MOVILIDAD/3425_5_1.JPG",
				"URL_VIA" : "https://sig.caceres.es/serweb/fichasig/fichacalle.php?codigo=3425",
				"WGS84_X" : -6.339208,
				"WGS84_Y" : 39.478067,
				"COORD_X" : 728860,
				"COORD_Y" : 4373210
			}
		},
		{
			"type" : "Feature",
			"geometry" : {
				"type" : "Point",
				"coordinates" : [ -6.3392045777, 39.4780301789 ]
			},
			"properties" : {
				"NUCLEO" : "CACERES",
				"DISTRITO" : "NORTE",
				"BARRIO" : "CAMPUS UNIVERSITARIO",
				"CODBARRIO" : 6,
				"CODIGO_VIA" : 3425,
				"TIPO_VIA" : "AVDA",
				"NOMBRE_VIA" : "DE LA UNIVERSIDAD",
				"GESTION" : "PUBLICA",
				"URL_FICHA" : "https://sig.caceres.es/serweb/fichasig/fichamovilidadreducida.php?mslink=360",
				"URL_FOTO" : "https://sig.caceres.es/fotosOriginales/MOVILIDAD/3425_5_1.JPG",
				"URL_VIA" : "https://sig.caceres.es/serweb/fichasig/fichacalle.php?codigo=3425",
				"WGS84_X" : -6.339205,
				"WGS84_Y" : 39.47803,
				"COORD_X" : 728861,
				"COORD_Y" : 4373206
			}
		},
		{
			"type" : "Feature",
			"geometry" : {
				"type" : "Point",
				"coordinates" : [ -6.3389745341, 39.4780388909 ]
			},
			"properties" : {
				"NUCLEO" : "CACERES",
				"DISTRITO" : "NORTE",
				"BARRIO" : "CAMPUS UNIVERSITARIO",
				"CODBARRIO" : 6,
				"CODIGO_VIA" : 3425,
				"TIPO_VIA" : "AVDA",
				"NOMBRE_VIA" : "DE LA UNIVERSIDAD",
				"GESTION" : "PUBLICA",
				"URL_FICHA" : "https://sig.caceres.es/serweb/fichasig/fichamovilidadreducida.php?mslink=361",
				"URL_FOTO" : "https://sig.caceres.es/fotosOriginales/MOVILIDAD/3425_6_1.JPG",
				"URL_VIA" : "https://sig.caceres.es/serweb/fichasig/fichacalle.php?codigo=3425",
				"WGS84_X" : -6.338975,
				"WGS84_Y" : 39.478039,
				"COORD_X" : 728880,
				"COORD_Y" : 4373208
			}
		},
		{
			"type" : "Feature",
			"geometry" : {
				"type" : "Point",
				"coordinates" : [ -6.3388093409, 39.4780766264 ]
			},
			"properties" : {
				"NUCLEO" : "CACERES",
				"DISTRITO" : "NORTE",
				"BARRIO" : "CAMPUS UNIVERSITARIO",
				"CODBARRIO" : 6,
				"CODIGO_VIA" : 3425,
				"TIPO_VIA" : "AVDA",
				"NOMBRE_VIA" : "DE LA UNIVERSIDAD",
				"GESTION" : "PUBLICA",
				"URL_FICHA" : "https://sig.caceres.es/serweb/fichasig/fichamovilidadreducida.php?mslink=362",
				"URL_FOTO" : "https://sig.caceres.es/fotosOriginales/MOVILIDAD/3425_7_1.JPG",
				"URL_VIA" : "https://sig.caceres.es/serweb/fichasig/fichacalle.php?codigo=3425",
				"WGS84_X" : -6.338809,
				"WGS84_Y" : 39.478077,
				"COORD_X" : 728894,
				"COORD_Y" : 4373212
			}
		},
		{
			"type" : "Feature",
			"geometry" : {
				"type" : "Point",
				"coordinates" : [ -6.3437496039, 39.4821785045 ]
			},
			"properties" : {
				"NUCLEO" : "CACERES",
				"DISTRITO" : "NORTE",
				"BARRIO" : "CAMPUS UNIVERSITARIO",
				"CODBARRIO" : 6,
				"CODIGO_VIA" : 3425,
				"TIPO_VIA" : "AVDA",
				"NOMBRE_VIA" : "DE LA UNIVERSIDAD",
				"GESTION" : "PUBLICA",
				"URL_FICHA" : "https://sig.caceres.es/serweb/fichasig/fichamovilidadreducida.php?mslink=363",
				"URL_FOTO" : "https://sig.caceres.es/fotosOriginales/MOVILIDAD/3425_10_1.JPG",
				"URL_VIA" : "https://sig.caceres.es/serweb/fichasig/fichacalle.php?codigo=3425",
				"WGS84_X" : -6.34375,
				"WGS84_Y" : 39.482179,
				"COORD_X" : 728456,
				"COORD_Y" : 4373655
			}
		},
		{
			"type" : "Feature",
			"geometry" : {
				"type" : "Point",
				"coordinates" : [ -6.343753247, 39.4822075406 ]
			},
			"properties" : {
				"NUCLEO" : "CACERES",
				"DISTRITO" : "NORTE",
				"BARRIO" : "CAMPUS UNIVERSITARIO",
				"CODBARRIO" : 6,
				"CODIGO_VIA" : 3425,
				"TIPO_VIA" : "AVDA",
				"NOMBRE_VIA" : "DE LA UNIVERSIDAD",
				"GESTION" : "PUBLICA",
				"URL_FICHA" : "https://sig.caceres.es/serweb/fichasig/fichamovilidadreducida.php?mslink=364",
				"URL_FOTO" : "https://sig.caceres.es/fotosOriginales/MOVILIDAD/3425_10_1.JPG",
				"URL_VIA" : "https://sig.caceres.es/serweb/fichasig/fichacalle.php?codigo=3425",
				"WGS84_X" : -6.343753,
				"WGS84_Y" : 39.482208,
				"COORD_X" : 728456,
				"COORD_Y" : 4373658
			}
		},
		{
			"type" : "Feature",
			"geometry" : {
				"type" : "Point",
				"coordinates" : [ -6.3442646187, 39.4825482248 ]
			},
			"properties" : {
				"NUCLEO" : "CACERES",
				"DISTRITO" : "NORTE",
				"BARRIO" : "CAMPUS UNIVERSITARIO",
				"CODBARRIO" : 6,
				"CODIGO_VIA" : 3425,
				"TIPO_VIA" : "AVDA",
				"NOMBRE_VIA" : "DE LA UNIVERSIDAD",
				"GESTION" : "PUBLICA",
				"URL_FICHA" : "https://sig.caceres.es/serweb/fichasig/fichamovilidadreducida.php?mslink=365",
				"URL_FOTO" : "https://sig.caceres.es/fotosOriginales/MOVILIDAD/3425_11_1.JPG",
				"URL_VIA" : "https://sig.caceres.es/serweb/fichasig/fichacalle.php?codigo=3425",
				"WGS84_X" : -6.344265,
				"WGS84_Y" : 39.482548,
				"COORD_X" : 728410,
				"COORD_Y" : 4373695
			}
		},
		{
			"type" : "Feature",
			"geometry" : {
				"type" : "Point",
				"coordinates" : [ -6.3443034606, 39.4825704272 ]
			},
			"properties" : {
				"NUCLEO" : "CACERES",
				"DISTRITO" : "NORTE",
				"BARRIO" : "CAMPUS UNIVERSITARIO",
				"CODBARRIO" : 6,
				"CODIGO_VIA" : 3425,
				"TIPO_VIA" : "AVDA",
				"NOMBRE_VIA" : "DE LA UNIVERSIDAD",
				"GESTION" : "PUBLICA",
				"URL_FICHA" : "https://sig.caceres.es/serweb/fichasig/fichamovilidadreducida.php?mslink=366",
				"URL_FOTO" : "https://sig.caceres.es/fotosOriginales/MOVILIDAD/3425_11_1.JPG",
				"URL_VIA" : "https://sig.caceres.es/serweb/fichasig/fichacalle.php?codigo=3425",
				"WGS84_X" : -6.344303,
				"WGS84_Y" : 39.48257,
				"COORD_X" : 728407,
				"COORD_Y" : 4373697
			}
		},
		{
			"type" : "Feature",
			"geometry" : {
				"type" : "Point",
				"coordinates" : [ -6.343082421, 39.4807484154 ]
			},
			"properties" : {
				"NUCLEO" : "CACERES",
				"DISTRITO" : "NORTE",
				"BARRIO" : "CAMPUS UNIVERSITARIO",
				"CODBARRIO" : 6,
				"CODIGO_VIA" : 3425,
				"TIPO_VIA" : "AVDA",
				"NOMBRE_VIA" : "DE LA UNIVERSIDAD",
				"GESTION" : "PUBLICA",
				"URL_FICHA" : "https://sig.caceres.es/serweb/fichasig/fichamovilidadreducida.php?mslink=367",
				"URL_FOTO" : "https://sig.caceres.es/fotosOriginales/MOVILIDAD/3425_9_1.JPG",
				"URL_VIA" : "https://sig.caceres.es/serweb/fichasig/fichacalle.php?codigo=3425",
				"WGS84_X" : -6.343082,
				"WGS84_Y" : 39.480748,
				"COORD_X" : 728518,
				"COORD_Y" : 4373498
			}
		},
		{
			"type" : "Feature",
			"geometry" : {
				"type" : "Point",
				"coordinates" : [ -6.3389302864, 39.4804264272 ]
			},
			"properties" : {
				"NUCLEO" : "CACERES",
				"DISTRITO" : "NORTE",
				"BARRIO" : "CAMPUS UNIVERSITARIO",
				"CODBARRIO" : 6,
				"CODIGO_VIA" : 3425,
				"TIPO_VIA" : "AVDA",
				"NOMBRE_VIA" : "DE LA UNIVERSIDAD",
				"GESTION" : "PUBLICA",
				"URL_FICHA" : "https://sig.caceres.es/serweb/fichasig/fichamovilidadreducida.php?mslink=368",
				"URL_FOTO" : "https://sig.caceres.es/fotosOriginales/MOVILIDAD/3425_8_1.JPG",
				"URL_VIA" : "https://sig.caceres.es/serweb/fichasig/fichacalle.php?codigo=3425",
				"WGS84_X" : -6.33893,
				"WGS84_Y" : 39.480426,
				"COORD_X" : 728876,
				"COORD_Y" : 4373473
			}
		},
		{
			"type" : "Feature",
			"geometry" : {
				"type" : "Point",
				"coordinates" : [ -6.357965516, 39.4822121288 ]
			},
			"properties" : {
				"NUCLEO" : "CACERES",
				"DISTRITO" : "NORTE",
				"BARRIO" : "CAMPUS UNIVERSITARIO",
				"CODBARRIO" : 6,
				"CODIGO_VIA" : 3425,
				"TIPO_VIA" : "AVDA",
				"NOMBRE_VIA" : "DE LA UNIVERSIDAD",
				"NUMPOL" : "47",
				"GESTION" : "PUBLICA",
				"URL_FICHA" : "https://sig.caceres.es/serweb/fichasig/fichamovilidadreducida.php?mslink=373",
				"URL_FOTO" : "https://sig.caceres.es/fotosOriginales/MOVILIDAD/3425_30_1.JPG",
				"URL_VIA" : "https://sig.caceres.es/serweb/fichasig/fichacalle.php?codigo=3425",
				"WGS84_X" : -6.357966,
				"WGS84_Y" : 39.482212,
				"COORD_X" : 727233,
				"COORD_Y" : 4373623
			}
		},
		{
			"type" : "Feature",
			"geometry" : {
				"type" : "Point",
				"coordinates" : [ -6.3580113938, 39.4821986463 ]
			},
			"properties" : {
				"NUCLEO" : "CACERES",
				"DISTRITO" : "NORTE",
				"BARRIO" : "CAMPUS UNIVERSITARIO",
				"CODBARRIO" : 6,
				"CODIGO_VIA" : 3425,
				"TIPO_VIA" : "AVDA",
				"NOMBRE_VIA" : "DE LA UNIVERSIDAD",
				"NUMPOL" : "47",
				"GESTION" : "PUBLICA",
				"URL_FICHA" : "https://sig.caceres.es/serweb/fichasig/fichamovilidadreducida.php?mslink=374",
				"URL_FOTO" : "https://sig.caceres.es/fotosOriginales/MOVILIDAD/3425_30_1.JPG",
				"URL_VIA" : "https://sig.caceres.es/serweb/fichasig/fichacalle.php?codigo=3425",
				"WGS84_X" : -6.358011,
				"WGS84_Y" : 39.482199,
				"COORD_X" : 727229,
				"COORD_Y" : 4373621
			}
		},
		{
			"type" : "Feature",
			"geometry" : {
				"type" : "Point",
				"coordinates" : [ -6.3422563904, 39.4795703906 ]
			},
			"properties" : {
				"NUCLEO" : "CACERES",
				"DISTRITO" : "NORTE",
				"BARRIO" : "CAMPUS UNIVERSITARIO",
				"CODBARRIO" : 6,
				"CODIGO_VIA" : 3425,
				"TIPO_VIA" : "AVDA",
				"NOMBRE_VIA" : "DE LA UNIVERSIDAD",
				"GESTION" : "PUBLICA",
				"URL_FICHA" : "https://sig.caceres.es/serweb/fichasig/fichamovilidadreducida.php?mslink=375",
				"URL_FOTO" : "https://sig.caceres.es/fotosOriginales/MOVILIDAD/3425_2_1.JPG",
				"URL_VIA" : "https://sig.caceres.es/serweb/fichasig/fichacalle.php?codigo=3425",
				"WGS84_X" : -6.342256,
				"WGS84_Y" : 39.47957,
				"COORD_X" : 728593,
				"COORD_Y" : 4373369
			}
		},
		{
			"type" : "Feature",
			"geometry" : {
				"type" : "Point",
				"coordinates" : [ -6.342243652, 39.4796062992 ]
			},
			"properties" : {
				"NUCLEO" : "CACERES",
				"DISTRITO" : "NORTE",
				"BARRIO" : "CAMPUS UNIVERSITARIO",
				"CODBARRIO" : 6,
				"CODIGO_VIA" : 3425,
				"TIPO_VIA" : "AVDA",
				"NOMBRE_VIA" : "DE LA UNIVERSIDAD",
				"GESTION" : "PUBLICA",
				"URL_FICHA" : "https://sig.caceres.es/serweb/fichasig/fichamovilidadreducida.php?mslink=376",
				"URL_FOTO" : "https://sig.caceres.es/fotosOriginales/MOVILIDAD/3425_2_1.JPG",
				"URL_VIA" : "https://sig.caceres.es/serweb/fichasig/fichacalle.php?codigo=3425",
				"WGS84_X" : -6.342244,
				"WGS84_Y" : 39.479606,
				"COORD_X" : 728594,
				"COORD_Y" : 4373373
			}
		},
		{
			"type" : "Feature",
			"geometry" : {
				"type" : "Point",
				"coordinates" : [ -6.3426339659, 39.4796903513 ]
			},
			"properties" : {
				"NUCLEO" : "CACERES",
				"DISTRITO" : "NORTE",
				"BARRIO" : "CAMPUS UNIVERSITARIO",
				"CODBARRIO" : 6,
				"CODIGO_VIA" : 3425,
				"TIPO_VIA" : "AVDA",
				"NOMBRE_VIA" : "DE LA UNIVERSIDAD",
				"GESTION" : "PUBLICA",
				"URL_FICHA" : "https://sig.caceres.es/serweb/fichasig/fichamovilidadreducida.php?mslink=377",
				"URL_FOTO" : "https://sig.caceres.es/fotosOriginales/MOVILIDAD/3425_3_1.JPG",
				"URL_VIA" : "https://sig.caceres.es/serweb/fichasig/fichacalle.php?codigo=3425",
				"WGS84_X" : -6.342634,
				"WGS84_Y" : 39.47969,
				"COORD_X" : 728560,
				"COORD_Y" : 4373382
			}
		},
		{
			"type" : "Feature",
			"geometry" : {
				"type" : "Point",
				"coordinates" : [ -6.3426478262, 39.4796527747 ]
			},
			"properties" : {
				"NUCLEO" : "CACERES",
				"DISTRITO" : "NORTE",
				"BARRIO" : "CAMPUS UNIVERSITARIO",
				"CODBARRIO" : 6,
				"CODIGO_VIA" : 3425,
				"TIPO_VIA" : "AVDA",
				"NOMBRE_VIA" : "DE LA UNIVERSIDAD",
				"GESTION" : "PUBLICA",
				"URL_FICHA" : "https://sig.caceres.es/serweb/fichasig/fichamovilidadreducida.php?mslink=378",
				"URL_FOTO" : "https://sig.caceres.es/fotosOriginales/MOVILIDAD/3425_3_1.JPG",
				"URL_VIA" : "https://sig.caceres.es/serweb/fichasig/fichacalle.php?codigo=3425",
				"WGS84_X" : -6.342648,
				"WGS84_Y" : 39.479653,
				"COORD_X" : 728559,
				"COORD_Y" : 4373378
			}
		},
		{
			"type" : "Feature",
			"geometry" : {
				"type" : "Point",
				"coordinates" : [ -6.3427095526, 39.4796638184 ]
			},
			"properties" : {
				"NUCLEO" : "CACERES",
				"DISTRITO" : "NORTE",
				"BARRIO" : "CAMPUS UNIVERSITARIO",
				"CODBARRIO" : 6,
				"CODIGO_VIA" : 3425,
				"TIPO_VIA" : "AVDA",
				"NOMBRE_VIA" : "DE LA UNIVERSIDAD",
				"GESTION" : "PUBLICA",
				"URL_FICHA" : "https://sig.caceres.es/serweb/fichasig/fichamovilidadreducida.php?mslink=379",
				"URL_FOTO" : "https://sig.caceres.es/fotosOriginales/MOVILIDAD/3425_3_1.JPG",
				"URL_VIA" : "https://sig.caceres.es/serweb/fichasig/fichacalle.php?codigo=3425",
				"WGS84_X" : -6.34271,
				"WGS84_Y" : 39.479664,
				"COORD_X" : 728554,
				"COORD_Y" : 4373379
			}
		},
		{
			"type" : "Feature",
			"geometry" : {
				"type" : "Point",
				"coordinates" : [ -6.3426949617, 39.4797026485 ]
			},
			"properties" : {
				"NUCLEO" : "CACERES",
				"DISTRITO" : "NORTE",
				"BARRIO" : "CAMPUS UNIVERSITARIO",
				"CODBARRIO" : 6,
				"CODIGO_VIA" : 3425,
				"TIPO_VIA" : "AVDA",
				"NOMBRE_VIA" : "DE LA UNIVERSIDAD",
				"GESTION" : "PUBLICA",
				"URL_FICHA" : "https://sig.caceres.es/serweb/fichasig/fichamovilidadreducida.php?mslink=380",
				"URL_FOTO" : "https://sig.caceres.es/fotosOriginales/MOVILIDAD/3425_3_1.JPG",
				"URL_VIA" : "https://sig.caceres.es/serweb/fichasig/fichacalle.php?codigo=3425",
				"WGS84_X" : -6.342695,
				"WGS84_Y" : 39.479703,
				"COORD_X" : 728555,
				"COORD_Y" : 4373383
			}
		},
		{
			"type" : "Feature",
			"geometry" : {
				"type" : "Point",
				"coordinates" : [ -6.3388664707, 39.4780748262 ]
			},
			"properties" : {
				"NUCLEO" : "CACERES",
				"DISTRITO" : "NORTE",
				"BARRIO" : "CAMPUS UNIVERSITARIO",
				"CODBARRIO" : 6,
				"CODIGO_VIA" : 3425,
				"TIPO_VIA" : "AVDA",
				"NOMBRE_VIA" : "DE LA UNIVERSIDAD",
				"GESTION" : "PUBLICA",
				"URL_FICHA" : "https://sig.caceres.es/serweb/fichasig/fichamovilidadreducida.php?mslink=381",
				"URL_FOTO" : "https://sig.caceres.es/fotosOriginales/MOVILIDAD/3425_7_1.JPG",
				"URL_VIA" : "https://sig.caceres.es/serweb/fichasig/fichacalle.php?codigo=3425",
				"WGS84_X" : -6.338866,
				"WGS84_Y" : 39.478075,
				"COORD_X" : 728889,
				"COORD_Y" : 4373212
			}
		},
		{
			"type" : "Feature",
			"geometry" : {
				"type" : "Point",
				"coordinates" : [ -6.3390338836, 39.4780343948 ]
			},
			"properties" : {
				"NUCLEO" : "CACERES",
				"DISTRITO" : "NORTE",
				"BARRIO" : "CAMPUS UNIVERSITARIO",
				"CODBARRIO" : 6,
				"CODIGO_VIA" : 3425,
				"TIPO_VIA" : "AVDA",
				"NOMBRE_VIA" : "DE LA UNIVERSIDAD",
				"GESTION" : "PUBLICA",
				"URL_FICHA" : "https://sig.caceres.es/serweb/fichasig/fichamovilidadreducida.php?mslink=382",
				"URL_FOTO" : "https://sig.caceres.es/fotosOriginales/MOVILIDAD/3425_6_1.JPG",
				"URL_VIA" : "https://sig.caceres.es/serweb/fichasig/fichacalle.php?codigo=3425",
				"WGS84_X" : -6.339034,
				"WGS84_Y" : 39.478034,
				"COORD_X" : 728875,
				"COORD_Y" : 4373207
			}
		},
		{
			"type" : "Feature",
			"geometry" : {
				"type" : "Point",
				"coordinates" : [ -6.3455501352, 39.4798354938 ]
			},
			"properties" : {
				"NUCLEO" : "CACERES",
				"DISTRITO" : "NORTE",
				"BARRIO" : "CAMPUS UNIVERSITARIO",
				"CODBARRIO" : 6,
				"CODIGO_VIA" : 3425,
				"TIPO_VIA" : "AVDA",
				"NOMBRE_VIA" : "DE LA UNIVERSIDAD",
				"GESTION" : "PUBLICA",
				"URL_FICHA" : "https://sig.caceres.es/serweb/fichasig/fichamovilidadreducida.php?mslink=383",
				"URL_FOTO" : "https://sig.caceres.es/fotosOriginales/MOVILIDAD/3425_12_1.JPG",
				"URL_VIA" : "https://sig.caceres.es/serweb/fichasig/fichacalle.php?codigo=3425",
				"WGS84_X" : -6.34555,
				"WGS84_Y" : 39.479835,
				"COORD_X" : 728309,
				"COORD_Y" : 4373391
			}
		},
		{
			"type" : "Feature",
			"geometry" : {
				"type" : "Point",
				"coordinates" : [ -6.345523212, 39.4798760325 ]
			},
			"properties" : {
				"NUCLEO" : "CACERES",
				"DISTRITO" : "NORTE",
				"BARRIO" : "CAMPUS UNIVERSITARIO",
				"CODBARRIO" : 6,
				"CODIGO_VIA" : 3425,
				"TIPO_VIA" : "AVDA",
				"NOMBRE_VIA" : "DE LA UNIVERSIDAD",
				"GESTION" : "PUBLICA",
				"URL_FICHA" : "https://sig.caceres.es/serweb/fichasig/fichamovilidadreducida.php?mslink=384",
				"URL_FOTO" : "https://sig.caceres.es/fotosOriginales/MOVILIDAD/3425_12_1.JPG",
				"URL_VIA" : "https://sig.caceres.es/serweb/fichasig/fichacalle.php?codigo=3425",
				"WGS84_X" : -6.345523,
				"WGS84_Y" : 39.479876,
				"COORD_X" : 728311,
				"COORD_Y" : 4373395
			}
		},
		{
			"type" : "Feature",
			"geometry" : {
				"type" : "Point",
				"coordinates" : [ -6.3475204995, 39.4791293126 ]
			},
			"properties" : {
				"NUCLEO" : "CACERES",
				"DISTRITO" : "NORTE",
				"BARRIO" : "CAMPUS UNIVERSITARIO",
				"CODBARRIO" : 6,
				"CODIGO_VIA" : 3425,
				"TIPO_VIA" : "AVDA",
				"NOMBRE_VIA" : "DE LA UNIVERSIDAD",
				"GESTION" : "PUBLICA",
				"URL_FICHA" : "https://sig.caceres.es/serweb/fichasig/fichamovilidadreducida.php?mslink=385",
				"URL_FOTO" : "https://sig.caceres.es/fotosOriginales/MOVILIDAD/3425_15_1.JPG",
				"URL_VIA" : "https://sig.caceres.es/serweb/fichasig/fichacalle.php?codigo=3425",
				"WGS84_X" : -6.34752,
				"WGS84_Y" : 39.479129,
				"COORD_X" : 728142,
				"COORD_Y" : 4373307
			}
		},
		{
			"type" : "Feature",
			"geometry" : {
				"type" : "Point",
				"coordinates" : [ -6.3457055527, 39.4787651978 ]
			},
			"properties" : {
				"NUCLEO" : "CACERES",
				"DISTRITO" : "NORTE",
				"BARRIO" : "CAMPUS UNIVERSITARIO",
				"CODBARRIO" : 6,
				"CODIGO_VIA" : 3425,
				"TIPO_VIA" : "AVDA",
				"NOMBRE_VIA" : "DE LA UNIVERSIDAD",
				"GESTION" : "PUBLICA",
				"URL_FICHA" : "https://sig.caceres.es/serweb/fichasig/fichamovilidadreducida.php?mslink=387",
				"URL_FOTO" : "https://sig.caceres.es/fotosOriginales/MOVILIDAD/3425_18_1.JPG",
				"URL_VIA" : "https://sig.caceres.es/serweb/fichasig/fichacalle.php?codigo=3425",
				"WGS84_X" : -6.345706,
				"WGS84_Y" : 39.478765,
				"COORD_X" : 728299,
				"COORD_Y" : 4373271
			}
		},
		{
			"type" : "Feature",
			"geometry" : {
				"type" : "Point",
				"coordinates" : [ -6.3457677456, 39.478673649 ]
			},
			"properties" : {
				"NUCLEO" : "CACERES",
				"DISTRITO" : "NORTE",
				"BARRIO" : "CAMPUS UNIVERSITARIO",
				"CODBARRIO" : 6,
				"CODIGO_VIA" : 3425,
				"TIPO_VIA" : "AVDA",
				"NOMBRE_VIA" : "DE LA UNIVERSIDAD",
				"GESTION" : "PUBLICA",
				"URL_FICHA" : "https://sig.caceres.es/serweb/fichasig/fichamovilidadreducida.php?mslink=388",
				"URL_FOTO" : "https://sig.caceres.es/fotosOriginales/MOVILIDAD/3425_18_1.JPG",
				"URL_VIA" : "https://sig.caceres.es/serweb/fichasig/fichacalle.php?codigo=3425",
				"WGS84_X" : -6.345768,
				"WGS84_Y" : 39.478674,
				"COORD_X" : 728294,
				"COORD_Y" : 4373261
			}
		},
		{
			"type" : "Feature",
			"geometry" : {
				"type" : "Point",
				"coordinates" : [ -6.3457365806, 39.4787191231 ]
			},
			"properties" : {
				"NUCLEO" : "CACERES",
				"DISTRITO" : "NORTE",
				"BARRIO" : "CAMPUS UNIVERSITARIO",
				"CODBARRIO" : 6,
				"CODIGO_VIA" : 3425,
				"TIPO_VIA" : "AVDA",
				"NOMBRE_VIA" : "DE LA UNIVERSIDAD",
				"GESTION" : "PUBLICA",
				"URL_FICHA" : "https://sig.caceres.es/serweb/fichasig/fichamovilidadreducida.php?mslink=389",
				"URL_FOTO" : "https://sig.caceres.es/fotosOriginales/MOVILIDAD/3425_18_1.JPG",
				"URL_VIA" : "https://sig.caceres.es/serweb/fichasig/fichacalle.php?codigo=3425",
				"WGS84_X" : -6.345737,
				"WGS84_Y" : 39.478719,
				"COORD_X" : 728296,
				"COORD_Y" : 4373266
			}
		},
		{
			"type" : "Feature",
			"geometry" : {
				"type" : "Point",
				"coordinates" : [ -6.3454237561, 39.4789755256 ]
			},
			"properties" : {
				"NUCLEO" : "CACERES",
				"DISTRITO" : "NORTE",
				"BARRIO" : "CAMPUS UNIVERSITARIO",
				"CODBARRIO" : 6,
				"CODIGO_VIA" : 3425,
				"TIPO_VIA" : "AVDA",
				"NOMBRE_VIA" : "DE LA UNIVERSIDAD",
				"GESTION" : "PUBLICA",
				"URL_FICHA" : "https://sig.caceres.es/serweb/fichasig/fichamovilidadreducida.php?mslink=390",
				"URL_FOTO" : "https://sig.caceres.es/fotosOriginales/MOVILIDAD/3425_19_1.JPG",
				"URL_VIA" : "https://sig.caceres.es/serweb/fichasig/fichacalle.php?codigo=3425",
				"WGS84_X" : -6.345424,
				"WGS84_Y" : 39.478976,
				"COORD_X" : 728322,
				"COORD_Y" : 4373295
			}
		},
		{
			"type" : "Feature",
			"geometry" : {
				"type" : "Point",
				"coordinates" : [ -6.3453679538, 39.4789623672 ]
			},
			"properties" : {
				"NUCLEO" : "CACERES",
				"DISTRITO" : "NORTE",
				"BARRIO" : "CAMPUS UNIVERSITARIO",
				"CODBARRIO" : 6,
				"CODIGO_VIA" : 3425,
				"TIPO_VIA" : "AVDA",
				"NOMBRE_VIA" : "DE LA UNIVERSIDAD",
				"GESTION" : "PUBLICA",
				"URL_FICHA" : "https://sig.caceres.es/serweb/fichasig/fichamovilidadreducida.php?mslink=391",
				"URL_FOTO" : "https://sig.caceres.es/fotosOriginales/MOVILIDAD/3425_20_1.JPG",
				"URL_VIA" : "https://sig.caceres.es/serweb/fichasig/fichacalle.php?codigo=3425",
				"WGS84_X" : -6.345368,
				"WGS84_Y" : 39.478962,
				"COORD_X" : 728327,
				"COORD_Y" : 4373294
			}
		},
		{
			"type" : "Feature",
			"geometry" : {
				"type" : "Point",
				"coordinates" : [ -6.3453548587, 39.479073218 ]
			},
			"properties" : {
				"NUCLEO" : "CACERES",
				"DISTRITO" : "NORTE",
				"BARRIO" : "CAMPUS UNIVERSITARIO",
				"CODBARRIO" : 6,
				"CODIGO_VIA" : 3425,
				"TIPO_VIA" : "AVDA",
				"NOMBRE_VIA" : "DE LA UNIVERSIDAD",
				"GESTION" : "PUBLICA",
				"URL_FICHA" : "https://sig.caceres.es/serweb/fichasig/fichamovilidadreducida.php?mslink=392",
				"URL_FOTO" : "https://sig.caceres.es/fotosOriginales/MOVILIDAD/3425_21_1.JPG",
				"URL_VIA" : "https://sig.caceres.es/serweb/fichasig/fichacalle.php?codigo=3425",
				"WGS84_X" : -6.345355,
				"WGS84_Y" : 39.479073,
				"COORD_X" : 728328,
				"COORD_Y" : 4373306
			}
		},
		{
			"type" : "Feature",
			"geometry" : {
				"type" : "Point",
				"coordinates" : [ -6.3453047339, 39.4790491925 ]
			},
			"properties" : {
				"NUCLEO" : "CACERES",
				"DISTRITO" : "NORTE",
				"BARRIO" : "CAMPUS UNIVERSITARIO",
				"CODBARRIO" : 6,
				"CODIGO_VIA" : 3425,
				"TIPO_VIA" : "AVDA",
				"NOMBRE_VIA" : "DE LA UNIVERSIDAD",
				"GESTION" : "PUBLICA",
				"URL_FICHA" : "https://sig.caceres.es/serweb/fichasig/fichamovilidadreducida.php?mslink=393",
				"URL_FOTO" : "https://sig.caceres.es/fotosOriginales/MOVILIDAD/3425_22_1.JPG",
				"URL_VIA" : "https://sig.caceres.es/serweb/fichasig/fichacalle.php?codigo=3425",
				"WGS84_X" : -6.345305,
				"WGS84_Y" : 39.479049,
				"COORD_X" : 728332,
				"COORD_Y" : 4373304
			}
		},
		{
			"type" : "Feature",
			"geometry" : {
				"type" : "Point",
				"coordinates" : [ -6.3449049083, 39.4787725432 ]
			},
			"properties" : {
				"NUCLEO" : "CACERES",
				"DISTRITO" : "NORTE",
				"BARRIO" : "CAMPUS UNIVERSITARIO",
				"CODBARRIO" : 6,
				"CODIGO_VIA" : 3425,
				"TIPO_VIA" : "AVDA",
				"NOMBRE_VIA" : "DE LA UNIVERSIDAD",
				"GESTION" : "PUBLICA",
				"URL_FICHA" : "https://sig.caceres.es/serweb/fichasig/fichamovilidadreducida.php?mslink=394",
				"URL_FOTO" : "https://sig.caceres.es/fotosOriginales/MOVILIDAD/3425_23_1.JPG",
				"URL_VIA" : "https://sig.caceres.es/serweb/fichasig/fichacalle.php?codigo=3425",
				"WGS84_X" : -6.344905,
				"WGS84_Y" : 39.478773,
				"COORD_X" : 728368,
				"COORD_Y" : 4373274
			}
		},
		{
			"type" : "Feature",
			"geometry" : {
				"type" : "Point",
				"coordinates" : [ -6.3449961486, 39.478303112 ]
			},
			"properties" : {
				"NUCLEO" : "CACERES",
				"DISTRITO" : "NORTE",
				"BARRIO" : "CAMPUS UNIVERSITARIO",
				"CODBARRIO" : 6,
				"CODIGO_VIA" : 3425,
				"TIPO_VIA" : "AVDA",
				"NOMBRE_VIA" : "DE LA UNIVERSIDAD",
				"GESTION" : "PUBLICA",
				"URL_FICHA" : "https://sig.caceres.es/serweb/fichasig/fichamovilidadreducida.php?mslink=395",
				"URL_FOTO" : "https://sig.caceres.es/fotosOriginales/MOVILIDAD/3425_24_1.JPG",
				"URL_VIA" : "https://sig.caceres.es/serweb/fichasig/fichacalle.php?codigo=3425",
				"WGS84_X" : -6.344996,
				"WGS84_Y" : 39.478303,
				"COORD_X" : 728361,
				"COORD_Y" : 4373222
			}
		},
		{
			"type" : "Feature",
			"geometry" : {
				"type" : "Point",
				"coordinates" : [ -6.3448222629, 39.4784195854 ]
			},
			"properties" : {
				"NUCLEO" : "CACERES",
				"DISTRITO" : "NORTE",
				"BARRIO" : "CAMPUS UNIVERSITARIO",
				"CODBARRIO" : 6,
				"CODIGO_VIA" : 3425,
				"TIPO_VIA" : "AVDA",
				"NOMBRE_VIA" : "DE LA UNIVERSIDAD",
				"GESTION" : "PUBLICA",
				"URL_FICHA" : "https://sig.caceres.es/serweb/fichasig/fichamovilidadreducida.php?mslink=396",
				"URL_FOTO" : "https://sig.caceres.es/fotosOriginales/MOVILIDAD/3425_25_1.JPG",
				"URL_VIA" : "https://sig.caceres.es/serweb/fichasig/fichacalle.php?codigo=3425",
				"WGS84_X" : -6.344822,
				"WGS84_Y" : 39.47842,
				"COORD_X" : 728376,
				"COORD_Y" : 4373235
			}
		},
		{
			"type" : "Feature",
			"geometry" : {
				"type" : "Point",
				"coordinates" : [ -6.3448016303, 39.4784543826 ]
			},
			"properties" : {
				"NUCLEO" : "CACERES",
				"DISTRITO" : "NORTE",
				"BARRIO" : "CAMPUS UNIVERSITARIO",
				"CODBARRIO" : 6,
				"CODIGO_VIA" : 3425,
				"TIPO_VIA" : "AVDA",
				"NOMBRE_VIA" : "DE LA UNIVERSIDAD",
				"GESTION" : "PUBLICA",
				"URL_FICHA" : "https://sig.caceres.es/serweb/fichasig/fichamovilidadreducida.php?mslink=397",
				"URL_FOTO" : "https://sig.caceres.es/fotosOriginales/MOVILIDAD/3425_25_1.JPG",
				"URL_VIA" : "https://sig.caceres.es/serweb/fichasig/fichacalle.php?codigo=3425",
				"WGS84_X" : -6.344802,
				"WGS84_Y" : 39.478454,
				"COORD_X" : 728378,
				"COORD_Y" : 4373239
			}
		},
		{
			"type" : "Feature",
			"geometry" : {
				"type" : "Point",
				"coordinates" : [ -6.3437722647, 39.4800000359 ]
			},
			"properties" : {
				"NUCLEO" : "CACERES",
				"DISTRITO" : "NORTE",
				"BARRIO" : "CAMPUS UNIVERSITARIO",
				"CODBARRIO" : 6,
				"CODIGO_VIA" : 3425,
				"TIPO_VIA" : "AVDA",
				"NOMBRE_VIA" : "DE LA UNIVERSIDAD",
				"GESTION" : "PUBLICA",
				"URL_FICHA" : "https://sig.caceres.es/serweb/fichasig/fichamovilidadreducida.php?mslink=398",
				"URL_FOTO" : "https://sig.caceres.es/fotosOriginales/MOVILIDAD/3425_26_1.JPG",
				"URL_VIA" : "https://sig.caceres.es/serweb/fichasig/fichacalle.php?codigo=3425",
				"WGS84_X" : -6.343772,
				"WGS84_Y" : 39.48,
				"COORD_X" : 728461,
				"COORD_Y" : 4373413
			}
		},
		{
			"type" : "Feature",
			"geometry" : {
				"type" : "Point",
				"coordinates" : [ -6.3437806505, 39.4799815719 ]
			},
			"properties" : {
				"NUCLEO" : "CACERES",
				"DISTRITO" : "NORTE",
				"BARRIO" : "CAMPUS UNIVERSITARIO",
				"CODBARRIO" : 6,
				"CODIGO_VIA" : 3425,
				"TIPO_VIA" : "AVDA",
				"NOMBRE_VIA" : "DE LA UNIVERSIDAD",
				"GESTION" : "PUBLICA",
				"URL_FICHA" : "https://sig.caceres.es/serweb/fichasig/fichamovilidadreducida.php?mslink=399",
				"URL_FOTO" : "https://sig.caceres.es/fotosOriginales/MOVILIDAD/3425_26_1.JPG",
				"URL_VIA" : "https://sig.caceres.es/serweb/fichasig/fichacalle.php?codigo=3425",
				"WGS84_X" : -6.343781,
				"WGS84_Y" : 39.479982,
				"COORD_X" : 728460,
				"COORD_Y" : 4373411
			}
		},
		{
			"type" : "Feature",
			"geometry" : {
				"type" : "Point",
				"coordinates" : [ -6.344982649, 39.47880285 ]
			},
			"properties" : {
				"NUCLEO" : "CACERES",
				"DISTRITO" : "NORTE",
				"BARRIO" : "CAMPUS UNIVERSITARIO",
				"CODBARRIO" : 6,
				"CODIGO_VIA" : 3425,
				"TIPO_VIA" : "AVDA",
				"NOMBRE_VIA" : "DE LA UNIVERSIDAD",
				"GESTION" : "PUBLICA",
				"URL_FICHA" : "https://sig.caceres.es/serweb/fichasig/fichamovilidadreducida.php?mslink=400",
				"URL_FOTO" : "https://sig.caceres.es/fotosOriginales/MOVILIDAD/3425_27_1.JPG",
				"URL_VIA" : "https://sig.caceres.es/serweb/fichasig/fichacalle.php?codigo=3425",
				"WGS84_X" : -6.344983,
				"WGS84_Y" : 39.478803,
				"COORD_X" : 728361,
				"COORD_Y" : 4373277
			}
		},
		{
			"type" : "Feature",
			"geometry" : {
				"type" : "Point",
				"coordinates" : [ -6.352251937, 39.4796765898 ]
			},
			"properties" : {
				"NUCLEO" : "CACERES",
				"DISTRITO" : "NORTE",
				"BARRIO" : "CAMPUS UNIVERSITARIO",
				"CODBARRIO" : 6,
				"CODIGO_VIA" : 3425,
				"TIPO_VIA" : "AVDA",
				"NOMBRE_VIA" : "DE LA UNIVERSIDAD",
				"GESTION" : "PUBLICA",
				"URL_FICHA" : "https://sig.caceres.es/serweb/fichasig/fichamovilidadreducida.php?mslink=521",
				"URL_FOTO" : "https://sig.caceres.es/fotosOriginales/MOVILIDAD/3425_31_1.JPG",
				"URL_VIA" : "https://sig.caceres.es/serweb/fichasig/fichacalle.php?codigo=3425",
				"WGS84_X" : -6.352252,
				"WGS84_Y" : 39.479677,
				"COORD_X" : 727733,
				"COORD_Y" : 4373356
			}
		},
		{
			"type" : "Feature",
			"geometry" : {
				"type" : "Point",
				"coordinates" : [ -6.3522419228, 39.4796590191 ]
			},
			"properties" : {
				"NUCLEO" : "CACERES",
				"DISTRITO" : "NORTE",
				"BARRIO" : "CAMPUS UNIVERSITARIO",
				"CODBARRIO" : 6,
				"CODIGO_VIA" : 3425,
				"TIPO_VIA" : "AVDA",
				"NOMBRE_VIA" : "DE LA UNIVERSIDAD",
				"GESTION" : "PUBLICA",
				"URL_FICHA" : "https://sig.caceres.es/serweb/fichasig/fichamovilidadreducida.php?mslink=522",
				"URL_FOTO" : "https://sig.caceres.es/fotosOriginales/MOVILIDAD/3425_32_1.JPG",
				"URL_VIA" : "https://sig.caceres.es/serweb/fichasig/fichacalle.php?codigo=3425",
				"WGS84_X" : -6.352242,
				"WGS84_Y" : 39.479659,
				"COORD_X" : 727734,
				"COORD_Y" : 4373354
			}
		},
		{
			"type" : "Feature",
			"geometry" : {
				"type" : "Point",
				"coordinates" : [ -6.3456736561, 39.4788099166 ]
			},
			"properties" : {
				"NUCLEO" : "CACERES",
				"DISTRITO" : "NORTE",
				"BARRIO" : "CAMPUS UNIVERSITARIO",
				"CODBARRIO" : 6,
				"CODIGO_VIA" : 3425,
				"TIPO_VIA" : "AVDA",
				"NOMBRE_VIA" : "DE LA UNIVERSIDAD",
				"GESTION" : "PUBLICA",
				"URL_FICHA" : "https://sig.caceres.es/serweb/fichasig/fichamovilidadreducida.php?mslink=386",
				"URL_FOTO" : "https://sig.caceres.es/fotosOriginales/MOVILIDAD/3425_18_1.JPG",
				"URL_VIA" : "https://sig.caceres.es/serweb/fichasig/fichacalle.php?codigo=3425",
				"WGS84_X" : -6.345674,
				"WGS84_Y" : 39.47881,
				"COORD_X" : 728301,
				"COORD_Y" : 4373276
			}
		},
		{
			"type" : "Feature",
			"geometry" : {
				"type" : "Point",
				"coordinates" : [ -6.3456428118, 39.4788588689 ]
			},
			"properties" : {
				"NUCLEO" : "CACERES",
				"DISTRITO" : "NORTE",
				"BARRIO" : "CAMPUS UNIVERSITARIO",
				"CODBARRIO" : 6,
				"CODIGO_VIA" : 3425,
				"TIPO_VIA" : "AVDA",
				"NOMBRE_VIA" : "DE LA UNIVERSIDAD",
				"GESTION" : "PUBLICA",
				"URL_FICHA" : "https://sig.caceres.es/serweb/fichasig/fichamovilidadreducida.php?mslink=523",
				"URL_FOTO" : "https://sig.caceres.es/fotosOriginales/MOVILIDAD/3425_18_1.JPG",
				"URL_VIA" : "https://sig.caceres.es/serweb/fichasig/fichacalle.php?codigo=3425",
				"WGS84_X" : -6.345643,
				"WGS84_Y" : 39.478859,
				"COORD_X" : 728304,
				"COORD_Y" : 4373282
			}
		},
		{
			"type" : "Feature",
			"geometry" : {
				"type" : "Point",
				"coordinates" : [ -6.3419757163, 39.4765664274 ]
			},
			"properties" : {
				"NUCLEO" : "CACERES",
				"DISTRITO" : "NORTE",
				"BARRIO" : "CAMPUS UNIVERSITARIO",
				"CODBARRIO" : 14,
				"CODIGO_VIA" : 3425,
				"TIPO_VIA" : "AVDA",
				"NOMBRE_VIA" : "DE LA UNIVERSIDAD",
				"NUMPOL" : "60",
				"GESTION" : "PUBLICA",
				"URL_FICHA" : "https://sig.caceres.es/serweb/fichasig/fichamovilidadreducida.php?mslink=369",
				"URL_FOTO" : "https://sig.caceres.es/fotosOriginales/MOVILIDAD/3425_28_1.JPG",
				"URL_VIA" : "https://sig.caceres.es/serweb/fichasig/fichacalle.php?codigo=3425",
				"WGS84_X" : -6.341976,
				"WGS84_Y" : 39.476566,
				"COORD_X" : 728627,
				"COORD_Y" : 4373037
			}
		},
		{
			"type" : "Feature",
			"geometry" : {
				"type" : "Point",
				"coordinates" : [ -6.3420398652, 39.4765328634 ]
			},
			"properties" : {
				"NUCLEO" : "CACERES",
				"DISTRITO" : "NORTE",
				"BARRIO" : "CAMPUS UNIVERSITARIO",
				"CODBARRIO" : 14,
				"CODIGO_VIA" : 3425,
				"TIPO_VIA" : "AVDA",
				"NOMBRE_VIA" : "DE LA UNIVERSIDAD",
				"NUMPOL" : "60",
				"GESTION" : "PUBLICA",
				"URL_FICHA" : "https://sig.caceres.es/serweb/fichasig/fichamovilidadreducida.php?mslink=370",
				"URL_FOTO" : "https://sig.caceres.es/fotosOriginales/MOVILIDAD/3425_28_1.JPG",
				"URL_VIA" : "https://sig.caceres.es/serweb/fichasig/fichacalle.php?codigo=3425",
				"WGS84_X" : -6.34204,
				"WGS84_Y" : 39.476533,
				"COORD_X" : 728622,
				"COORD_Y" : 4373033
			}
		},
		{
			"type" : "Feature",
			"geometry" : {
				"type" : "Point",
				"coordinates" : [ -6.3394161347, 39.4740285135 ]
			},
			"properties" : {
				"NUCLEO" : "CACERES",
				"DISTRITO" : "NORTE",
				"BARRIO" : "CAMPUS UNIVERSITARIO",
				"CODBARRIO" : 14,
				"CODIGO_VIA" : 3983,
				"TIPO_VIA" : "CALLE",
				"NOMBRE_VIA" : "ARROYO DE VALHONDO",
				"GESTION" : "PUBLICA",
				"URL_FICHA" : "https://sig.caceres.es/serweb/fichasig/fichamovilidadreducida.php?mslink=371",
				"URL_FOTO" : "https://sig.caceres.es/fotosOriginales/MOVILIDAD/3983_1_1.JPG",
				"URL_VIA" : "https://sig.caceres.es/serweb/fichasig/fichacalle.php?codigo=3983",
				"WGS84_X" : -6.339416,
				"WGS84_Y" : 39.474029,
				"COORD_X" : 728855,
				"COORD_Y" : 4372762
			}
		},
		{
			"type" : "Feature",
			"geometry" : {
				"type" : "Point",
				"coordinates" : [ -6.3392805351, 39.4744991677 ]
			},
			"properties" : {
				"NUCLEO" : "CACERES",
				"DISTRITO" : "NORTE",
				"BARRIO" : "CAMPUS UNIVERSITARIO",
				"CODBARRIO" : 14,
				"CODIGO_VIA" : 3983,
				"TIPO_VIA" : "CALLE",
				"NOMBRE_VIA" : "ARROYO DE VALHONDO",
				"GESTION" : "PUBLICA",
				"URL_FICHA" : "https://sig.caceres.es/serweb/fichasig/fichamovilidadreducida.php?mslink=372",
				"URL_FOTO" : "https://sig.caceres.es/fotosOriginales/MOVILIDAD/3983_2_1.JPG",
				"URL_VIA" : "https://sig.caceres.es/serweb/fichasig/fichacalle.php?codigo=3983",
				"WGS84_X" : -6.339281,
				"WGS84_Y" : 39.474499,
				"COORD_X" : 728866,
				"COORD_Y" : 4372814
			}
		},
		{
			"type" : "Feature",
			"geometry" : {
				"type" : "Point",
				"coordinates" : [ -6.3329508496, 39.4770724874 ]
			},
			"properties" : {
				"NUCLEO" : "CACERES",
				"DISTRITO" : "NORTE",
				"BARRIO" : "CAMPUS UNIVERSITARIO",
				"CODBARRIO" : 14,
				"CODIGO_VIA" : 3425,
				"TIPO_VIA" : "AVDA",
				"NOMBRE_VIA" : "DE LA UNIVERSIDAD",
				"GESTION" : "PUBLICA",
				"URL_FICHA" : "https://sig.caceres.es/serweb/fichasig/fichamovilidadreducida.php?mslink=501",
				"URL_FOTO" : "https://sig.caceres.es/fotosOriginales/MOVILIDAD/3425_29_1.JPG",
				"URL_VIA" : "https://sig.caceres.es/serweb/fichasig/fichacalle.php?codigo=3425",
				"WGS84_X" : -6.332951,
				"WGS84_Y" : 39.477072,
				"COORD_X" : 729402,
				"COORD_Y" : 4373116
			}
		},
		{
			"type" : "Feature",
			"geometry" : {
				"type" : "Point",
				"coordinates" : [ -6.3329695767, 39.4770977843 ]
			},
			"properties" : {
				"NUCLEO" : "CACERES",
				"DISTRITO" : "NORTE",
				"BARRIO" : "CAMPUS UNIVERSITARIO",
				"CODBARRIO" : 14,
				"CODIGO_VIA" : 3425,
				"TIPO_VIA" : "AVDA",
				"NOMBRE_VIA" : "DE LA UNIVERSIDAD",
				"GESTION" : "PUBLICA",
				"URL_FICHA" : "https://sig.caceres.es/serweb/fichasig/fichamovilidadreducida.php?mslink=502",
				"URL_FOTO" : "https://sig.caceres.es/fotosOriginales/MOVILIDAD/3425_29_1.JPG",
				"URL_VIA" : "https://sig.caceres.es/serweb/fichasig/fichacalle.php?codigo=3425",
				"WGS84_X" : -6.33297,
				"WGS84_Y" : 39.477098,
				"COORD_X" : 729400,
				"COORD_Y" : 4373119
			}
		},
		{
			"type" : "Feature",
			"geometry" : {
				"type" : "Point",
				"coordinates" : [ -6.3329932973, 39.4771256957 ]
			},
			"properties" : {
				"NUCLEO" : "CACERES",
				"DISTRITO" : "NORTE",
				"BARRIO" : "CAMPUS UNIVERSITARIO",
				"CODBARRIO" : 14,
				"CODIGO_VIA" : 3425,
				"TIPO_VIA" : "AVDA",
				"NOMBRE_VIA" : "DE LA UNIVERSIDAD",
				"GESTION" : "PUBLICA",
				"URL_FICHA" : "https://sig.caceres.es/serweb/fichasig/fichamovilidadreducida.php?mslink=503",
				"URL_FOTO" : "https://sig.caceres.es/fotosOriginales/MOVILIDAD/3425_29_1.JPG",
				"URL_VIA" : "https://sig.caceres.es/serweb/fichasig/fichacalle.php?codigo=3425",
				"WGS84_X" : -6.332993,
				"WGS84_Y" : 39.477126,
				"COORD_X" : 729398,
				"COORD_Y" : 4373122
			}
		},
		{
			"type" : "Feature",
			"geometry" : {
				"type" : "Point",
				"coordinates" : [ -6.3330093808, 39.4771490899 ]
			},
			"properties" : {
				"NUCLEO" : "CACERES",
				"DISTRITO" : "NORTE",
				"BARRIO" : "CAMPUS UNIVERSITARIO",
				"CODBARRIO" : 14,
				"CODIGO_VIA" : 3425,
				"TIPO_VIA" : "AVDA",
				"NOMBRE_VIA" : "DE LA UNIVERSIDAD",
				"GESTION" : "PUBLICA",
				"URL_FICHA" : "https://sig.caceres.es/serweb/fichasig/fichamovilidadreducida.php?mslink=504",
				"URL_FOTO" : "https://sig.caceres.es/fotosOriginales/MOVILIDAD/3425_29_1.JPG",
				"URL_VIA" : "https://sig.caceres.es/serweb/fichasig/fichacalle.php?codigo=3425",
				"WGS84_X" : -6.333009,
				"WGS84_Y" : 39.477149,
				"COORD_X" : 729396,
				"COORD_Y" : 4373124
			}
		},
		{
			"type" : "Feature",
			"geometry" : {
				"type" : "Point",
				"coordinates" : [ -6.3330317719, 39.4771787603 ]
			},
			"properties" : {
				"NUCLEO" : "CACERES",
				"DISTRITO" : "NORTE",
				"BARRIO" : "CAMPUS UNIVERSITARIO",
				"CODBARRIO" : 14,
				"CODIGO_VIA" : 3425,
				"TIPO_VIA" : "AVDA",
				"NOMBRE_VIA" : "DE LA UNIVERSIDAD",
				"GESTION" : "PUBLICA",
				"URL_FICHA" : "https://sig.caceres.es/serweb/fichasig/fichamovilidadreducida.php?mslink=505",
				"URL_FOTO" : "https://sig.caceres.es/fotosOriginales/MOVILIDAD/3425_29_1.JPG",
				"URL_VIA" : "https://sig.caceres.es/serweb/fichasig/fichacalle.php?codigo=3425",
				"WGS84_X" : -6.333032,
				"WGS84_Y" : 39.477179,
				"COORD_X" : 729394,
				"COORD_Y" : 4373127
			}
		},
		{
			"type" : "Feature",
			"geometry" : {
				"type" : "Point",
				"coordinates" : [ -6.3330551992, 39.477209612 ]
			},
			"properties" : {
				"NUCLEO" : "CACERES",
				"DISTRITO" : "NORTE",
				"BARRIO" : "CAMPUS UNIVERSITARIO",
				"CODBARRIO" : 14,
				"CODIGO_VIA" : 3425,
				"TIPO_VIA" : "AVDA",
				"NOMBRE_VIA" : "DE LA UNIVERSIDAD",
				"GESTION" : "PUBLICA",
				"URL_FICHA" : "https://sig.caceres.es/serweb/fichasig/fichamovilidadreducida.php?mslink=506",
				"URL_FOTO" : "https://sig.caceres.es/fotosOriginales/MOVILIDAD/3425_29_1.JPG",
				"URL_VIA" : "https://sig.caceres.es/serweb/fichasig/fichacalle.php?codigo=3425",
				"WGS84_X" : -6.333055,
				"WGS84_Y" : 39.47721,
				"COORD_X" : 729392,
				"COORD_Y" : 4373131
			}
		},
		{
			"type" : "Feature",
			"geometry" : {
				"type" : "Point",
				"coordinates" : [ -6.3330751735, 39.4772355953 ]
			},
			"properties" : {
				"NUCLEO" : "CACERES",
				"DISTRITO" : "NORTE",
				"BARRIO" : "CAMPUS UNIVERSITARIO",
				"CODBARRIO" : 14,
				"CODIGO_VIA" : 3425,
				"TIPO_VIA" : "AVDA",
				"NOMBRE_VIA" : "DE LA UNIVERSIDAD",
				"GESTION" : "PUBLICA",
				"URL_FICHA" : "https://sig.caceres.es/serweb/fichasig/fichamovilidadreducida.php?mslink=507",
				"URL_FOTO" : "https://sig.caceres.es/fotosOriginales/MOVILIDAD/3425_29_1.JPG",
				"URL_VIA" : "https://sig.caceres.es/serweb/fichasig/fichacalle.php?codigo=3425",
				"WGS84_X" : -6.333075,
				"WGS84_Y" : 39.477236,
				"COORD_X" : 729390,
				"COORD_Y" : 4373134
			}
		},
		{
			"type" : "Feature",
			"geometry" : {
				"type" : "Point",
				"coordinates" : [ -6.3330932444, 39.4772608686 ]
			},
			"properties" : {
				"NUCLEO" : "CACERES",
				"DISTRITO" : "NORTE",
				"BARRIO" : "CAMPUS UNIVERSITARIO",
				"CODBARRIO" : 14,
				"CODIGO_VIA" : 3425,
				"TIPO_VIA" : "AVDA",
				"NOMBRE_VIA" : "DE LA UNIVERSIDAD",
				"GESTION" : "PUBLICA",
				"URL_FICHA" : "https://sig.caceres.es/serweb/fichasig/fichamovilidadreducida.php?mslink=508",
				"URL_FOTO" : "https://sig.caceres.es/fotosOriginales/MOVILIDAD/3425_29_1.JPG",
				"URL_VIA" : "https://sig.caceres.es/serweb/fichasig/fichacalle.php?codigo=3425",
				"WGS84_X" : -6.333093,
				"WGS84_Y" : 39.477261,
				"COORD_X" : 729389,
				"COORD_Y" : 4373136
			}
		},
		{
			"type" : "Feature",
			"geometry" : {
				"type" : "Point",
				"coordinates" : [ -6.333113256, 39.4772884604 ]
			},
			"properties" : {
				"NUCLEO" : "CACERES",
				"DISTRITO" : "NORTE",
				"BARRIO" : "CAMPUS UNIVERSITARIO",
				"CODBARRIO" : 14,
				"CODIGO_VIA" : 3425,
				"TIPO_VIA" : "AVDA",
				"NOMBRE_VIA" : "DE LA UNIVERSIDAD",
				"GESTION" : "PUBLICA",
				"URL_FICHA" : "https://sig.caceres.es/serweb/fichasig/fichamovilidadreducida.php?mslink=509",
				"URL_FOTO" : "https://sig.caceres.es/fotosOriginales/MOVILIDAD/3425_29_1.JPG",
				"URL_VIA" : "https://sig.caceres.es/serweb/fichasig/fichacalle.php?codigo=3425",
				"WGS84_X" : -6.333113,
				"WGS84_Y" : 39.477288,
				"COORD_X" : 729387,
				"COORD_Y" : 4373139
			}
		},
		{
			"type" : "Feature",
			"geometry" : {
				"type" : "Point",
				"coordinates" : [ -6.3331392641, 39.4773155582 ]
			},
			"properties" : {
				"NUCLEO" : "CACERES",
				"DISTRITO" : "NORTE",
				"BARRIO" : "CAMPUS UNIVERSITARIO",
				"CODBARRIO" : 14,
				"CODIGO_VIA" : 3425,
				"TIPO_VIA" : "AVDA",
				"NOMBRE_VIA" : "DE LA UNIVERSIDAD",
				"GESTION" : "PUBLICA",
				"URL_FICHA" : "https://sig.caceres.es/serweb/fichasig/fichamovilidadreducida.php?mslink=510",
				"URL_FOTO" : "https://sig.caceres.es/fotosOriginales/MOVILIDAD/3425_29_1.JPG",
				"URL_VIA" : "https://sig.caceres.es/serweb/fichasig/fichacalle.php?codigo=3425",
				"WGS84_X" : -6.333139,
				"WGS84_Y" : 39.477316,
				"COORD_X" : 729385,
				"COORD_Y" : 4373142
			}
		},
		{
			"type" : "Feature",
			"geometry" : {
				"type" : "Point",
				"coordinates" : [ -6.333162443, 39.4773465397 ]
			},
			"properties" : {
				"NUCLEO" : "CACERES",
				"DISTRITO" : "NORTE",
				"BARRIO" : "CAMPUS UNIVERSITARIO",
				"CODBARRIO" : 14,
				"CODIGO_VIA" : 3425,
				"TIPO_VIA" : "AVDA",
				"NOMBRE_VIA" : "DE LA UNIVERSIDAD",
				"GESTION" : "PUBLICA",
				"URL_FICHA" : "https://sig.caceres.es/serweb/fichasig/fichamovilidadreducida.php?mslink=511",
				"URL_FOTO" : "https://sig.caceres.es/fotosOriginales/MOVILIDAD/3425_29_1.JPG",
				"URL_VIA" : "https://sig.caceres.es/serweb/fichasig/fichacalle.php?codigo=3425",
				"WGS84_X" : -6.333162,
				"WGS84_Y" : 39.477347,
				"COORD_X" : 729383,
				"COORD_Y" : 4373146
			}
		},
		{
			"type" : "Feature",
			"geometry" : {
				"type" : "Point",
				"coordinates" : [ -6.3307558545, 39.4767067718 ]
			},
			"properties" : {
				"NUCLEO" : "CACERES",
				"DISTRITO" : "NORTE",
				"BARRIO" : "CAMPUS UNIVERSITARIO",
				"CODBARRIO" : 14,
				"CODIGO_VIA" : 3425,
				"TIPO_VIA" : "AVDA",
				"NOMBRE_VIA" : "DE LA UNIVERSIDAD",
				"GESTION" : "PUBLICA",
				"URL_FICHA" : "https://sig.caceres.es/serweb/fichasig/fichamovilidadreducida.php?mslink=607",
				"URL_VIA" : "https://sig.caceres.es/serweb/fichasig/fichacalle.php?codigo=3425",
				"WGS84_X" : -6.330756,
				"WGS84_Y" : 39.476707,
				"COORD_X" : 729592,
				"COORD_Y" : 4373081
			}
		},
		{
			"type" : "Feature",
			"geometry" : {
				"type" : "Point",
				"coordinates" : [ -6.3307265159, 39.4766844657 ]
			},
			"properties" : {
				"NUCLEO" : "CACERES",
				"DISTRITO" : "NORTE",
				"BARRIO" : "CAMPUS UNIVERSITARIO",
				"CODBARRIO" : 14,
				"CODIGO_VIA" : 3425,
				"TIPO_VIA" : "AVDA",
				"NOMBRE_VIA" : "DE LA UNIVERSIDAD",
				"GESTION" : "PUBLICA",
				"URL_FICHA" : "https://sig.caceres.es/serweb/fichasig/fichamovilidadreducida.php?mslink=608",
				"URL_VIA" : "https://sig.caceres.es/serweb/fichasig/fichacalle.php?codigo=3425",
				"WGS84_X" : -6.330727,
				"WGS84_Y" : 39.476684,
				"COORD_X" : 729594,
				"COORD_Y" : 4373078
			}
		},
		{
			"type" : "Feature",
			"geometry" : {
				"type" : "Point",
				"coordinates" : [ -6.3288943207, 39.4761069527 ]
			},
			"properties" : {
				"NUCLEO" : "CACERES",
				"DISTRITO" : "NORTE",
				"BARRIO" : "CAMPUS UNIVERSITARIO",
				"CODBARRIO" : 14,
				"CODIGO_VIA" : 3425,
				"TIPO_VIA" : "AVDA",
				"NOMBRE_VIA" : "DE LA UNIVERSIDAD",
				"GESTION" : "PUBLICA",
				"URL_FICHA" : "https://sig.caceres.es/serweb/fichasig/fichamovilidadreducida.php?mslink=609",
				"URL_VIA" : "https://sig.caceres.es/serweb/fichasig/fichacalle.php?codigo=3425",
				"WGS84_X" : -6.328894,
				"WGS84_Y" : 39.476107,
				"COORD_X" : 729754,
				"COORD_Y" : 4373019
			}
		},
		{
			"type" : "Feature",
			"geometry" : {
				"type" : "Point",
				"coordinates" : [ -6.3288800833, 39.4761377838 ]
			},
			"properties" : {
				"NUCLEO" : "CACERES",
				"DISTRITO" : "NORTE",
				"BARRIO" : "CAMPUS UNIVERSITARIO",
				"CODBARRIO" : 14,
				"CODIGO_VIA" : 3425,
				"TIPO_VIA" : "AVDA",
				"NOMBRE_VIA" : "DE LA UNIVERSIDAD",
				"GESTION" : "PUBLICA",
				"URL_FICHA" : "https://sig.caceres.es/serweb/fichasig/fichamovilidadreducida.php?mslink=610",
				"URL_VIA" : "https://sig.caceres.es/serweb/fichasig/fichacalle.php?codigo=3425",
				"WGS84_X" : -6.32888,
				"WGS84_Y" : 39.476138,
				"COORD_X" : 729755,
				"COORD_Y" : 4373022
			}
		},
		{
			"type" : "Feature",
			"geometry" : {
				"type" : "Point",
				"coordinates" : [ -6.3293190995, 39.4757481068 ]
			},
			"properties" : {
				"NUCLEO" : "CACERES",
				"DISTRITO" : "NORTE",
				"BARRIO" : "CAMPUS UNIVERSITARIO",
				"CODBARRIO" : 14,
				"CODIGO_VIA" : 3425,
				"TIPO_VIA" : "AVDA",
				"NOMBRE_VIA" : "DE LA UNIVERSIDAD",
				"GESTION" : "PUBLICA",
				"URL_FICHA" : "https://sig.caceres.es/serweb/fichasig/fichamovilidadreducida.php?mslink=611",
				"URL_VIA" : "https://sig.caceres.es/serweb/fichasig/fichacalle.php?codigo=3425",
				"WGS84_X" : -6.329319,
				"WGS84_Y" : 39.475748,
				"COORD_X" : 729718,
				"COORD_Y" : 4372978
			}
		},
		{
			"type" : "Feature",
			"geometry" : {
				"type" : "Point",
				"coordinates" : [ -6.3293333926, 39.4757186049 ]
			},
			"properties" : {
				"NUCLEO" : "CACERES",
				"DISTRITO" : "NORTE",
				"BARRIO" : "CAMPUS UNIVERSITARIO",
				"CODBARRIO" : 14,
				"CODIGO_VIA" : 3425,
				"TIPO_VIA" : "AVDA",
				"NOMBRE_VIA" : "DE LA UNIVERSIDAD",
				"GESTION" : "PUBLICA",
				"URL_FICHA" : "https://sig.caceres.es/serweb/fichasig/fichamovilidadreducida.php?mslink=612",
				"URL_VIA" : "https://sig.caceres.es/serweb/fichasig/fichacalle.php?codigo=3425",
				"WGS84_X" : -6.329333,
				"WGS84_Y" : 39.475719,
				"COORD_X" : 729717,
				"COORD_Y" : 4372975
			}
		},
		{
			"type" : "Feature",
			"geometry" : {
				"type" : "Point",
				"coordinates" : [ -6.3293472504, 39.4756900676 ]
			},
			"properties" : {
				"NUCLEO" : "CACERES",
				"DISTRITO" : "NORTE",
				"BARRIO" : "CAMPUS UNIVERSITARIO",
				"CODBARRIO" : 14,
				"CODIGO_VIA" : 3425,
				"TIPO_VIA" : "AVDA",
				"NOMBRE_VIA" : "DE LA UNIVERSIDAD",
				"GESTION" : "PUBLICA",
				"URL_FICHA" : "https://sig.caceres.es/serweb/fichasig/fichamovilidadreducida.php?mslink=613",
				"URL_VIA" : "https://sig.caceres.es/serweb/fichasig/fichacalle.php?codigo=3425",
				"WGS84_X" : -6.329347,
				"WGS84_Y" : 39.47569,
				"COORD_X" : 729716,
				"COORD_Y" : 4372972
			}
		},
		{
			"type" : "Feature",
			"geometry" : {
				"type" : "Point",
				"coordinates" : [ -6.3293602024, 39.4756599196 ]
			},
			"properties" : {
				"NUCLEO" : "CACERES",
				"DISTRITO" : "NORTE",
				"BARRIO" : "CAMPUS UNIVERSITARIO",
				"CODBARRIO" : 14,
				"CODIGO_VIA" : 3425,
				"TIPO_VIA" : "AVDA",
				"NOMBRE_VIA" : "DE LA UNIVERSIDAD",
				"GESTION" : "PUBLICA",
				"URL_FICHA" : "https://sig.caceres.es/serweb/fichasig/fichamovilidadreducida.php?mslink=614",
				"URL_VIA" : "https://sig.caceres.es/serweb/fichasig/fichacalle.php?codigo=3425",
				"WGS84_X" : -6.32936,
				"WGS84_Y" : 39.47566,
				"COORD_X" : 729715,
				"COORD_Y" : 4372968
			}
		},
		{
			"type" : "Feature",
			"geometry" : {
				"type" : "Point",
				"coordinates" : [ -6.329372565, 39.475628689 ]
			},
			"properties" : {
				"NUCLEO" : "CACERES",
				"DISTRITO" : "NORTE",
				"BARRIO" : "CAMPUS UNIVERSITARIO",
				"CODBARRIO" : 14,
				"CODIGO_VIA" : 3425,
				"TIPO_VIA" : "AVDA",
				"NOMBRE_VIA" : "DE LA UNIVERSIDAD",
				"GESTION" : "PUBLICA",
				"URL_FICHA" : "https://sig.caceres.es/serweb/fichasig/fichamovilidadreducida.php?mslink=615",
				"URL_VIA" : "https://sig.caceres.es/serweb/fichasig/fichacalle.php?codigo=3425",
				"WGS84_X" : -6.329373,
				"WGS84_Y" : 39.475629,
				"COORD_X" : 729714,
				"COORD_Y" : 4372965
			}
		},
		{
			"type" : "Feature",
			"geometry" : {
				"type" : "Point",
				"coordinates" : [ -6.329384373, 39.4756006641 ]
			},
			"properties" : {
				"NUCLEO" : "CACERES",
				"DISTRITO" : "NORTE",
				"BARRIO" : "CAMPUS UNIVERSITARIO",
				"CODBARRIO" : 14,
				"CODIGO_VIA" : 3425,
				"TIPO_VIA" : "AVDA",
				"NOMBRE_VIA" : "DE LA UNIVERSIDAD",
				"GESTION" : "PUBLICA",
				"URL_FICHA" : "https://sig.caceres.es/serweb/fichasig/fichamovilidadreducida.php?mslink=616",
				"URL_VIA" : "https://sig.caceres.es/serweb/fichasig/fichacalle.php?codigo=3425",
				"WGS84_X" : -6.329384,
				"WGS84_Y" : 39.475601,
				"COORD_X" : 729713,
				"COORD_Y" : 4372962
			}
		},
		{
			"type" : "Feature",
			"geometry" : {
				"type" : "Point",
				"coordinates" : [ -6.3293988642, 39.4755702464 ]
			},
			"properties" : {
				"NUCLEO" : "CACERES",
				"DISTRITO" : "NORTE",
				"BARRIO" : "CAMPUS UNIVERSITARIO",
				"CODBARRIO" : 14,
				"CODIGO_VIA" : 3425,
				"TIPO_VIA" : "AVDA",
				"NOMBRE_VIA" : "DE LA UNIVERSIDAD",
				"GESTION" : "PUBLICA",
				"URL_FICHA" : "https://sig.caceres.es/serweb/fichasig/fichamovilidadreducida.php?mslink=617",
				"URL_VIA" : "https://sig.caceres.es/serweb/fichasig/fichacalle.php?codigo=3425",
				"WGS84_X" : -6.329399,
				"WGS84_Y" : 39.47557,
				"COORD_X" : 729712,
				"COORD_Y" : 4372958
			}
		},
		{
			"type" : "Feature",
			"geometry" : {
				"type" : "Point",
				"coordinates" : [ -6.3294122324, 39.4755408303 ]
			},
			"properties" : {
				"NUCLEO" : "CACERES",
				"DISTRITO" : "NORTE",
				"BARRIO" : "CAMPUS UNIVERSITARIO",
				"CODBARRIO" : 14,
				"CODIGO_VIA" : 3425,
				"TIPO_VIA" : "AVDA",
				"NOMBRE_VIA" : "DE LA UNIVERSIDAD",
				"GESTION" : "PUBLICA",
				"URL_FICHA" : "https://sig.caceres.es/serweb/fichasig/fichamovilidadreducida.php?mslink=618",
				"URL_VIA" : "https://sig.caceres.es/serweb/fichasig/fichacalle.php?codigo=3425",
				"WGS84_X" : -6.329412,
				"WGS84_Y" : 39.475541,
				"COORD_X" : 729711,
				"COORD_Y" : 4372955
			}
		},
		{
			"type" : "Feature",
			"geometry" : {
				"type" : "Point",
				"coordinates" : [ -6.3294246678, 39.4755109779 ]
			},
			"properties" : {
				"NUCLEO" : "CACERES",
				"DISTRITO" : "NORTE",
				"BARRIO" : "CAMPUS UNIVERSITARIO",
				"CODBARRIO" : 14,
				"CODIGO_VIA" : 3425,
				"TIPO_VIA" : "AVDA",
				"NOMBRE_VIA" : "DE LA UNIVERSIDAD",
				"GESTION" : "PUBLICA",
				"URL_FICHA" : "https://sig.caceres.es/serweb/fichasig/fichamovilidadreducida.php?mslink=619",
				"URL_VIA" : "https://sig.caceres.es/serweb/fichasig/fichacalle.php?codigo=3425",
				"WGS84_X" : -6.329425,
				"WGS84_Y" : 39.475511,
				"COORD_X" : 729710,
				"COORD_Y" : 4372952
			}
		},
		{
			"type" : "Feature",
			"geometry" : {
				"type" : "Point",
				"coordinates" : [ -6.329439692, 39.4754821688 ]
			},
			"properties" : {
				"NUCLEO" : "CACERES",
				"DISTRITO" : "NORTE",
				"BARRIO" : "CAMPUS UNIVERSITARIO",
				"CODBARRIO" : 14,
				"CODIGO_VIA" : 3425,
				"TIPO_VIA" : "AVDA",
				"NOMBRE_VIA" : "DE LA UNIVERSIDAD",
				"GESTION" : "PUBLICA",
				"URL_FICHA" : "https://sig.caceres.es/serweb/fichasig/fichamovilidadreducida.php?mslink=620",
				"URL_VIA" : "https://sig.caceres.es/serweb/fichasig/fichacalle.php?codigo=3425",
				"WGS84_X" : -6.32944,
				"WGS84_Y" : 39.475482,
				"COORD_X" : 729709,
				"COORD_Y" : 4372948
			}
		},
		{
			"type" : "Feature",
			"geometry" : {
				"type" : "Point",
				"coordinates" : [ -6.3294508697, 39.4754506695 ]
			},
			"properties" : {
				"NUCLEO" : "CACERES",
				"DISTRITO" : "NORTE",
				"BARRIO" : "CAMPUS UNIVERSITARIO",
				"CODBARRIO" : 14,
				"CODIGO_VIA" : 3425,
				"TIPO_VIA" : "AVDA",
				"NOMBRE_VIA" : "DE LA UNIVERSIDAD",
				"GESTION" : "PUBLICA",
				"URL_FICHA" : "https://sig.caceres.es/serweb/fichasig/fichamovilidadreducida.php?mslink=621",
				"URL_VIA" : "https://sig.caceres.es/serweb/fichasig/fichacalle.php?codigo=3425",
				"WGS84_X" : -6.329451,
				"WGS84_Y" : 39.475451,
				"COORD_X" : 729708,
				"COORD_Y" : 4372945
			}
		},
		{
			"type" : "Feature",
			"geometry" : {
				"type" : "Point",
				"coordinates" : [ -6.3294640284, 39.475421588 ]
			},
			"properties" : {
				"NUCLEO" : "CACERES",
				"DISTRITO" : "NORTE",
				"BARRIO" : "CAMPUS UNIVERSITARIO",
				"CODBARRIO" : 14,
				"CODIGO_VIA" : 3425,
				"TIPO_VIA" : "AVDA",
				"NOMBRE_VIA" : "DE LA UNIVERSIDAD",
				"GESTION" : "PUBLICA",
				"URL_FICHA" : "https://sig.caceres.es/serweb/fichasig/fichamovilidadreducida.php?mslink=622",
				"URL_VIA" : "https://sig.caceres.es/serweb/fichasig/fichacalle.php?codigo=3425",
				"WGS84_X" : -6.329464,
				"WGS84_Y" : 39.475422,
				"COORD_X" : 729707,
				"COORD_Y" : 4372941
			}
		},
		{
			"type" : "Feature",
			"geometry" : {
				"type" : "Point",
				"coordinates" : [ -6.329479369, 39.4753922505 ]
			},
			"properties" : {
				"NUCLEO" : "CACERES",
				"DISTRITO" : "NORTE",
				"BARRIO" : "CAMPUS UNIVERSITARIO",
				"CODBARRIO" : 14,
				"CODIGO_VIA" : 3425,
				"TIPO_VIA" : "AVDA",
				"NOMBRE_VIA" : "DE LA UNIVERSIDAD",
				"GESTION" : "PUBLICA",
				"URL_FICHA" : "https://sig.caceres.es/serweb/fichasig/fichamovilidadreducida.php?mslink=623",
				"URL_VIA" : "https://sig.caceres.es/serweb/fichasig/fichacalle.php?codigo=3425",
				"WGS84_X" : -6.329479,
				"WGS84_Y" : 39.475392,
				"COORD_X" : 729706,
				"COORD_Y" : 4372938
			}
		},
		{
			"type" : "Feature",
			"geometry" : {
				"type" : "Point",
				"coordinates" : [ -6.3294915177, 39.4753637579 ]
			},
			"properties" : {
				"NUCLEO" : "CACERES",
				"DISTRITO" : "NORTE",
				"BARRIO" : "CAMPUS UNIVERSITARIO",
				"CODBARRIO" : 14,
				"CODIGO_VIA" : 3425,
				"TIPO_VIA" : "AVDA",
				"NOMBRE_VIA" : "DE LA UNIVERSIDAD",
				"GESTION" : "PUBLICA",
				"URL_FICHA" : "https://sig.caceres.es/serweb/fichasig/fichamovilidadreducida.php?mslink=624",
				"URL_VIA" : "https://sig.caceres.es/serweb/fichasig/fichacalle.php?codigo=3425",
				"WGS84_X" : -6.329492,
				"WGS84_Y" : 39.475364,
				"COORD_X" : 729705,
				"COORD_Y" : 4372935
			}
		},
		{
			"type" : "Feature",
			"geometry" : {
				"type" : "Point",
				"coordinates" : [ -6.386889295, 39.4482919269 ]
			},
			"properties" : {
				"NUCLEO" : "CACERES",
				"DISTRITO" : "CENTRO",
				"BARRIO" : "BARRIADA MINERA",
				"CODBARRIO" : 3,
				"CODIGO_VIA" : 298,
				"TIPO_VIA" : "CALLE",
				"NOMBRE_VIA" : "MALPARTIDA DE CACERES",
				"GESTION" : "PUBLICA",
				"URL_FICHA" : "https://sig.caceres.es/serweb/fichasig/fichamovilidadreducida.php?mslink=243",
				"URL_FOTO" : "https://sig.caceres.es/fotosOriginales/MOVILIDAD/298_1_1.JPG",
				"URL_VIA" : "https://sig.caceres.es/serweb/fichasig/fichacalle.php?codigo=298",
				"WGS84_X" : -6.386889,
				"WGS84_Y" : 39.448292,
				"COORD_X" : 724854,
				"COORD_Y" : 4369785
			}
		},
		{
			"type" : "Feature",
			"geometry" : {
				"type" : "Point",
				"coordinates" : [ -6.3868540686, 39.4470903936 ]
			},
			"properties" : {
				"NUCLEO" : "CACERES",
				"DISTRITO" : "SUR",
				"BARRIO" : "BARRIADA MINERA",
				"CODBARRIO" : 3,
				"CODIGO_VIA" : 3331,
				"TIPO_VIA" : "CALLE",
				"NOMBRE_VIA" : "SANCHO DE FIGUEROA",
				"NUMPOL" : "36",
				"F_CREACION" : "03/04/2017",
				"F_REPINTAD" : "03/04/2017",
				"GESTION" : "PUBLICA",
				"URL_FICHA" : "https://sig.caceres.es/serweb/fichasig/fichamovilidadreducida.php?mslink=529",
				"URL_VIA" : "https://sig.caceres.es/serweb/fichasig/fichacalle.php?codigo=3331",
				"WGS84_X" : -6.386854,
				"WGS84_Y" : 39.44709,
				"COORD_X" : 724861,
				"COORD_Y" : 4369652
			}
		},
		{
			"type" : "Feature",
			"geometry" : {
				"type" : "Point",
				"coordinates" : [ -6.3881993479, 39.4493427761 ]
			},
			"properties" : {
				"NUCLEO" : "CACERES",
				"DISTRITO" : "SUR",
				"BARRIO" : "BARRIADA MINERA",
				"CODBARRIO" : 3,
				"CODIGO_VIA" : 298,
				"TIPO_VIA" : "CALLE",
				"NOMBRE_VIA" : "MALPARTIDA DE CACERES",
				"NUMPOL" : "2",
				"GESTION" : "PUBLICA",
				"URL_FICHA" : "https://sig.caceres.es/serweb/fichasig/fichamovilidadreducida.php?mslink=600",
				"URL_VIA" : "https://sig.caceres.es/serweb/fichasig/fichacalle.php?codigo=298",
				"WGS84_X" : -6.388199,
				"WGS84_Y" : 39.449343,
				"COORD_X" : 724738,
				"COORD_Y" : 4369898
			}
		},
		{
			"type" : "Feature",
			"geometry" : {
				"type" : "Point",
				"coordinates" : [ -6.3883647921, 39.4491723494 ]
			},
			"properties" : {
				"NUCLEO" : "CACERES",
				"DISTRITO" : "SUR",
				"BARRIO" : "BARRIADA MINERA",
				"CODBARRIO" : 3,
				"CODIGO_VIA" : 259,
				"TIPO_VIA" : "CALLE",
				"NOMBRE_VIA" : "JARAIZ DE LA VERA",
				"NUMPOL" : "4",
				"GESTION" : "PUBLICA",
				"URL_FICHA" : "https://sig.caceres.es/serweb/fichasig/fichamovilidadreducida.php?mslink=601",
				"URL_VIA" : "https://sig.caceres.es/serweb/fichasig/fichacalle.php?codigo=259",
				"WGS84_X" : -6.388365,
				"WGS84_Y" : 39.449172,
				"COORD_X" : 724724,
				"COORD_Y" : 4369879
			}
		},
		{
			"type" : "Feature",
			"geometry" : {
				"type" : "Point",
				"coordinates" : [ -6.3890609274, 39.4488176909 ]
			},
			"properties" : {
				"NUCLEO" : "CACERES",
				"DISTRITO" : "SUR",
				"BARRIO" : "BARRIADA MINERA",
				"CODBARRIO" : 3,
				"CODIGO_VIA" : 3331,
				"TIPO_VIA" : "CALLE",
				"NOMBRE_VIA" : "SANCHO DE FIGUEROA",
				"NUMPOL" : "4",
				"F_CREACION" : "5/7/2022",
				"GESTION" : "PUBLICA",
				"URL_FICHA" : "https://sig.caceres.es/serweb/fichasig/fichamovilidadreducida.php?mslink=638",
				"URL_FOTO" : "https://sig.caceres.es/fotosOriginales/MOVILIDAD/3331_1_1.JPG",
				"URL_VIA" : "https://sig.caceres.es/serweb/fichasig/fichacalle.php?codigo=3331",
				"WGS84_X" : -6.389061,
				"WGS84_Y" : 39.448818,
				"COORD_X" : 724666,
				"COORD_Y" : 4369838
			}
		},
		{
			"type" : "Feature",
			"geometry" : {
				"type" : "Point",
				"coordinates" : [ -6.375104026, 39.4577964497 ]
			},
			"properties" : {
				"NUCLEO" : "CACERES",
				"DISTRITO" : "SUR",
				"BARRIO" : "LAS TRECIENTAS",
				"CODBARRIO" : 38,
				"CODIGO_VIA" : 578,
				"TIPO_VIA" : "AVDA",
				"NOMBRE_VIA" : "DE LA BONDAD",
				"NUMPOL" : "44",
				"F_CREACION" : "04/05/21",
				"F_REPINTAD" : "04/05/21",
				"GESTION" : "PUBLICA",
				"URL_FICHA" : "https://sig.caceres.es/serweb/fichasig/fichamovilidadreducida.php?mslink=550",
				"URL_FOTO" : "https://sig.caceres.es/fotosOriginales/MOVILIDAD/578_4_1.JPG",
				"URL_VIA" : "https://sig.caceres.es/serweb/fichasig/fichacalle.php?codigo=578",
				"WGS84_X" : -6.375104,
				"WGS84_Y" : 39.457796,
				"COORD_X" : 725838,
				"COORD_Y" : 4370870
			}
		},
		{
			"type" : "Feature",
			"geometry" : {
				"type" : "Point",
				"coordinates" : [ -6.3743148659, 39.4575785406 ]
			},
			"properties" : {
				"NUCLEO" : "CACERES",
				"DISTRITO" : "SUR",
				"BARRIO" : "LAS TRECIENTAS",
				"CODBARRIO" : 38,
				"CODIGO_VIA" : 2235,
				"TIPO_VIA" : "CALLE",
				"NOMBRE_VIA" : "CRISTU BENDITU",
				"NUMPOL" : "13",
				"F_CREACION" : "22/6/22",
				"GESTION" : "PUBLICA",
				"URL_FICHA" : "https://sig.caceres.es/serweb/fichasig/fichamovilidadreducida.php?mslink=635",
				"URL_FOTO" : "https://sig.caceres.es/fotosOriginales/MOVILIDAD/2235_2_1.JPG",
				"URL_VIA" : "https://sig.caceres.es/serweb/fichasig/fichacalle.php?codigo=2235",
				"WGS84_X" : -6.374315,
				"WGS84_Y" : 39.457579,
				"COORD_X" : 725906,
				"COORD_Y" : 4370847
			}
		},
		{
			"type" : "Feature",
			"geometry" : {
				"type" : "Point",
				"coordinates" : [ -6.3716650601, 39.4565437027 ]
			},
			"properties" : {
				"NUCLEO" : "CACERES",
				"DISTRITO" : "SUR",
				"BARRIO" : "MALTRAVIESO",
				"CODBARRIO" : 43,
				"CODIGO_VIA" : 4058,
				"TIPO_VIA" : "CALLE",
				"NOMBRE_VIA" : "CUEVA DEL CONEJAR",
				"GESTION" : "PUBLICA",
				"URL_FICHA" : "https://sig.caceres.es/serweb/fichasig/fichamovilidadreducida.php?mslink=247",
				"URL_FOTO" : "https://sig.caceres.es/fotosOriginales/MOVILIDAD/4058_1_1.JPG",
				"URL_VIA" : "https://sig.caceres.es/serweb/fichasig/fichacalle.php?codigo=4058",
				"WGS84_X" : -6.371665,
				"WGS84_Y" : 39.456544,
				"COORD_X" : 726138,
				"COORD_Y" : 4370739
			}
		},
		{
			"type" : "Feature",
			"geometry" : {
				"type" : "Point",
				"coordinates" : [ -6.3716541711, 39.4564996673 ]
			},
			"properties" : {
				"NUCLEO" : "CACERES",
				"DISTRITO" : "SUR",
				"BARRIO" : "MALTRAVIESO",
				"CODBARRIO" : 43,
				"CODIGO_VIA" : 4058,
				"TIPO_VIA" : "CALLE",
				"NOMBRE_VIA" : "CUEVA DEL CONEJAR",
				"GESTION" : "PUBLICA",
				"URL_FICHA" : "https://sig.caceres.es/serweb/fichasig/fichamovilidadreducida.php?mslink=248",
				"URL_FOTO" : "https://sig.caceres.es/fotosOriginales/MOVILIDAD/4058_1_1.JPG",
				"URL_VIA" : "https://sig.caceres.es/serweb/fichasig/fichacalle.php?codigo=4058",
				"WGS84_X" : -6.371654,
				"WGS84_Y" : 39.4565,
				"COORD_X" : 726139,
				"COORD_Y" : 4370734
			}
		},
		{
			"type" : "Feature",
			"geometry" : {
				"type" : "Point",
				"coordinates" : [ -6.3716458011, 39.4564553646 ]
			},
			"properties" : {
				"NUCLEO" : "CACERES",
				"DISTRITO" : "SUR",
				"BARRIO" : "MALTRAVIESO",
				"CODBARRIO" : 43,
				"CODIGO_VIA" : 4058,
				"TIPO_VIA" : "CALLE",
				"NOMBRE_VIA" : "CUEVA DEL CONEJAR",
				"GESTION" : "PUBLICA",
				"URL_FICHA" : "https://sig.caceres.es/serweb/fichasig/fichamovilidadreducida.php?mslink=249",
				"URL_FOTO" : "https://sig.caceres.es/fotosOriginales/MOVILIDAD/4058_1_1.JPG",
				"URL_VIA" : "https://sig.caceres.es/serweb/fichasig/fichacalle.php?codigo=4058",
				"WGS84_X" : -6.371646,
				"WGS84_Y" : 39.456455,
				"COORD_X" : 726140,
				"COORD_Y" : 4370729
			}
		},
		{
			"type" : "Feature",
			"geometry" : {
				"type" : "Point",
				"coordinates" : [ -6.3754012327, 39.4600458081 ]
			},
			"properties" : {
				"NUCLEO" : "CACERES",
				"DISTRITO" : "SUR",
				"BARRIO" : "VERA CRUZ",
				"CODBARRIO" : 75,
				"CODIGO_VIA" : 578,
				"TIPO_VIA" : "AVDA",
				"NOMBRE_VIA" : "DE LA BONDAD",
				"NUMPOL" : "18",
				"F_REPINTAD" : "04/05/21",
				"GESTION" : "PUBLICA",
				"URL_FICHA" : "https://sig.caceres.es/serweb/fichasig/fichamovilidadreducida.php?mslink=244",
				"URL_FOTO" : "https://sig.caceres.es/fotosOriginales/MOVILIDAD/578_3_1.JPG",
				"URL_VIA" : "https://sig.caceres.es/serweb/fichasig/fichacalle.php?codigo=578",
				"WGS84_X" : -6.375401,
				"WGS84_Y" : 39.460046,
				"COORD_X" : 725805,
				"COORD_Y" : 4371119
			}
		},
		{
			"type" : "Feature",
			"geometry" : {
				"type" : "Point",
				"coordinates" : [ -6.3758191257, 39.460056331 ]
			},
			"properties" : {
				"NUCLEO" : "CACERES",
				"DISTRITO" : "SUR",
				"BARRIO" : "VERA CRUZ",
				"CODBARRIO" : 75,
				"CODIGO_VIA" : 3763,
				"TIPO_VIA" : "CALLE",
				"NOMBRE_VIA" : "MEJICO",
				"NUMPOL" : "6",
				"F_REPINTAD" : "04/05/21",
				"GESTION" : "PUBLICA",
				"URL_FICHA" : "https://sig.caceres.es/serweb/fichasig/fichamovilidadreducida.php?mslink=245",
				"URL_FOTO" : "https://sig.caceres.es/fotosOriginales/MOVILIDAD/3763_1_2.JPG",
				"URL_VIA" : "https://sig.caceres.es/serweb/fichasig/fichacalle.php?codigo=3763",
				"WGS84_X" : -6.375819,
				"WGS84_Y" : 39.460056,
				"COORD_X" : 725769,
				"COORD_Y" : 4371119
			}
		},
		{
			"type" : "Feature",
			"geometry" : {
				"type" : "Point",
				"coordinates" : [ -6.3761818595, 39.4603928023 ]
			},
			"properties" : {
				"NUCLEO" : "CACERES",
				"DISTRITO" : "SUR",
				"BARRIO" : "VERA CRUZ",
				"CODBARRIO" : 75,
				"CODIGO_VIA" : 3763,
				"TIPO_VIA" : "CALLE",
				"NOMBRE_VIA" : "MEJICO",
				"NUMPOL" : "4",
				"GESTION" : "PUBLICA",
				"URL_FICHA" : "https://sig.caceres.es/serweb/fichasig/fichamovilidadreducida.php?mslink=246",
				"URL_FOTO" : "https://sig.caceres.es/fotosOriginales/MOVILIDAD/3763_4_1.JPG",
				"URL_VIA" : "https://sig.caceres.es/serweb/fichasig/fichacalle.php?codigo=3763",
				"WGS84_X" : -6.376182,
				"WGS84_Y" : 39.460393,
				"COORD_X" : 725737,
				"COORD_Y" : 4371155
			}
		},
		{
			"type" : "Feature",
			"geometry" : {
				"type" : "Point",
				"coordinates" : [ -6.3762109663, 39.460702307 ]
			},
			"properties" : {
				"NUCLEO" : "CACERES",
				"DISTRITO" : "SUR",
				"BARRIO" : "VERA CRUZ",
				"CODBARRIO" : 75,
				"CODIGO_VIA" : 3763,
				"TIPO_VIA" : "CALLE",
				"NOMBRE_VIA" : "MEJICO",
				"NUMPOL" : "2",
				"F_CREACION" : "06/07/2017",
				"F_REPINTAD" : "06/07/2017",
				"GESTION" : "PUBLICA",
				"URL_FICHA" : "https://sig.caceres.es/serweb/fichasig/fichamovilidadreducida.php?mslink=544",
				"URL_FOTO" : "https://sig.caceres.es/fotosOriginales/MOVILIDAD/3763_2_1.JPG",
				"URL_VIA" : "https://sig.caceres.es/serweb/fichasig/fichacalle.php?codigo=3763",
				"WGS84_X" : -6.376211,
				"WGS84_Y" : 39.460702,
				"COORD_X" : 725733,
				"COORD_Y" : 4371189
			}
		},
		{
			"type" : "Feature",
			"geometry" : {
				"type" : "Point",
				"coordinates" : [ -6.3773373769, 39.4598100885 ]
			},
			"properties" : {
				"NUCLEO" : "CACERES",
				"DISTRITO" : "SUR",
				"BARRIO" : "VERA CRUZ",
				"CODBARRIO" : 75,
				"CODIGO_VIA" : 3010,
				"TIPO_VIA" : "RONDA",
				"NOMBRE_VIA" : "DE LA PIZARRA",
				"GESTION" : "PUBLICA",
				"URL_FICHA" : "https://sig.caceres.es/serweb/fichasig/fichamovilidadreducida.php?mslink=573",
				"URL_VIA" : "https://sig.caceres.es/serweb/fichasig/fichacalle.php?codigo=3010",
				"WGS84_X" : -6.377337,
				"WGS84_Y" : 39.45981,
				"COORD_X" : 725639,
				"COORD_Y" : 4371088
			}
		},
		{
			"type" : "Feature",
			"geometry" : {
				"type" : "Point",
				"coordinates" : [ -6.3762031587, 39.4606378236 ]
			},
			"properties" : {
				"NUCLEO" : "CACERES",
				"DISTRITO" : "SUR",
				"BARRIO" : "VERA CRUZ",
				"CODBARRIO" : 75,
				"CODIGO_VIA" : 3763,
				"TIPO_VIA" : "CALLE",
				"NOMBRE_VIA" : "MEJICO",
				"NUMPOL" : "2",
				"F_CREACION" : "18/05/2021",
				"GESTION" : "PUBLICA",
				"URL_FICHA" : "https://sig.caceres.es/serweb/fichasig/fichamovilidadreducida.php?mslink=598",
				"URL_FOTO" : "https://sig.caceres.es/fotosOriginales/MOVILIDAD/3763_5_1.JPG",
				"URL_VIA" : "https://sig.caceres.es/serweb/fichasig/fichacalle.php?codigo=3763",
				"WGS84_X" : -6.376203,
				"WGS84_Y" : 39.460638,
				"COORD_X" : 725734,
				"COORD_Y" : 4371182
			}
		},
		{
			"type" : "Feature",
			"geometry" : {
				"type" : "Point",
				"coordinates" : [ -6.373567685, 39.4756837079 ]
			},
			"properties" : {
				"NUCLEO" : "CACERES",
				"DISTRITO" : "CENTRO",
				"BARRIO" : "MARGALLO",
				"CODBARRIO" : 44,
				"CODIGO_VIA" : 353,
				"TIPO_VIA" : "PLAZA",
				"NOMBRE_VIA" : "OBISPO GALARZA",
				"GESTION" : "PUBLICA",
				"URL_FICHA" : "https://sig.caceres.es/serweb/fichasig/fichamovilidadreducida.php?mslink=144",
				"URL_FOTO" : "https://sig.caceres.es/fotosOriginales/MOVILIDAD/353_1_1.JPG",
				"URL_VIA" : "https://sig.caceres.es/serweb/fichasig/fichacalle.php?codigo=353",
				"WGS84_X" : -6.373568,
				"WGS84_Y" : 39.475684,
				"COORD_X" : 725912,
				"COORD_Y" : 4372859
			}
		},
		{
			"type" : "Feature",
			"geometry" : {
				"type" : "Point",
				"coordinates" : [ -6.374127528, 39.477989367 ]
			},
			"properties" : {
				"NUCLEO" : "CACERES",
				"DISTRITO" : "CENTRO",
				"BARRIO" : "MARGALLO",
				"CODBARRIO" : 44,
				"CODIGO_VIA" : 263,
				"TIPO_VIA" : "CALLE",
				"NOMBRE_VIA" : "BARRIO NUEVO",
				"NUMPOL" : "37",
				"GESTION" : "PUBLICA",
				"URL_FICHA" : "https://sig.caceres.es/serweb/fichasig/fichamovilidadreducida.php?mslink=145",
				"URL_FOTO" : "https://sig.caceres.es/fotosOriginales/MOVILIDAD/263_2_1.JPG",
				"URL_VIA" : "https://sig.caceres.es/serweb/fichasig/fichacalle.php?codigo=263",
				"WGS84_X" : -6.374128,
				"WGS84_Y" : 39.477989,
				"COORD_X" : 725856,
				"COORD_Y" : 4373114
			}
		},
		{
			"type" : "Feature",
			"geometry" : {
				"type" : "Point",
				"coordinates" : [ -6.373039083, 39.4761947452 ]
			},
			"properties" : {
				"NUCLEO" : "CACERES",
				"DISTRITO" : "CENTRO",
				"BARRIO" : "MARGALLO",
				"CODBARRIO" : 44,
				"CODIGO_VIA" : 263,
				"TIPO_VIA" : "CALLE",
				"NOMBRE_VIA" : "BARRIO NUEVO",
				"GESTION" : "PUBLICA",
				"URL_FICHA" : "https://sig.caceres.es/serweb/fichasig/fichamovilidadreducida.php?mslink=146",
				"URL_FOTO" : "https://sig.caceres.es/fotosOriginales/MOVILIDAD/263_1_1.JPG",
				"URL_VIA" : "https://sig.caceres.es/serweb/fichasig/fichacalle.php?codigo=263",
				"WGS84_X" : -6.373039,
				"WGS84_Y" : 39.476195,
				"COORD_X" : 725956,
				"COORD_Y" : 4372917
			}
		},
		{
			"type" : "Feature",
			"geometry" : {
				"type" : "Point",
				"coordinates" : [ -6.3720532031, 39.4767822119 ]
			},
			"properties" : {
				"NUCLEO" : "CACERES",
				"DISTRITO" : "CENTRO",
				"BARRIO" : "MARGALLO",
				"CODBARRIO" : 44,
				"CODIGO_VIA" : 213,
				"TIPO_VIA" : "CALLE",
				"NOMBRE_VIA" : "GENERAL MARGALLO",
				"F_CREACION" : "04/05/21",
				"F_REPINTAD" : "04/05/21",
				"GESTION" : "PUBLICA",
				"URL_FICHA" : "https://sig.caceres.es/serweb/fichasig/fichamovilidadreducida.php?mslink=554",
				"URL_FOTO" : "https://sig.caceres.es/fotosOriginales/MOVILIDAD/213_1_1.JPG",
				"URL_VIA" : "https://sig.caceres.es/serweb/fichasig/fichacalle.php?codigo=213",
				"WGS84_X" : -6.372053,
				"WGS84_Y" : 39.476782,
				"COORD_X" : 726039,
				"COORD_Y" : 4372985
			}
		},
		{
			"type" : "Feature",
			"geometry" : {
				"type" : "Point",
				"coordinates" : [ -6.373406001, 39.4761159334 ]
			},
			"properties" : {
				"NUCLEO" : "CACERES",
				"DISTRITO" : "CENTRO",
				"BARRIO" : "MARGALLO",
				"CODBARRIO" : 44,
				"CODIGO_VIA" : 1985,
				"TIPO_VIA" : "CALLE",
				"NOMBRE_VIA" : "ZURBARAN",
				"F_CREACION" : "04/05/21",
				"F_REPINTAD" : "04/05/21",
				"GESTION" : "PUBLICA",
				"URL_FICHA" : "https://sig.caceres.es/serweb/fichasig/fichamovilidadreducida.php?mslink=556",
				"URL_FOTO" : "https://sig.caceres.es/fotosOriginales/MOVILIDAD/1985_1_1.JPG",
				"URL_VIA" : "https://sig.caceres.es/serweb/fichasig/fichacalle.php?codigo=1985",
				"WGS84_X" : -6.373406,
				"WGS84_Y" : 39.476116,
				"COORD_X" : 725925,
				"COORD_Y" : 4372907
			}
		},
		{
			"type" : "Feature",
			"geometry" : {
				"type" : "Point",
				"coordinates" : [ -6.3706284813, 39.4772339606 ]
			},
			"properties" : {
				"NUCLEO" : "CACERES",
				"DISTRITO" : "CENTRO",
				"BARRIO" : "SANTIAGO",
				"CODBARRIO" : 44,
				"CODIGO_VIA" : 346,
				"TIPO_VIA" : "CALLE",
				"NOMBRE_VIA" : "NIDOS",
				"NUMPOL" : "12",
				"GESTION" : "PUBLICA",
				"URL_FICHA" : "https://sig.caceres.es/serweb/fichasig/fichamovilidadreducida.php?mslink=629",
				"URL_VIA" : "https://sig.caceres.es/serweb/fichasig/fichacalle.php?codigo=346",
				"WGS84_X" : -6.370628,
				"WGS84_Y" : 39.477234,
				"COORD_X" : 726160,
				"COORD_Y" : 4373038
			}
		},
		{
			"type" : "Feature",
			"geometry" : {
				"type" : "Point",
				"coordinates" : [ -6.3519896803, 39.4626854792 ]
			},
			"properties" : {
				"NUCLEO" : "CACERES",
				"DISTRITO" : "NORTE",
				"BARRIO" : "LA MONTAÑA",
				"CODBARRIO" : 64,
				"CODIGO_VIA" : 1024,
				"TIPO_VIA" : "CTRA",
				"NOMBRE_VIA" : "DE LA MONTAÑA",
				"GESTION" : "PUBLICA",
				"URL_FICHA" : "https://sig.caceres.es/serweb/fichasig/fichamovilidadreducida.php?mslink=512",
				"URL_FOTO" : "https://sig.caceres.es/fotosOriginales/MOVILIDAD/1024_1_1.JPG",
				"URL_VIA" : "https://sig.caceres.es/serweb/fichasig/fichacalle.php?codigo=1024",
				"WGS84_X" : -6.35199,
				"WGS84_Y" : 39.462685,
				"COORD_X" : 727811,
				"COORD_Y" : 4371471
			}
		},
		{
			"type" : "Feature",
			"geometry" : {
				"type" : "Point",
				"coordinates" : [ -6.368629371, 39.481967144 ]
			},
			"properties" : {
				"NUCLEO" : "CACERES",
				"DISTRITO" : "NORTE",
				"BARRIO" : "CEMENTERIO",
				"CODBARRIO" : 10,
				"CODIGO_VIA" : 3610,
				"TIPO_VIA" : "AVDA",
				"NOMBRE_VIA" : "DE EXTREMADURA",
				"GESTION" : "PUBLICA",
				"URL_FICHA" : "https://sig.caceres.es/serweb/fichasig/fichamovilidadreducida.php?mslink=651",
				"URL_VIA" : "https://sig.caceres.es/serweb/fichasig/fichacalle.php?codigo=3610",
				"WGS84_X" : -6.368629,
				"WGS84_Y" : 39.481967,
				"COORD_X" : 726317,
				"COORD_Y" : 4373569
			}
		},
		{
			"type" : "Feature",
			"geometry" : {
				"type" : "Point",
				"coordinates" : [ -6.3690706348, 39.4822005438 ]
			},
			"properties" : {
				"NUCLEO" : "CACERES",
				"DISTRITO" : "NORTE",
				"BARRIO" : "CEMENTERIO",
				"CODBARRIO" : 10,
				"CODIGO_VIA" : 3610,
				"TIPO_VIA" : "AVDA",
				"NOMBRE_VIA" : "DE EXTREMADURA",
				"GESTION" : "PUBLICA",
				"URL_FICHA" : "https://sig.caceres.es/serweb/fichasig/fichamovilidadreducida.php?mslink=652",
				"URL_VIA" : "https://sig.caceres.es/serweb/fichasig/fichacalle.php?codigo=3610",
				"WGS84_X" : -6.369071,
				"WGS84_Y" : 39.482201,
				"COORD_X" : 726278,
				"COORD_Y" : 4373594
			}
		},
		{
			"type" : "Feature",
			"geometry" : {
				"type" : "Point",
				"coordinates" : [ -6.3690603091, 39.4822460776 ]
			},
			"properties" : {
				"NUCLEO" : "CACERES",
				"DISTRITO" : "NORTE",
				"BARRIO" : "CEMENTERIO",
				"CODBARRIO" : 10,
				"CODIGO_VIA" : 3610,
				"TIPO_VIA" : "AVDA",
				"NOMBRE_VIA" : "DE EXTREMADURA",
				"GESTION" : "PUBLICA",
				"URL_FICHA" : "https://sig.caceres.es/serweb/fichasig/fichamovilidadreducida.php?mslink=653",
				"URL_VIA" : "https://sig.caceres.es/serweb/fichasig/fichacalle.php?codigo=3610",
				"WGS84_X" : -6.36906,
				"WGS84_Y" : 39.482246,
				"COORD_X" : 726279,
				"COORD_Y" : 4373599
			}
		},
		{
			"type" : "Feature",
			"geometry" : {
				"type" : "Point",
				"coordinates" : [ -6.3809643502, 39.4755023606 ]
			},
			"properties" : {
				"NUCLEO" : "CACERES",
				"DISTRITO" : "OESTE",
				"BARRIO" : "LA MADRILA",
				"CODBARRIO" : 33,
				"CODIGO_VIA" : 3534,
				"TIPO_VIA" : "CALLE",
				"NOMBRE_VIA" : "JOSE LUIS COTALLO",
				"GESTION" : "PUBLICA",
				"URL_FICHA" : "https://sig.caceres.es/serweb/fichasig/fichamovilidadreducida.php?mslink=652",
				"URL_FOTO" : "https://sig.caceres.es/fotosOriginales/MOVILIDAD/3534_2_1.JPG",
				"URL_VIA" : "https://sig.caceres.es/serweb/fichasig/fichacalle.php?codigo=3534",
				"WGS84_X" : -6.380964,
				"WGS84_Y" : 39.475502,
				"COORD_X" : 725276,
				"COORD_Y" : 4372820
			}
		},
		{
			"type" : "Feature",
			"geometry" : {
				"type" : "Point",
				"coordinates" : [ -6.3810617198, 39.4755590375 ]
			},
			"properties" : {
				"NUCLEO" : "CACERES",
				"DISTRITO" : "OESTE",
				"BARRIO" : "LA MADRILA",
				"CODBARRIO" : 33,
				"CODIGO_VIA" : 3534,
				"TIPO_VIA" : "CALLE",
				"NOMBRE_VIA" : "JOSE LUIS COTALLO",
				"GESTION" : "PUBLICA",
				"URL_FICHA" : "https://sig.caceres.es/serweb/fichasig/fichamovilidadreducida.php?mslink=651",
				"URL_FOTO" : "https://sig.caceres.es/fotosOriginales/MOVILIDAD/3534_1_1.JPG",
				"URL_VIA" : "https://sig.caceres.es/serweb/fichasig/fichacalle.php?codigo=3534",
				"WGS84_X" : -6.381062,
				"WGS84_Y" : 39.475559,
				"COORD_X" : 725268,
				"COORD_Y" : 4372826
			}
		},
		{
			"type" : "Feature",
			"geometry" : {
				"type" : "Point",
				"coordinates" : [ -6.3956682105, 39.467794226 ]
			},
			"properties" : {
				"NUCLEO" : "CACERES",
				"DISTRITO" : "OESTE",
				"BARRIO" : "ESTACION",
				"CODBARRIO" : 20,
				"CODIGO_VIA" : 4143,
				"TIPO_VIA" : "AVDA",
				"NOMBRE_VIA" : "DE LAS ARENAS",
				"GESTION" : "PRIVADA",
				"URL_FICHA" : "https://sig.caceres.es/serweb/fichasig/fichamovilidadreducida.php?mslink=653",
				"URL_FOTO" : "https://sig.caceres.es/fotosOriginales/MOVILIDAD/4143_2_1.JPG",
				"URL_VIA" : "https://sig.caceres.es/serweb/fichasig/fichacalle.php?codigo=4143",
				"WGS84_X" : -6.395668,
				"WGS84_Y" : 39.467794,
				"COORD_X" : 724036,
				"COORD_Y" : 4371928
			}
		},
		{
			"type" : "Feature",
			"geometry" : {
				"type" : "Point",
				"coordinates" : [ -6.3951216265, 39.4675341162 ]
			},
			"properties" : {
				"NUCLEO" : "CACERES",
				"DISTRITO" : "OESTE",
				"BARRIO" : "ESTACION",
				"CODBARRIO" : 20,
				"CODIGO_VIA" : 4143,
				"TIPO_VIA" : "AVDA",
				"NOMBRE_VIA" : "DE LAS ARENAS",
				"GESTION" : "PRIVADA",
				"URL_FICHA" : "https://sig.caceres.es/serweb/fichasig/fichamovilidadreducida.php?mslink=654",
				"URL_FOTO" : "https://sig.caceres.es/fotosOriginales/MOVILIDAD/4143_4_1.JPG",
				"URL_VIA" : "https://sig.caceres.es/serweb/fichasig/fichacalle.php?codigo=4143",
				"WGS84_X" : -6.395122,
				"WGS84_Y" : 39.467534,
				"COORD_X" : 724084,
				"COORD_Y" : 4371901
			}
		},
		{
			"type" : "Feature",
			"geometry" : {
				"type" : "Point",
				"coordinates" : [ -6.3951549569, 39.4675212706 ]
			},
			"properties" : {
				"NUCLEO" : "CACERES",
				"DISTRITO" : "OESTE",
				"BARRIO" : "ESTACION",
				"CODBARRIO" : 20,
				"CODIGO_VIA" : 4143,
				"TIPO_VIA" : "AVDA",
				"NOMBRE_VIA" : "DE LAS ARENAS",
				"GESTION" : "PRIVADA",
				"URL_FICHA" : "https://sig.caceres.es/serweb/fichasig/fichamovilidadreducida.php?mslink=655",
				"URL_FOTO" : "https://sig.caceres.es/fotosOriginales/MOVILIDAD/4143_4_1.JPG",
				"URL_VIA" : "https://sig.caceres.es/serweb/fichasig/fichacalle.php?codigo=4143",
				"WGS84_X" : -6.395155,
				"WGS84_Y" : 39.467521,
				"COORD_X" : 724081,
				"COORD_Y" : 4371899
			}
		},
		{
			"type" : "Feature",
			"geometry" : {
				"type" : "Point",
				"coordinates" : [ -6.3951812092, 39.4675127653 ]
			},
			"properties" : {
				"NUCLEO" : "CACERES",
				"DISTRITO" : "OESTE",
				"BARRIO" : "ESTACION",
				"CODBARRIO" : 20,
				"CODIGO_VIA" : 4143,
				"TIPO_VIA" : "AVDA",
				"NOMBRE_VIA" : "DE LAS ARENAS",
				"GESTION" : "PRIVADA",
				"URL_FICHA" : "https://sig.caceres.es/serweb/fichasig/fichamovilidadreducida.php?mslink=656",
				"URL_FOTO" : "https://sig.caceres.es/fotosOriginales/MOVILIDAD/4143_4_1.JPG",
				"URL_VIA" : "https://sig.caceres.es/serweb/fichasig/fichacalle.php?codigo=4143",
				"WGS84_X" : -6.395181,
				"WGS84_Y" : 39.467513,
				"COORD_X" : 724079,
				"COORD_Y" : 4371898
			}
		},
		{
			"type" : "Feature",
			"geometry" : {
				"type" : "Point",
				"coordinates" : [ -6.3952165603, 39.4674987205 ]
			},
			"properties" : {
				"NUCLEO" : "CACERES",
				"DISTRITO" : "OESTE",
				"BARRIO" : "ESTACION",
				"CODBARRIO" : 20,
				"CODIGO_VIA" : 4143,
				"TIPO_VIA" : "AVDA",
				"NOMBRE_VIA" : "DE LAS ARENAS",
				"GESTION" : "PRIVADA",
				"URL_FICHA" : "https://sig.caceres.es/serweb/fichasig/fichamovilidadreducida.php?mslink=657",
				"URL_FOTO" : "https://sig.caceres.es/fotosOriginales/MOVILIDAD/4143_4_1.JPG",
				"URL_VIA" : "https://sig.caceres.es/serweb/fichasig/fichacalle.php?codigo=4143",
				"WGS84_X" : -6.395217,
				"WGS84_Y" : 39.467499,
				"COORD_X" : 724076,
				"COORD_Y" : 4371896
			}
		},
		{
			"type" : "Feature",
			"geometry" : {
				"type" : "Point",
				"coordinates" : [ -6.3950762212, 39.4674435972 ]
			},
			"properties" : {
				"NUCLEO" : "CACERES",
				"DISTRITO" : "OESTE",
				"BARRIO" : "ESTACION",
				"CODBARRIO" : 20,
				"CODIGO_VIA" : 4143,
				"TIPO_VIA" : "AVDA",
				"NOMBRE_VIA" : "DE LAS ARENAS",
				"GESTION" : "PRIVADA",
				"URL_FICHA" : "https://sig.caceres.es/serweb/fichasig/fichamovilidadreducida.php?mslink=658",
				"URL_FOTO" : "https://sig.caceres.es/fotosOriginales/MOVILIDAD/4143_5_1.JPG",
				"URL_VIA" : "https://sig.caceres.es/serweb/fichasig/fichacalle.php?codigo=4143",
				"WGS84_X" : -6.395076,
				"WGS84_Y" : 39.467444,
				"COORD_X" : 724088,
				"COORD_Y" : 4371891
			}
		},
		{
			"type" : "Feature",
			"geometry" : {
				"type" : "Point",
				"coordinates" : [ -6.3951095515, 39.4674307515 ]
			},
			"properties" : {
				"NUCLEO" : "CACERES",
				"DISTRITO" : "OESTE",
				"BARRIO" : "ESTACION",
				"CODBARRIO" : 20,
				"CODIGO_VIA" : 4143,
				"TIPO_VIA" : "AVDA",
				"NOMBRE_VIA" : "DE LAS ARENAS",
				"GESTION" : "PRIVADA",
				"URL_FICHA" : "https://sig.caceres.es/serweb/fichasig/fichamovilidadreducida.php?mslink=659",
				"URL_FOTO" : "https://sig.caceres.es/fotosOriginales/MOVILIDAD/4143_5_1.JPG",
				"URL_VIA" : "https://sig.caceres.es/serweb/fichasig/fichacalle.php?codigo=4143",
				"WGS84_X" : -6.39511,
				"WGS84_Y" : 39.467431,
				"COORD_X" : 724085,
				"COORD_Y" : 4371889
			}
		},
		{
			"type" : "Feature",
			"geometry" : {
				"type" : "Point",
				"coordinates" : [ -6.3951358039, 39.4674222463 ]
			},
			"properties" : {
				"NUCLEO" : "CACERES",
				"DISTRITO" : "OESTE",
				"BARRIO" : "ESTACION",
				"CODBARRIO" : 20,
				"CODIGO_VIA" : 4143,
				"TIPO_VIA" : "AVDA",
				"NOMBRE_VIA" : "DE LAS ARENAS",
				"GESTION" : "PRIVADA",
				"URL_FICHA" : "https://sig.caceres.es/serweb/fichasig/fichamovilidadreducida.php?mslink=660",
				"URL_FOTO" : "https://sig.caceres.es/fotosOriginales/MOVILIDAD/4143_5_1.JPG",
				"URL_VIA" : "https://sig.caceres.es/serweb/fichasig/fichacalle.php?codigo=4143",
				"WGS84_X" : -6.395136,
				"WGS84_Y" : 39.467422,
				"COORD_X" : 724083,
				"COORD_Y" : 4371888
			}
		},
		{
			"type" : "Feature",
			"geometry" : {
				"type" : "Point",
				"coordinates" : [ -6.3951711549, 39.4674082015 ]
			},
			"properties" : {
				"NUCLEO" : "CACERES",
				"DISTRITO" : "OESTE",
				"BARRIO" : "ESTACION",
				"CODBARRIO" : 20,
				"CODIGO_VIA" : 4143,
				"TIPO_VIA" : "AVDA",
				"NOMBRE_VIA" : "DE LAS ARENAS",
				"GESTION" : "PRIVADA",
				"URL_FICHA" : "https://sig.caceres.es/serweb/fichasig/fichamovilidadreducida.php?mslink=661",
				"URL_FOTO" : "https://sig.caceres.es/fotosOriginales/MOVILIDAD/4143_5_1.JPG",
				"URL_VIA" : "https://sig.caceres.es/serweb/fichasig/fichacalle.php?codigo=4143",
				"WGS84_X" : -6.395171,
				"WGS84_Y" : 39.467408,
				"COORD_X" : 724080,
				"COORD_Y" : 4371886
			}
		},
		{
			"type" : "Feature",
			"geometry" : {
				"type" : "Point",
				"coordinates" : [ -6.3950578908, 39.4674052799 ]
			},
			"properties" : {
				"NUCLEO" : "CACERES",
				"DISTRITO" : "OESTE",
				"BARRIO" : "ESTACION",
				"CODBARRIO" : 20,
				"CODIGO_VIA" : 4143,
				"TIPO_VIA" : "AVDA",
				"NOMBRE_VIA" : "DE LAS ARENAS",
				"GESTION" : "PRIVADA",
				"URL_FICHA" : "https://sig.caceres.es/serweb/fichasig/fichamovilidadreducida.php?mslink=662",
				"URL_FOTO" : "https://sig.caceres.es/fotosOriginales/MOVILIDAD/4143_5_1.JPG",
				"URL_VIA" : "https://sig.caceres.es/serweb/fichasig/fichacalle.php?codigo=4143",
				"WGS84_X" : -6.395058,
				"WGS84_Y" : 39.467405,
				"COORD_X" : 724090,
				"COORD_Y" : 4371886
			}
		},
		{
			"type" : "Feature",
			"geometry" : {
				"type" : "Point",
				"coordinates" : [ -6.3950912211, 39.4673924342 ]
			},
			"properties" : {
				"NUCLEO" : "CACERES",
				"DISTRITO" : "OESTE",
				"BARRIO" : "ESTACION",
				"CODBARRIO" : 20,
				"CODIGO_VIA" : 4143,
				"TIPO_VIA" : "AVDA",
				"NOMBRE_VIA" : "DE LAS ARENAS",
				"GESTION" : "PRIVADA",
				"URL_FICHA" : "https://sig.caceres.es/serweb/fichasig/fichamovilidadreducida.php?mslink=663",
				"URL_FOTO" : "https://sig.caceres.es/fotosOriginales/MOVILIDAD/4143_5_1.JPG",
				"URL_VIA" : "https://sig.caceres.es/serweb/fichasig/fichacalle.php?codigo=4143",
				"WGS84_X" : -6.395091,
				"WGS84_Y" : 39.467392,
				"COORD_X" : 724087,
				"COORD_Y" : 4371885
			}
		},
		{
			"type" : "Feature",
			"geometry" : {
				"type" : "Point",
				"coordinates" : [ -6.3951174735, 39.4673839289 ]
			},
			"properties" : {
				"NUCLEO" : "CACERES",
				"DISTRITO" : "OESTE",
				"BARRIO" : "ESTACION",
				"CODBARRIO" : 20,
				"CODIGO_VIA" : 4143,
				"TIPO_VIA" : "AVDA",
				"NOMBRE_VIA" : "DE LAS ARENAS",
				"GESTION" : "PRIVADA",
				"URL_FICHA" : "https://sig.caceres.es/serweb/fichasig/fichamovilidadreducida.php?mslink=664",
				"URL_FOTO" : "https://sig.caceres.es/fotosOriginales/MOVILIDAD/4143_5_1.JPG",
				"URL_VIA" : "https://sig.caceres.es/serweb/fichasig/fichacalle.php?codigo=4143",
				"WGS84_X" : -6.395117,
				"WGS84_Y" : 39.467384,
				"COORD_X" : 724085,
				"COORD_Y" : 4371884
			}
		},
		{
			"type" : "Feature",
			"geometry" : {
				"type" : "Point",
				"coordinates" : [ -6.3951528245, 39.4673698842 ]
			},
			"properties" : {
				"NUCLEO" : "CACERES",
				"DISTRITO" : "OESTE",
				"BARRIO" : "ESTACION",
				"CODBARRIO" : 20,
				"CODIGO_VIA" : 4143,
				"TIPO_VIA" : "AVDA",
				"NOMBRE_VIA" : "DE LAS ARENAS",
				"GESTION" : "PRIVADA",
				"URL_FICHA" : "https://sig.caceres.es/serweb/fichasig/fichamovilidadreducida.php?mslink=665",
				"URL_FOTO" : "https://sig.caceres.es/fotosOriginales/MOVILIDAD/4143_5_1.JPG",
				"URL_VIA" : "https://sig.caceres.es/serweb/fichasig/fichacalle.php?codigo=4143",
				"WGS84_X" : -6.395153,
				"WGS84_Y" : 39.46737,
				"COORD_X" : 724082,
				"COORD_Y" : 4371882
			}
		},
		{
			"type" : "Feature",
			"geometry" : {
				"type" : "Point",
				"coordinates" : [ -6.3950117433, 39.4673197636 ]
			},
			"properties" : {
				"NUCLEO" : "CACERES",
				"DISTRITO" : "OESTE",
				"BARRIO" : "ESTACION",
				"CODBARRIO" : 20,
				"CODIGO_VIA" : 4143,
				"TIPO_VIA" : "AVDA",
				"NOMBRE_VIA" : "DE LAS ARENAS",
				"GESTION" : "PRIVADA",
				"URL_FICHA" : "https://sig.caceres.es/serweb/fichasig/fichamovilidadreducida.php?mslink=666",
				"URL_FOTO" : "https://sig.caceres.es/fotosOriginales/MOVILIDAD/4143_6_1.JPG",
				"URL_VIA" : "https://sig.caceres.es/serweb/fichasig/fichacalle.php?codigo=4143",
				"WGS84_X" : -6.395012,
				"WGS84_Y" : 39.46732,
				"COORD_X" : 724094,
				"COORD_Y" : 4371877
			}
		},
		{
			"type" : "Feature",
			"geometry" : {
				"type" : "Point",
				"coordinates" : [ -6.3950450736, 39.467306918 ]
			},
			"properties" : {
				"NUCLEO" : "CACERES",
				"DISTRITO" : "OESTE",
				"BARRIO" : "ESTACION",
				"CODBARRIO" : 20,
				"CODIGO_VIA" : 4143,
				"TIPO_VIA" : "AVDA",
				"NOMBRE_VIA" : "DE LAS ARENAS",
				"GESTION" : "PRIVADA",
				"URL_FICHA" : "https://sig.caceres.es/serweb/fichasig/fichamovilidadreducida.php?mslink=667",
				"URL_FOTO" : "https://sig.caceres.es/fotosOriginales/MOVILIDAD/4143_6_1.JPG",
				"URL_VIA" : "https://sig.caceres.es/serweb/fichasig/fichacalle.php?codigo=4143",
				"WGS84_X" : -6.395045,
				"WGS84_Y" : 39.467307,
				"COORD_X" : 724091,
				"COORD_Y" : 4371875
			}
		},
		{
			"type" : "Feature",
			"geometry" : {
				"type" : "Point",
				"coordinates" : [ -6.3950713259, 39.4672984127 ]
			},
			"properties" : {
				"NUCLEO" : "CACERES",
				"DISTRITO" : "OESTE",
				"BARRIO" : "ESTACION",
				"CODBARRIO" : 20,
				"CODIGO_VIA" : 4143,
				"TIPO_VIA" : "AVDA",
				"NOMBRE_VIA" : "DE LAS ARENAS",
				"GESTION" : "PRIVADA",
				"URL_FICHA" : "https://sig.caceres.es/serweb/fichasig/fichamovilidadreducida.php?mslink=668",
				"URL_FOTO" : "https://sig.caceres.es/fotosOriginales/MOVILIDAD/4143_6_1.JPG",
				"URL_VIA" : "https://sig.caceres.es/serweb/fichasig/fichacalle.php?codigo=4143",
				"WGS84_X" : -6.395071,
				"WGS84_Y" : 39.467298,
				"COORD_X" : 724089,
				"COORD_Y" : 4371874
			}
		},
		{
			"type" : "Feature",
			"geometry" : {
				"type" : "Point",
				"coordinates" : [ -6.3951066769, 39.467284368 ]
			},
			"properties" : {
				"NUCLEO" : "CACERES",
				"DISTRITO" : "OESTE",
				"BARRIO" : "ESTACION",
				"CODBARRIO" : 20,
				"CODIGO_VIA" : 4143,
				"TIPO_VIA" : "AVDA",
				"NOMBRE_VIA" : "DE LAS ARENAS",
				"GESTION" : "PRIVADA",
				"URL_FICHA" : "https://sig.caceres.es/serweb/fichasig/fichamovilidadreducida.php?mslink=669",
				"URL_FOTO" : "https://sig.caceres.es/fotosOriginales/MOVILIDAD/4143_6_1.JPG",
				"URL_VIA" : "https://sig.caceres.es/serweb/fichasig/fichacalle.php?codigo=4143",
				"WGS84_X" : -6.395107,
				"WGS84_Y" : 39.467284,
				"COORD_X" : 724086,
				"COORD_Y" : 4371873
			}
		},
		{
			"type" : "Feature",
			"geometry" : {
				"type" : "Point",
				"coordinates" : [ -6.394993413, 39.4672814463 ]
			},
			"properties" : {
				"NUCLEO" : "CACERES",
				"DISTRITO" : "OESTE",
				"BARRIO" : "ESTACION",
				"CODBARRIO" : 20,
				"CODIGO_VIA" : 4143,
				"TIPO_VIA" : "AVDA",
				"NOMBRE_VIA" : "DE LAS ARENAS",
				"GESTION" : "PRIVADA",
				"URL_FICHA" : "https://sig.caceres.es/serweb/fichasig/fichamovilidadreducida.php?mslink=670",
				"URL_FOTO" : "https://sig.caceres.es/fotosOriginales/MOVILIDAD/4143_6_1.JPG",
				"URL_VIA" : "https://sig.caceres.es/serweb/fichasig/fichacalle.php?codigo=4143",
				"WGS84_X" : -6.394993,
				"WGS84_Y" : 39.467281,
				"COORD_X" : 724096,
				"COORD_Y" : 4371873
			}
		},
		{
			"type" : "Feature",
			"geometry" : {
				"type" : "Point",
				"coordinates" : [ -6.3950267432, 39.4672686007 ]
			},
			"properties" : {
				"NUCLEO" : "CACERES",
				"DISTRITO" : "OESTE",
				"BARRIO" : "ESTACION",
				"CODBARRIO" : 20,
				"CODIGO_VIA" : 4143,
				"TIPO_VIA" : "AVDA",
				"NOMBRE_VIA" : "DE LAS ARENAS",
				"GESTION" : "PRIVADA",
				"URL_FICHA" : "https://sig.caceres.es/serweb/fichasig/fichamovilidadreducida.php?mslink=671",
				"URL_FOTO" : "https://sig.caceres.es/fotosOriginales/MOVILIDAD/4143_6_1.JPG",
				"URL_VIA" : "https://sig.caceres.es/serweb/fichasig/fichacalle.php?codigo=4143",
				"WGS84_X" : -6.395027,
				"WGS84_Y" : 39.467269,
				"COORD_X" : 724093,
				"COORD_Y" : 4371871
			}
		},
		{
			"type" : "Feature",
			"geometry" : {
				"type" : "Point",
				"coordinates" : [ -6.3950529955, 39.4672600954 ]
			},
			"properties" : {
				"NUCLEO" : "CACERES",
				"DISTRITO" : "OESTE",
				"BARRIO" : "ESTACION",
				"CODBARRIO" : 20,
				"CODIGO_VIA" : 4143,
				"TIPO_VIA" : "AVDA",
				"NOMBRE_VIA" : "DE LAS ARENAS",
				"GESTION" : "PRIVADA",
				"URL_FICHA" : "https://sig.caceres.es/serweb/fichasig/fichamovilidadreducida.php?mslink=672",
				"URL_FOTO" : "https://sig.caceres.es/fotosOriginales/MOVILIDAD/4143_6_1.JPG",
				"URL_VIA" : "https://sig.caceres.es/serweb/fichasig/fichacalle.php?codigo=4143",
				"WGS84_X" : -6.395053,
				"WGS84_Y" : 39.46726,
				"COORD_X" : 724091,
				"COORD_Y" : 4371870
			}
		},
		{
			"type" : "Feature",
			"geometry" : {
				"type" : "Point",
				"coordinates" : [ -6.3950883465, 39.4672460507 ]
			},
			"properties" : {
				"NUCLEO" : "CACERES",
				"DISTRITO" : "OESTE",
				"BARRIO" : "ESTACION",
				"CODBARRIO" : 20,
				"CODIGO_VIA" : 4143,
				"TIPO_VIA" : "AVDA",
				"NOMBRE_VIA" : "DE LAS ARENAS",
				"GESTION" : "PRIVADA",
				"URL_FICHA" : "https://sig.caceres.es/serweb/fichasig/fichamovilidadreducida.php?mslink=673",
				"URL_FOTO" : "https://sig.caceres.es/fotosOriginales/MOVILIDAD/4143_6_1.JPG",
				"URL_VIA" : "https://sig.caceres.es/serweb/fichasig/fichacalle.php?codigo=4143",
				"WGS84_X" : -6.395088,
				"WGS84_Y" : 39.467246,
				"COORD_X" : 724088,
				"COORD_Y" : 4371869
			}
		},
		{
			"type" : "Feature",
			"geometry" : {
				"type" : "Point",
				"coordinates" : [ -6.3630595528, 39.4702843423 ]
			},
			"properties" : {
				"NUCLEO" : "CACERES",
				"DISTRITO" : "CENTRO",
				"BARRIO" : "SAN MARQUINO",
				"CODBARRIO" : 68,
				"CODIGO_VIA" : 1024,
				"TIPO_VIA" : "CTRA",
				"NOMBRE_VIA" : "DE LA MONTAÑA",
				"GESTION" : "PUBLICA",
				"URL_FICHA" : "https://sig.caceres.es/serweb/fichasig/fichamovilidadreducida.php?mslink=674",
				"URL_FOTO" : "https://sig.caceres.es/fotosOriginales/MOVILIDAD/1024_2_1.JPG",
				"URL_VIA" : "https://sig.caceres.es/serweb/fichasig/fichacalle.php?codigo=1024",
				"WGS84_X" : -6.36306,
				"WGS84_Y" : 39.470284,
				"COORD_X" : 726834,
				"COORD_Y" : 4372286
			}
		},
		{
			"type" : "Feature",
			"geometry" : {
				"type" : "Point",
				"coordinates" : [ -6.3689091964, 39.4663299716 ]
			},
			"properties" : {
				"NUCLEO" : "CACERES",
				"DISTRITO" : "CENTRO",
				"BARRIO" : "EL RODEO",
				"CODBARRIO" : 17,
				"CODIGO_VIA" : 3809,
				"TIPO_VIA" : "AVDA",
				"NOMBRE_VIA" : "PABLO NARANJO PORRAS",
				"GESTION" : "PUBLICA",
				"URL_FICHA" : "https://sig.caceres.es/serweb/fichasig/fichamovilidadreducida.php?mslink=675",
				"URL_VIA" : "https://sig.caceres.es/serweb/fichasig/fichacalle.php?codigo=1024",
				"WGS84_X" : -6.368909,
				"WGS84_Y" : 39.46633,
				"COORD_X" : 726343,
				"COORD_Y" : 4371832
			}
		},
		{
			"type" : "Feature",
			"geometry" : {
				"type" : "Point",
				"coordinates" : [ -6.3689373328, 39.4663213058 ]
			},
			"properties" : {
				"NUCLEO" : "CACERES",
				"DISTRITO" : "CENTRO",
				"BARRIO" : "EL RODEO",
				"CODBARRIO" : 17,
				"CODIGO_VIA" : 3809,
				"TIPO_VIA" : "AVDA",
				"NOMBRE_VIA" : "PABLO NARANJO PORRAS",
				"GESTION" : "PUBLICA",
				"URL_FICHA" : "https://sig.caceres.es/serweb/fichasig/fichamovilidadreducida.php?mslink=676",
				"URL_VIA" : "https://sig.caceres.es/serweb/fichasig/fichacalle.php?codigo=1024",
				"WGS84_X" : -6.368937,
				"WGS84_Y" : 39.466321,
				"COORD_X" : 726341,
				"COORD_Y" : 4371831
			}
		},
		{
			"type" : "Feature",
			"geometry" : {
				"type" : "Point",
				"coordinates" : [ -6.3689642651, 39.4663135203 ]
			},
			"properties" : {
				"NUCLEO" : "CACERES",
				"DISTRITO" : "CENTRO",
				"BARRIO" : "EL RODEO",
				"CODBARRIO" : 17,
				"CODIGO_VIA" : 3809,
				"TIPO_VIA" : "AVDA",
				"NOMBRE_VIA" : "PABLO NARANJO PORRAS",
				"GESTION" : "PUBLICA",
				"URL_FICHA" : "https://sig.caceres.es/serweb/fichasig/fichamovilidadreducida.php?mslink=677",
				"URL_VIA" : "https://sig.caceres.es/serweb/fichasig/fichacalle.php?codigo=1024",
				"WGS84_X" : -6.368964,
				"WGS84_Y" : 39.466314,
				"COORD_X" : 726338,
				"COORD_Y" : 4371830
			}
		},
		{
			"type" : "Feature",
			"geometry" : {
				"type" : "Point",
				"coordinates" : [ -6.3690013042, 39.4663016525 ]
			},
			"properties" : {
				"NUCLEO" : "CACERES",
				"DISTRITO" : "CENTRO",
				"BARRIO" : "EL RODEO",
				"CODBARRIO" : 17,
				"CODIGO_VIA" : 3809,
				"TIPO_VIA" : "AVDA",
				"NOMBRE_VIA" : "PABLO NARANJO PORRAS",
				"GESTION" : "PUBLICA",
				"URL_FICHA" : "https://sig.caceres.es/serweb/fichasig/fichamovilidadreducida.php?mslink=678",
				"URL_VIA" : "https://sig.caceres.es/serweb/fichasig/fichacalle.php?codigo=1024",
				"WGS84_X" : -6.369001,
				"WGS84_Y" : 39.466302,
				"COORD_X" : 726335,
				"COORD_Y" : 4371829
			}
		},
		{
			"type" : "Feature",
			"geometry" : {
				"type" : "Point",
				"coordinates" : [ -6.3669745667, 39.4888910989 ]
			},
			"properties" : {
				"NUCLEO" : "CACERES",
				"DISTRITO" : "NORTE",
				"BARRIO" : "MONTESOL",
				"CODBARRIO" : 47,
				"CODIGO_VIA" : 3932,
				"TIPO_VIA" : "AVDA",
				"NOMBRE_VIA" : "POZO DE LA NIEVE",
				"GESTION" : "PRIVADA",
				"URL_FICHA" : "https://sig.caceres.es/serweb/fichasig/fichamovilidadreducida.php?mslink=680",
				"URL_VIA" : "https://sig.caceres.es/serweb/fichasig/fichacalle.php?codigo=3932",
				"WGS84_X" : -6.366975,
				"WGS84_Y" : 39.488891,
				"COORD_X" : 726436,
				"COORD_Y" : 4374342
			}
		},
		{
			"type" : "Feature",
			"geometry" : {
				"type" : "Point",
				"coordinates" : [ -6.3669772533, 39.4889348587 ]
			},
			"properties" : {
				"NUCLEO" : "CACERES",
				"DISTRITO" : "NORTE",
				"BARRIO" : "MONTESOL",
				"CODBARRIO" : 47,
				"CODIGO_VIA" : 3932,
				"TIPO_VIA" : "AVDA",
				"NOMBRE_VIA" : "POZO DE LA NIEVE",
				"GESTION" : "PRIVADA",
				"URL_FICHA" : "https://sig.caceres.es/serweb/fichasig/fichamovilidadreducida.php?mslink=679",
				"URL_VIA" : "https://sig.caceres.es/serweb/fichasig/fichacalle.php?codigo=3932",
				"WGS84_X" : -6.366977,
				"WGS84_Y" : 39.488935,
				"COORD_X" : 726436,
				"COORD_Y" : 4374346
			}
		},
		{
			"type" : "Feature",
			"geometry" : {
				"type" : "Point",
				"coordinates" : [ -6.3412280108, 39.476076326 ]
			},
			"properties" : {
				"NUCLEO" : "CACERES",
				"DISTRITO" : "NORTE",
				"BARRIO" : "CAMPUS UNIVERSITARIO",
				"CODBARRIO" : 14,
				"CODIGO_VIA" : 3425,
				"TIPO_VIA" : "AVDA",
				"NOMBRE_VIA" : "DE LA UNIVERSIDAD",
				"NUMPOL" : "60",
				"GESTION" : "PUBLICA",
				"URL_FICHA" : "https://sig.caceres.es/serweb/fichasig/fichamovilidadreducida.php?mslink=681",
				"URL_VIA" : "https://sig.caceres.es/serweb/fichasig/fichacalle.php?codigo=3425",
				"WGS84_X" : -6.341228,
				"WGS84_Y" : 39.476076,
				"COORD_X" : 728693,
				"COORD_Y" : 4372984
			}
		},
		{
			"type" : "Feature",
			"geometry" : {
				"type" : "Point",
				"coordinates" : [ -6.3412492402, 39.4760419523 ]
			},
			"properties" : {
				"NUCLEO" : "CACERES",
				"DISTRITO" : "NORTE",
				"BARRIO" : "CAMPUS UNIVERSITARIO",
				"CODBARRIO" : 14,
				"CODIGO_VIA" : 3425,
				"TIPO_VIA" : "AVDA",
				"NOMBRE_VIA" : "DE LA UNIVERSIDAD",
				"NUMPOL" : "60",
				"GESTION" : "PUBLICA",
				"URL_FICHA" : "https://sig.caceres.es/serweb/fichasig/fichamovilidadreducida.php?mslink=682",
				"URL_VIA" : "https://sig.caceres.es/serweb/fichasig/fichacalle.php?codigo=3425",
				"WGS84_X" : -6.341249,
				"WGS84_Y" : 39.476042,
				"COORD_X" : 728691,
				"COORD_Y" : 4372980
			}
		},
		{
			"type" : "Feature",
			"geometry" : {
				"type" : "Point",
				"coordinates" : [ -6.3412741511, 39.4760121447 ]
			},
			"properties" : {
				"NUCLEO" : "CACERES",
				"DISTRITO" : "NORTE",
				"BARRIO" : "CAMPUS UNIVERSITARIO",
				"CODBARRIO" : 14,
				"CODIGO_VIA" : 3425,
				"TIPO_VIA" : "AVDA",
				"NOMBRE_VIA" : "DE LA UNIVERSIDAD",
				"NUMPOL" : "60",
				"GESTION" : "PUBLICA",
				"URL_FICHA" : "https://sig.caceres.es/serweb/fichasig/fichamovilidadreducida.php?mslink=683",
				"URL_VIA" : "https://sig.caceres.es/serweb/fichasig/fichacalle.php?codigo=3425",
				"WGS84_X" : -6.341274,
				"WGS84_Y" : 39.476012,
				"COORD_X" : 728689,
				"COORD_Y" : 4372977
			}
		},
		{
			"type" : "Feature",
			"geometry" : {
				"type" : "Point",
				"coordinates" : [ -6.3413003839, 39.4759813714 ]
			},
			"properties" : {
				"NUCLEO" : "CACERES",
				"DISTRITO" : "NORTE",
				"BARRIO" : "CAMPUS UNIVERSITARIO",
				"CODBARRIO" : 14,
				"CODIGO_VIA" : 3425,
				"TIPO_VIA" : "AVDA",
				"NOMBRE_VIA" : "DE LA UNIVERSIDAD",
				"NUMPOL" : "60",
				"GESTION" : "PUBLICA",
				"URL_FICHA" : "https://sig.caceres.es/serweb/fichasig/fichamovilidadreducida.php?mslink=684",
				"URL_VIA" : "https://sig.caceres.es/serweb/fichasig/fichacalle.php?codigo=3425",
				"WGS84_X" : -6.3413,
				"WGS84_Y" : 39.475981,
				"COORD_X" : 728687,
				"COORD_Y" : 4372973
			}
		},
		{
			"type" : "Feature",
			"geometry" : {
				"type" : "Point",
				"coordinates" : [ -6.3389694367, 39.4803201813 ]
			},
			"properties" : {
				"NUCLEO" : "CACERES",
				"DISTRITO" : "NORTE",
				"BARRIO" : "CAMPUS UNIVERSITARIO",
				"CODBARRIO" : 6,
				"CODIGO_VIA" : 3425,
				"TIPO_VIA" : "AVDA",
				"NOMBRE_VIA" : "DE LA UNIVERSIDAD",
				"GESTION" : "PUBLICA",
				"URL_FICHA" : "https://sig.caceres.es/serweb/fichasig/fichamovilidadreducida.php?mslink=685",
				"URL_VIA" : "https://sig.caceres.es/serweb/fichasig/fichacalle.php?codigo=3425",
				"WGS84_X" : -6.338969,
				"WGS84_Y" : 39.48032,
				"COORD_X" : 728873,
				"COORD_Y" : 4373461
			}
		},
		{
			"type" : "Feature",
			"geometry" : {
				"type" : "Point",
				"coordinates" : [ -6.3744652642, 39.4514687564 ]
			},
			"properties" : {
				"NUCLEO" : "CACERES",
				"DISTRITO" : "SUR",
				"BARRIO" : "CASA PLATA",
				"CODBARRIO" : 8,
				"CODIGO_VIA" : 3990,
				"TIPO_VIA" : "CALLE",
				"NOMBRE_VIA" : "DE LA TRASHUMANCIA",
				"GESTION" : "PRIVADA",
				"URL_FICHA" : "https://sig.caceres.es/serweb/fichasig/fichamovilidadreducida.php?mslink=686",
				"URL_VIA" : "https://sig.caceres.es/serweb/fichasig/fichacalle.php?codigo=3990",
				"WGS84_X" : -6.374465,
				"WGS84_Y" : 39.451469,
				"COORD_X" : 725913,
				"COORD_Y" : 4370169
			}
		},
		{
			"type" : "Feature",
			"geometry" : {
				"type" : "Point",
				"coordinates" : [ -6.3744868702, 39.4515103701 ]
			},
			"properties" : {
				"NUCLEO" : "CACERES",
				"DISTRITO" : "SUR",
				"BARRIO" : "CASA PLATA",
				"CODBARRIO" : 8,
				"CODIGO_VIA" : 3990,
				"TIPO_VIA" : "CALLE",
				"NOMBRE_VIA" : "DE LA TRASHUMANCIA",
				"GESTION" : "PRIVADA",
				"URL_FICHA" : "https://sig.caceres.es/serweb/fichasig/fichamovilidadreducida.php?mslink=687",
				"URL_VIA" : "https://sig.caceres.es/serweb/fichasig/fichacalle.php?codigo=3990",
				"WGS84_X" : -6.374487,
				"WGS84_Y" : 39.45151,
				"COORD_X" : 725911,
				"COORD_Y" : 4370173
			}
		},
		{
			"type" : "Feature",
			"geometry" : {
				"type" : "Point",
				"coordinates" : [ -6.3676678751, 39.4563601985 ]
			},
			"properties" : {
				"NUCLEO" : "CACERES",
				"DISTRITO" : "SUR",
				"BARRIO" : "VISTAHERMOSA",
				"CODBARRIO" : 78,
				"CODIGO_VIA" : 1427,
				"TIPO_VIA" : "RONDA",
				"NOMBRE_VIA" : "DE SAN FRANCISCO",
				"GESTION" : "PRIVADA",
				"URL_FICHA" : "https://sig.caceres.es/serweb/fichasig/fichamovilidadreducida.php?mslink=688",
				"URL_VIA" : "https://sig.caceres.es/serweb/fichasig/fichacalle.php?codigo=1427",
				"WGS84_X" : -6.367668,
				"WGS84_Y" : 39.45636,
				"COORD_X" : 726482,
				"COORD_Y" : 4370729
			}
		},
		{
			"type" : "Feature",
			"geometry" : {
				"type" : "Point",
				"coordinates" : [ -6.3676804677, 39.4563415755 ]
			},
			"properties" : {
				"NUCLEO" : "CACERES",
				"DISTRITO" : "SUR",
				"BARRIO" : "VISTAHERMOSA",
				"CODBARRIO" : 78,
				"CODIGO_VIA" : 1427,
				"TIPO_VIA" : "RONDA",
				"NOMBRE_VIA" : "DE SAN FRANCISCO",
				"GESTION" : "PRIVADA",
				"URL_FICHA" : "https://sig.caceres.es/serweb/fichasig/fichamovilidadreducida.php?mslink=689",
				"URL_VIA" : "https://sig.caceres.es/serweb/fichasig/fichacalle.php?codigo=1427",
				"WGS84_X" : -6.36768,
				"WGS84_Y" : 39.456342,
				"COORD_X" : 726481,
				"COORD_Y" : 4370727
			}
		},
		{
			"type" : "Feature",
			"geometry" : {
				"type" : "Point",
				"coordinates" : [ -6.3693522227, 39.4568502432 ]
			},
			"properties" : {
				"NUCLEO" : "CACERES",
				"DISTRITO" : "SUR",
				"BARRIO" : "MALTRAVIESO",
				"CODBARRIO" : 43,
				"CODIGO_VIA" : 4064,
				"TIPO_VIA" : "CALLE",
				"NOMBRE_VIA" : "CUEVA DEL CASTILLO",
				"GESTION" : "PRIVADA",
				"URL_FICHA" : "https://sig.caceres.es/serweb/fichasig/fichamovilidadreducida.php?mslink=690",
				"URL_VIA" : "https://sig.caceres.es/serweb/fichasig/fichacalle.php?codigo=4064",
				"WGS84_X" : -6.369352,
				"WGS84_Y" : 39.45685,
				"COORD_X" : 726336,
				"COORD_Y" : 4370779
			}
		},
		{
			"type" : "Feature",
			"geometry" : {
				"type" : "Point",
				"coordinates" : [ -6.369329042, 39.4567614405 ]
			},
			"properties" : {
				"NUCLEO" : "CACERES",
				"DISTRITO" : "SUR",
				"BARRIO" : "MALTRAVIESO",
				"CODBARRIO" : 43,
				"CODIGO_VIA" : 4064,
				"TIPO_VIA" : "CALLE",
				"NOMBRE_VIA" : "CUEVA DEL CASTILLO",
				"GESTION" : "PRIVADA",
				"URL_FICHA" : "https://sig.caceres.es/serweb/fichasig/fichamovilidadreducida.php?mslink=691",
				"URL_VIA" : "https://sig.caceres.es/serweb/fichasig/fichacalle.php?codigo=4064",
				"WGS84_X" : -6.369329,
				"WGS84_Y" : 39.456761,
				"COORD_X" : 726338,
				"COORD_Y" : 4370769
			}
		},
		{
			"type" : "Feature",
			"geometry" : {
				"type" : "Point",
				"coordinates" : [ -6.369316878, 39.4567079857 ]
			},
			"properties" : {
				"NUCLEO" : "CACERES",
				"DISTRITO" : "SUR",
				"BARRIO" : "MALTRAVIESO",
				"CODBARRIO" : 43,
				"CODIGO_VIA" : 4064,
				"TIPO_VIA" : "CALLE",
				"NOMBRE_VIA" : "CUEVA DEL CASTILLO",
				"GESTION" : "PRIVADA",
				"URL_FICHA" : "https://sig.caceres.es/serweb/fichasig/fichamovilidadreducida.php?mslink=692",
				"URL_VIA" : "https://sig.caceres.es/serweb/fichasig/fichacalle.php?codigo=4064",
				"WGS84_X" : -6.369317,
				"WGS84_Y" : 39.456708,
				"COORD_X" : 726339,
				"COORD_Y" : 4370763
			}
		},
		{
			"type" : "Feature",
			"geometry" : {
				"type" : "Point",
				"coordinates" : [ -6.3937645681, 39.473811911 ]
			},
			"properties" : {
				"NUCLEO" : "CACERES",
				"DISTRITO" : "OESTE",
				"BARRIO" : "R-66B EL ARCO",
				"CODBARRIO" : 60,
				"CODIGO_VIA" : 3390,
				"TIPO_VIA" : "CALLE",
				"NOMBRE_VIA" : "LEO",
				"GESTION" : "PRIVADA",
				"URL_FICHA" : "https://sig.caceres.es/serweb/fichasig/fichamovilidadreducida.php?mslink=455",
				"URL_FOTO" : "https://sig.caceres.es/fotosOriginales/MOVILIDAD/3390_3_1.JPG",
				"URL_VIA" : "https://sig.caceres.es/serweb/fichasig/fichacalle.php?codigo=3390",
				"WGS84_X" : -6.393765,
				"WGS84_Y" : 39.473812,
				"COORD_X" : 724181,
				"COORD_Y" : 4372601
			}
		},
		{
			"type" : "Feature",
			"geometry" : {
				"type" : "Point",
				"coordinates" : [ -6.3853597308, 39.4609363671 ]
			},
			"properties" : {
				"NUCLEO" : "CACERES",
				"DISTRITO" : "OESTE",
				"BARRIO" : "ESTACION",
				"CODBARRIO" : 20,
				"CODIGO_VIA" : 4018,
				"TIPO_VIA" : "AVDA",
				"NOMBRE_VIA" : "JUAN PABLO II",
				"NUMPOL" : "6",
				"GESTION" : "PUBLICA",
				"URL_FICHA" : "https://sig.caceres.es/serweb/fichasig/fichamovilidadreducida.php?mslink=444",
				"URL_FOTO" : "https://sig.caceres.es/fotosOriginales/MOVILIDAD/4018_1_1.JPG",
				"URL_VIA" : "https://sig.caceres.es/serweb/fichasig/fichacalle.php?codigo=4018",
				"WGS84_X" : -6.38536,
				"WGS84_Y" : 39.460936,
				"COORD_X" : 724945,
				"COORD_Y" : 4371192
			}
		},
		{
			"type" : "Feature",
			"geometry" : {
				"type" : "Point",
				"coordinates" : [ -6.3853556264, 39.4608994036 ]
			},
			"properties" : {
				"NUCLEO" : "CACERES",
				"DISTRITO" : "OESTE",
				"BARRIO" : "ESTACION",
				"CODBARRIO" : 20,
				"CODIGO_VIA" : 4018,
				"TIPO_VIA" : "AVDA",
				"NOMBRE_VIA" : "JUAN PABLO II",
				"NUMPOL" : "6",
				"GESTION" : "PUBLICA",
				"URL_FICHA" : "https://sig.caceres.es/serweb/fichasig/fichamovilidadreducida.php?mslink=442",
				"URL_FOTO" : "https://sig.caceres.es/fotosOriginales/MOVILIDAD/4018_1_1.JPG",
				"URL_VIA" : "https://sig.caceres.es/serweb/fichasig/fichacalle.php?codigo=4018",
				"WGS84_X" : -6.385356,
				"WGS84_Y" : 39.460899,
				"COORD_X" : 724946,
				"COORD_Y" : 4371188
			}
		},
		{
			"type" : "Feature",
			"geometry" : {
				"type" : "Point",
				"coordinates" : [ -6.3830622397, 39.4603517772 ]
			},
			"properties" : {
				"NUCLEO" : "CACERES",
				"DISTRITO" : "SUR",
				"BARRIO" : "NUEVO CACERES",
				"CODBARRIO" : 62,
				"CODIGO_VIA" : 3641,
				"TIPO_VIA" : "CALLE",
				"NOMBRE_VIA" : "TUNEZ",
				"GESTION" : "PRIVADA",
				"URL_FICHA" : "https://sig.caceres.es/serweb/fichasig/fichamovilidadreducida.php?mslink=693",
				"URL_VIA" : "https://sig.caceres.es/serweb/fichasig/fichacalle.php?codigo=3641",
				"WGS84_X" : -6.383062,
				"WGS84_Y" : 39.460352,
				"COORD_X" : 725145,
				"COORD_Y" : 4371133
			}
		},
		{
			"type" : "Feature",
			"geometry" : {
				"type" : "Point",
				"coordinates" : [ -6.3831046871, 39.4603667959 ]
			},
			"properties" : {
				"NUCLEO" : "CACERES",
				"DISTRITO" : "SUR",
				"BARRIO" : "NUEVO CACERES",
				"CODBARRIO" : 62,
				"CODIGO_VIA" : 3641,
				"TIPO_VIA" : "CALLE",
				"NOMBRE_VIA" : "TUNEZ",
				"GESTION" : "PRIVADA",
				"URL_FICHA" : "https://sig.caceres.es/serweb/fichasig/fichamovilidadreducida.php?mslink=694",
				"URL_VIA" : "https://sig.caceres.es/serweb/fichasig/fichacalle.php?codigo=3641",
				"WGS84_X" : -6.383105,
				"WGS84_Y" : 39.460367,
				"COORD_X" : 725141,
				"COORD_Y" : 4371135
			}
		},
		{
			"type" : "Feature",
			"geometry" : {
				"type" : "Point",
				"coordinates" : [ -6.3743010339, 39.4641015789 ]
			},
			"properties" : {
				"NUCLEO" : "CACERES",
				"DISTRITO" : "CENTRO",
				"BARRIO" : "EL RODEO",
				"CODBARRIO" : 17,
				"CODIGO_VIA" : 3809,
				"TIPO_VIA" : "AVDA",
				"NOMBRE_VIA" : "PABLO NARANJO",
				"NUMPOL" : "3",
				"F_CREACION" : "12/9/2023",
				"GESTION" : "PUBLICA",
				"URL_FICHA" : "https://sig.caceres.es/serweb/fichasig/fichamovilidadreducida.php?mslink=695",
				"URL_FOTO" : "https://sig.caceres.es/fotosOriginales/MOVILIDAD/3809_7_1.JPG",
				"URL_VIA" : "https://sig.caceres.es/serweb/fichasig/fichacalle.php?codigo=3809",
				"WGS84_X" : -6.374301,
				"WGS84_Y" : 39.464102,
				"COORD_X" : 725886,
				"COORD_Y" : 4371572
			}
		},
		{
			"type" : "Feature",
			"geometry" : {
				"type" : "Point",
				"coordinates" : [ -6.3640434551, 39.4924746706 ]
			},
			"properties" : {
				"NUCLEO" : "CACERES",
				"DISTRITO" : "NORTE",
				"BARRIO" : "MEJOSTILLA",
				"CODBARRIO" : 45,
				"CODIGO_VIA" : 3662,
				"TIPO_VIA" : "CALLE",
				"NOMBRE_VIA" : "CAYETANO POLO \"POLITO\"",
				"NUMPOL" : "13",
				"F_CREACION" : "28/9/2023",
				"GESTION" : "PUBLICA",
				"URL_FICHA" : "https://sig.caceres.es/serweb/fichasig/fichamovilidadreducida.php?mslink=696",
				"URL_FOTO" : "https://sig.caceres.es/fotosOriginales/MOVILIDAD/3662_3_1.JPG",
				"URL_VIA" : "https://sig.caceres.es/serweb/fichasig/fichacalle.php?codigo=3662",
				"WGS84_X" : -6.364043,
				"WGS84_Y" : 39.492475,
				"COORD_X" : 726677,
				"COORD_Y" : 4374747
			}
		},
		{
			"type" : "Feature",
			"geometry" : {
				"type" : "Point",
				"coordinates" : [ -6.3639371001, 39.4924224741 ]
			},
			"properties" : {
				"NUCLEO" : "CACERES",
				"DISTRITO" : "NORTE",
				"BARRIO" : "MEJOSTILLA",
				"CODBARRIO" : 45,
				"CODIGO_VIA" : 3662,
				"TIPO_VIA" : "CALLE",
				"NOMBRE_VIA" : "CAYETANO POLO \"POLITO\"",
				"NUMPOL" : "13",
				"F_CREACION" : "28/9/2023",
				"GESTION" : "PUBLICA",
				"URL_FICHA" : "https://sig.caceres.es/serweb/fichasig/fichamovilidadreducida.php?mslink=697",
				"URL_FOTO" : "https://sig.caceres.es/fotosOriginales/MOVILIDAD/3662_4_1.JPG",
				"URL_VIA" : "https://sig.caceres.es/serweb/fichasig/fichacalle.php?codigo=3662",
				"WGS84_X" : -6.363937,
				"WGS84_Y" : 39.492422,
				"COORD_X" : 726686,
				"COORD_Y" : 4374741
			}
		},
		{
			"type" : "Feature",
			"geometry" : {
				"type" : "Point",
				"coordinates" : [ -6.3747406898, 39.4777376606 ]
			},
			"properties" : {
				"NUCLEO" : "CACERES",
				"DISTRITO" : "CENTRO",
				"BARRIO" : "MARGALLO",
				"CODBARRIO" : 44,
				"CODIGO_VIA" : 654,
				"TIPO_VIA" : "CALLE",
				"NOMBRE_VIA" : "SAN JOSE",
				"NUMPOL" : "24",
				"F_CREACION" : "13/10/2023",
				"GESTION" : "PUBLICA",
				"URL_FICHA" : "https://sig.caceres.es/serweb/fichasig/fichamovilidadreducida.php?mslink=698",
				"URL_FOTO" : "https://sig.caceres.es/fotosOriginales/MOVILIDAD/654_1_1.JPG",
				"URL_VIA" : "https://sig.caceres.es/serweb/fichasig/fichacalle.php?codigo=654",
				"WGS84_X" : -6.374741,
				"WGS84_Y" : 39.477738,
				"COORD_X" : 725805,
				"COORD_Y" : 4373084
			}
		},
		{
			"type" : "Feature",
			"geometry" : {
				"type" : "Point",
				"coordinates" : [ -6.3722375067, 39.4605892792 ]
			},
			"properties" : {
				"NUCLEO" : "CACERES",
				"DISTRITO" : "SUR",
				"BARRIO" : "LLOPIS IVORRA",
				"CODBARRIO" : 39,
				"CODIGO_VIA" : 127,
				"TIPO_VIA" : "CALLE",
				"NOMBRE_VIA" : "CHILE",
				"F_CREACION" : "19/10/2023",
				"GESTION" : "PUBLICA",
				"URL_FICHA" : "https://sig.caceres.es/serweb/fichasig/fichamovilidadreducida.php?mslink=699",
				"URL_FOTO" : "https://sig.caceres.es/fotosOriginales/127_2_1.JPG",
				"URL_VIA" : "https://sig.caceres.es/serweb/fichasig/fichacalle.php?codigo=127",
				"WGS84_X" : -6.372238,
				"WGS84_Y" : 39.460589,
				"COORD_X" : 726075,
				"COORD_Y" : 4371187
			}
		},
		{
			"type" : "Feature",
			"geometry" : {
				"type" : "Point",
				"coordinates" : [ -6.3506309049, 39.4747730783 ]
			},
			"properties" : {
				"NUCLEO" : "CACERES",
				"DISTRITO" : "NORTE",
				"BARRIO" : "RESIDENCIAL UNIVERSIDAD",
				"CODBARRIO" : 55,
				"CODIGO_VIA" : 3917,
				"TIPO_VIA" : "CALLE",
				"NOMBRE_VIA" : "JOSE MARIA GARCIA LAFUENTE",
				"NUMPOL" : "3",
				"GESTION" : "PUBLICA",
				"URL_FICHA" : "https://sig.caceres.es/serweb/fichasig/fichamovilidadreducida.php?mslink=700",
				"URL_FOTO" : "https://sig.caceres.es/fotosOriginales/MOVILIDAD/3917_1_1.JPG",
				"URL_VIA" : "https://sig.caceres.es/serweb/fichasig/fichacalle.php?codigo=3917",
				"WGS84_X" : -6.350631,
				"WGS84_Y" : 39.474773,
				"COORD_X" : 727888,
				"COORD_Y" : 4372816
			}
		},
		{
			"type" : "Feature",
			"geometry" : {
				"type" : "Point",
				"coordinates" : [ -6.381593434, 39.4683159439 ]
			},
			"properties" : {
				"NUCLEO" : "CACERES",
				"DISTRITO" : "CENTRO",
				"BARRIO" : "ARGENTINA",
				"CODBARRIO" : 2,
				"CODIGO_VIA" : 389,
				"TIPO_VIA" : "CALLE",
				"NOMBRE_VIA" : "PLUS ULTRA",
				"NUMPOL" : "2",
				"F_CREACION" : "26/10/2023",
				"GESTION" : "PUBLICA",
				"URL_FICHA" : "https://sig.caceres.es/serweb/fichasig/fichamovilidadreducida.php?mslink=701",
				"URL_VIA" : "https://sig.caceres.es/serweb/fichasig/fichacalle.php?codigo=389",
				"WGS84_X" : -6.381593,
				"WGS84_Y" : 39.468316,
				"COORD_X" : 725245,
				"COORD_Y" : 4372021
			}
		},
		{
			"type" : "Feature",
			"geometry" : {
				"type" : "Point",
				"coordinates" : [ -6.3574395823, 39.4924946802 ]
			},
			"properties" : {
				"NUCLEO" : "CACERES",
				"DISTRITO" : "NORTE",
				"BARRIO" : "MEJOSTILLA",
				"CODBARRIO" : 45,
				"CODIGO_VIA" : 3758,
				"TIPO_VIA" : "CALLE",
				"NOMBRE_VIA" : "OCHO DE MARZO",
				"NUMPOL" : "7",
				"F_CREACION" : "13/11/2023",
				"GESTION" : "PUBLICA",
				"URL_FICHA" : "https://sig.caceres.es/serweb/fichasig/fichamovilidadreducida.php?mslink=702",
				"URL_VIA" : "https://sig.caceres.es/serweb/fichasig/fichacalle.php?codigo=3758",
				"WGS84_X" : -6.35744,
				"WGS84_Y" : 39.492495,
				"COORD_X" : 727245,
				"COORD_Y" : 4374766
			}
		},
		{
			"type" : "Feature",
			"geometry" : {
				"type" : "Point",
				"coordinates" : [ -6.3734429977, 39.476158061 ]
			},
			"properties" : {
				"NUCLEO" : "CACERES",
				"DISTRITO" : "CENTRO",
				"BARRIO" : "MARGALLO",
				"CODBARRIO" : 44,
				"CODIGO_VIA" : 1985,
				"TIPO_VIA" : "CALLE",
				"NOMBRE_VIA" : "ZURBARAN",
				"F_CREACION" : "04/05/21",
				"F_REPINTAD" : "04/05/21",
				"GESTION" : "PUBLICA",
				"URL_FICHA" : "https://sig.caceres.es/serweb/fichasig/fichamovilidadreducida.php?mslink=556",
				"URL_FOTO" : "https://sig.caceres.es/fotosOriginales/MOVILIDAD/1985_1_1.JPG",
				"URL_VIA" : "https://sig.caceres.es/serweb/fichasig/fichacalle.php?codigo=1985",
				"WGS84_X" : -6.373443,
				"WGS84_Y" : 39.476158,
				"COORD_X" : 725921,
				"COORD_Y" : 4372912
			}
		},
		{
			"type" : "Feature",
			"geometry" : {
				"type" : "Point",
				"coordinates" : [ -6.3777357125, 39.4606133208 ]
			},
			"properties" : {
				"NUCLEO" : "CACERES",
				"DISTRITO" : "SUR",
				"BARRIO" : "VERA CRUZ",
				"CODBARRIO" : 75,
				"CODIGO_VIA" : 3010,
				"TIPO_VIA" : "RONDA",
				"NOMBRE_VIA" : "DE LA PIZARRA",
				"GESTION" : "PUBLICA",
				"URL_FICHA" : "https://sig.caceres.es/serweb/fichasig/fichamovilidadreducida.php?mslink=703",
				"URL_VIA" : "https://sig.caceres.es/serweb/fichasig/fichacalle.php?codigo=3010",
				"WGS84_X" : -6.377736,
				"WGS84_Y" : 39.460613,
				"COORD_X" : 725602,
				"COORD_Y" : 4371176
			}
		},
		{
			"type" : "Feature",
			"geometry" : {
				"type" : "Point",
				"coordinates" : [ -6.3774915126, 39.4603612739 ]
			},
			"properties" : {
				"NUCLEO" : "CACERES",
				"DISTRITO" : "SUR",
				"BARRIO" : "VERA CRUZ",
				"CODBARRIO" : 75,
				"CODIGO_VIA" : 3010,
				"TIPO_VIA" : "RONDA",
				"NOMBRE_VIA" : "DE LA PIZARRA",
				"GESTION" : "PUBLICA",
				"URL_FICHA" : "https://sig.caceres.es/serweb/fichasig/fichamovilidadreducida.php?mslink=704",
				"URL_VIA" : "https://sig.caceres.es/serweb/fichasig/fichacalle.php?codigo=3010",
				"WGS84_X" : -6.377492,
				"WGS84_Y" : 39.460361,
				"COORD_X" : 725624,
				"COORD_Y" : 4371148
			}
		},
		{
			"type" : "Feature",
			"geometry" : {
				"type" : "Point",
				"coordinates" : [ -6.3773735078, 39.4593003798 ]
			},
			"properties" : {
				"NUCLEO" : "CACERES",
				"DISTRITO" : "SUR",
				"BARRIO" : "VERA CRUZ",
				"CODBARRIO" : 75,
				"CODIGO_VIA" : 3010,
				"TIPO_VIA" : "RONDA",
				"NOMBRE_VIA" : "DE LA PIZARRA",
				"GESTION" : "PUBLICA",
				"URL_FICHA" : "https://sig.caceres.es/serweb/fichasig/fichamovilidadreducida.php?mslink=705",
				"URL_VIA" : "https://sig.caceres.es/serweb/fichasig/fichacalle.php?codigo=3010",
				"WGS84_X" : -6.377374,
				"WGS84_Y" : 39.4593,
				"COORD_X" : 725638,
				"COORD_Y" : 4371031
			}
		},
		{
			"type" : "Feature",
			"geometry" : {
				"type" : "Point",
				"coordinates" : [ -6.3771702783, 39.4590531138 ]
			},
			"properties" : {
				"NUCLEO" : "CACERES",
				"DISTRITO" : "SUR",
				"BARRIO" : "VERA CRUZ",
				"CODBARRIO" : 75,
				"CODIGO_VIA" : 3010,
				"TIPO_VIA" : "RONDA",
				"NOMBRE_VIA" : "DE LA PIZARRA",
				"GESTION" : "PUBLICA",
				"URL_FICHA" : "https://sig.caceres.es/serweb/fichasig/fichamovilidadreducida.php?mslink=706",
				"URL_VIA" : "https://sig.caceres.es/serweb/fichasig/fichacalle.php?codigo=3010",
				"WGS84_X" : -6.37717,
				"WGS84_Y" : 39.459053,
				"COORD_X" : 725656,
				"COORD_Y" : 4371004
			}
		},
		{
			"type" : "Feature",
			"geometry" : {
				"type" : "Point",
				"coordinates" : [ -6.3771366518, 39.4586374103 ]
			},
			"properties" : {
				"NUCLEO" : "CACERES",
				"DISTRITO" : "SUR",
				"BARRIO" : "VERA CRUZ",
				"CODBARRIO" : 75,
				"CODIGO_VIA" : 3010,
				"TIPO_VIA" : "RONDA",
				"NOMBRE_VIA" : "DE LA PIZARRA",
				"GESTION" : "PUBLICA",
				"URL_FICHA" : "https://sig.caceres.es/serweb/fichasig/fichamovilidadreducida.php?mslink=707",
				"URL_VIA" : "https://sig.caceres.es/serweb/fichasig/fichacalle.php?codigo=3010",
				"WGS84_X" : -6.377137,
				"WGS84_Y" : 39.458637,
				"COORD_X" : 725660,
				"COORD_Y" : 4370958
			}
		},
		{
			"type" : "Feature",
			"geometry" : {
				"type" : "Point",
				"coordinates" : [ -6.377477666, 39.4585741196 ]
			},
			"properties" : {
				"NUCLEO" : "CACERES",
				"DISTRITO" : "SUR",
				"BARRIO" : "VERA CRUZ",
				"CODBARRIO" : 75,
				"CODIGO_VIA" : 3010,
				"TIPO_VIA" : "RONDA",
				"NOMBRE_VIA" : "DE LA PIZARRA",
				"GESTION" : "PUBLICA",
				"URL_FICHA" : "https://sig.caceres.es/serweb/fichasig/fichamovilidadreducida.php?mslink=708",
				"URL_VIA" : "https://sig.caceres.es/serweb/fichasig/fichacalle.php?codigo=3010",
				"WGS84_X" : -6.377478,
				"WGS84_Y" : 39.458574,
				"COORD_X" : 725631,
				"COORD_Y" : 4370950
			}
		},
		{
			"type" : "Feature",
			"geometry" : {
				"type" : "Point",
				"coordinates" : [ -6.3773361748, 39.4579149276 ]
			},
			"properties" : {
				"NUCLEO" : "CACERES",
				"DISTRITO" : "SUR",
				"BARRIO" : "VERA CRUZ",
				"CODBARRIO" : 75,
				"CODIGO_VIA" : 3010,
				"TIPO_VIA" : "RONDA",
				"NOMBRE_VIA" : "DE LA PIZARRA",
				"GESTION" : "PUBLICA",
				"URL_FICHA" : "https://sig.caceres.es/serweb/fichasig/fichamovilidadreducida.php?mslink=709",
				"URL_FOTO" : "https://sig.caceres.es/fotosOriginales/MOVILIDAD/3010_2_1.JPG",
				"URL_VIA" : "https://sig.caceres.es/serweb/fichasig/fichacalle.php?codigo=3625",
				"WGS84_X" : -6.377336,
				"WGS84_Y" : 39.457915,
				"COORD_X" : 725645,
				"COORD_Y" : 4370877
			}
		},
		{
			"type" : "Feature",
			"geometry" : {
				"type" : "Point",
				"coordinates" : [ -6.3749505931, 39.457138723 ]
			},
			"properties" : {
				"NUCLEO" : "CACERES",
				"DISTRITO" : "SUR",
				"BARRIO" : "LAS TRECIENTAS",
				"CODBARRIO" : 38,
				"CODIGO_VIA" : 578,
				"TIPO_VIA" : "AVDA",
				"NOMBRE_VIA" : "DE LA BONDAD",
				"NUMPOL" : "62",
				"F_CREACION" : "05/02/24",
				"GESTION" : "PUBLICA",
				"URL_FICHA" : "https://sig.caceres.es/serweb/fichasig/fichamovilidadreducida.php?mslink=710",
				"URL_FOTO" : "https://sig.caceres.es/fotosOriginales/MOVILIDAD/578_6_1.JPG",
				"URL_VIA" : "https://sig.caceres.es/serweb/fichasig/fichacalle.php?codigo=578",
				"WGS84_X" : -6.374951,
				"WGS84_Y" : 39.457139,
				"COORD_X" : 725853,
				"COORD_Y" : 4370797
			}
		},
		{
			"type" : "Feature",
			"geometry" : {
				"type" : "Point",
				"coordinates" : [ -6.3690026811, 39.4598022362 ]
			},
			"properties" : {
				"NUCLEO" : "CACERES",
				"DISTRITO" : "SUR",
				"BARRIO" : "ESPIRITU SANTO",
				"CODBARRIO" : 19,
				"CODIGO_VIA" : 1962,
				"TIPO_VIA" : "CALLE",
				"NOMBRE_VIA" : "LA ROCHE SUR YON",
				"NUMPOL" : "8",
				"F_CREACION" : "21/02/24",
				"GESTION" : "PUBLICA",
				"URL_FICHA" : "https://sig.caceres.es/serweb/fichasig/fichamovilidadreducida.php?mslink=711",
				"URL_FOTO" : "https://sig.caceres.es/fotosOriginales/MOVILIDAD/1962_4_1.JPG",
				"URL_VIA" : "https://sig.caceres.es/serweb/fichasig/fichacalle.php?codigo=1962",
				"WGS84_X" : -6.369003,
				"WGS84_Y" : 39.459802,
				"COORD_X" : 726356,
				"COORD_Y" : 4371108
			}
		},
		{
			"type" : "Feature",
			"geometry" : {
				"type" : "Point",
				"coordinates" : [ -6.3775263917, 39.4655389732 ]
			},
			"properties" : {
				"NUCLEO" : "CACERES",
				"DISTRITO" : "CENTRO",
				"BARRIO" : "MOCTEZUMA",
				"CODBARRIO" : 46,
				"CODIGO_VIA" : 3079,
				"TIPO_VIA" : "CALLE",
				"NOMBRE_VIA" : "CUAUHTEMOC",
				"NUMPOL" : "2",
				"F_CREACION" : "21/06/2024",
				"GESTION" : "PUBLICA",
				"URL_FICHA" : "https://sig.caceres.es/serweb/fichasig/fichamovilidadreducida.php?mslink=712",
				"URL_FOTO" : "https://sig.caceres.es/fotosOriginales/MOVILIDAD/3079_2_1.JPG",
				"URL_VIA" : "https://sig.caceres.es/serweb/fichasig/fichacalle.php?codigo=3079",
				"WGS84_X" : -6.377526,
				"WGS84_Y" : 39.465539,
				"COORD_X" : 725604,
				"COORD_Y" : 4371723
			}
		},
		{
			"type" : "Feature",
			"geometry" : {
				"type" : "Point",
				"coordinates" : [ -6.3718736902, 39.4604005582 ]
			},
			"properties" : {
				"NUCLEO" : "CACERES",
				"DISTRITO" : "SUR",
				"BARRIO" : "LLOPIS IVORRA",
				"CODBARRIO" : 39,
				"CODIGO_VIA" : 3071,
				"TIPO_VIA" : "AVDA",
				"NOMBRE_VIA" : "DE CERVANTES",
				"NUMPOL" : "4",
				"GESTION" : "PUBLICA",
				"URL_FICHA" : "https://sig.caceres.es/serweb/fichasig/fichamovilidadreducida.php?mslink=713",
				"URL_FOTO" : "https://sig.caceres.es/fotosOriginales/MOVILIDAD/3071_4_1.JPG",
				"URL_VIA" : "https://sig.caceres.es/serweb/fichasig/fichacalle.php?codigo=3071",
				"WGS84_X" : -6.371874,
				"WGS84_Y" : 39.460401,
				"COORD_X" : 726107,
				"COORD_Y" : 4371167
			}
		},
		{
			"type" : "Feature",
			"geometry" : {
				"type" : "Point",
				"coordinates" : [ -6.363969668, 39.482191167 ]
			},
			"properties" : {
				"NUCLEO" : "CACERES",
				"DISTRITO" : "NORTE",
				"BARRIO" : "LAS CANDELAS",
				"CODBARRIO" : 37,
				"CODIGO_VIA" : 4263,
				"TIPO_VIA" : "CALLE",
				"NOMBRE_VIA" : "EUSEBIO SALGADO GARCIA",
				"GESTION" : "PUBLICA",
				"URL_FICHA" : "https://sig.caceres.es/serweb/fichasig/fichamovilidadreducida.php?mslink=714",
				"URL_FOTO" : "https://sig.caceres.es/fotosOriginales/MOVILIDAD/4263_1_1.JPG",
				"URL_VIA" : "https://sig.caceres.es/serweb/fichasig/fichacalle.php?codigo=4263",
				"WGS84_X" : -6.36397,
				"WGS84_Y" : 39.482191,
				"COORD_X" : 726717,
				"COORD_Y" : 4373605
			}
		},
		{
			"type" : "Feature",
			"geometry" : {
				"type" : "Point",
				"coordinates" : [ -6.3700009239, 39.4722564503 ]
			},
			"properties" : {
				"NUCLEO" : "CACERES",
				"DISTRITO" : "CENTRO",
				"BARRIO" : "CIUDAD MONUMENTAL",
				"CODBARRIO" : 13,
				"CODIGO_VIA" : 3487,
				"TIPO_VIA" : "CALLE",
				"NOMBRE_VIA" : "BARRIO DE SAN ANTONIO",
				"NUMPOL" : "27",
				"F_CREACION" : "16/01/24",
				"GESTION" : "PUBLICA",
				"URL_FICHA" : "https://sig.caceres.es/serweb/fichasig/fichamovilidadreducida.php?mslink=715",
				"URL_FOTO" : "https://sig.caceres.es/fotosOriginales/MOVILIDAD/3487_1_1.JPG",
				"URL_VIA" : "https://sig.caceres.es/serweb/fichasig/fichacalle.php?codigo=3487",
				"WGS84_X" : -6.370001,
				"WGS84_Y" : 39.472256,
				"COORD_X" : 726230,
				"COORD_Y" : 4372488
			}
		},
		{
			"type" : "Feature",
			"geometry" : {
				"type" : "Point",
				"coordinates" : [ -6.3745477255, 39.4723738576 ]
			},
			"properties" : {
				"NUCLEO" : "CACERES",
				"DISTRITO" : "CENTRO",
				"BARRIO" : "SANTA CLARA",
				"CODBARRIO" : 69,
				"CODIGO_VIA" : 186,
				"TIPO_VIA" : "CALLE",
				"NOMBRE_VIA" : "ROSO DE LUNA",
				"NUMPOL" : "25",
				"GESTION" : "PUBLICA",
				"URL_FICHA" : "https://sig.caceres.es/serweb/fichasig/fichamovilidadreducida.php?mslink=716",
				"URL_FOTO" : "https://sig.caceres.es/fotosOriginales/MOVILIDAD/186_2_1.JPG",
				"URL_VIA" : "https://sig.caceres.es/serweb/fichasig/fichacalle.php?codigo=186",
				"WGS84_X" : -6.374548,
				"WGS84_Y" : 39.472374,
				"COORD_X" : 725838,
				"COORD_Y" : 4372489
			}
		},
		{
			"type" : "Feature",
			"geometry" : {
				"type" : "Point",
				"coordinates" : [ -6.3745414807, 39.4724164886 ]
			},
			"properties" : {
				"NUCLEO" : "CACERES",
				"DISTRITO" : "CENTRO",
				"BARRIO" : "SANTA CLARA",
				"CODBARRIO" : 69,
				"CODIGO_VIA" : 186,
				"TIPO_VIA" : "CALLE",
				"NOMBRE_VIA" : "ROSO DE LUNA",
				"NUMPOL" : "25",
				"GESTION" : "PUBLICA",
				"URL_FICHA" : "https://sig.caceres.es/serweb/fichasig/fichamovilidadreducida.php?mslink=717",
				"URL_FOTO" : "https://sig.caceres.es/fotosOriginales/MOVILIDAD/186_3_1.JPG",
				"URL_VIA" : "https://sig.caceres.es/serweb/fichasig/fichacalle.php?codigo=186",
				"WGS84_X" : -6.374541,
				"WGS84_Y" : 39.472416,
				"COORD_X" : 725839,
				"COORD_Y" : 4372494
			}
		},
		{
			"type" : "Feature",
			"geometry" : {
				"type" : "Point",
				"coordinates" : [ -6.3719070246, 39.4919735855 ]
			},
			"properties" : {
				"NUCLEO" : "CACERES",
				"DISTRITO" : "NORTE",
				"BARRIO" : "RONDA",
				"CODBARRIO" : 59,
				"CODIGO_VIA" : 4044,
				"TIPO_VIA" : "CALLE",
				"NOMBRE_VIA" : "VALERIANO GUTIERREZ MACIAS",
				"NUMPOL" : "2A",
				"GESTION" : "PUBLICA",
				"URL_FICHA" : "https://sig.caceres.es/serweb/fichasig/fichamovilidadreducida.php?mslink=718",
				"URL_FOTO" : "https://sig.caceres.es/fotosOriginales/MOVILIDAD/4044_1_1.JPG",
				"URL_VIA" : "https://sig.caceres.es/serweb/fichasig/fichacalle.php?codigo=4044",
				"WGS84_X" : -6.371907,
				"WGS84_Y" : 39.491974,
				"COORD_X" : 726002,
				"COORD_Y" : 4374671
			}
		},
		{
			"type" : "Feature",
			"geometry" : {
				"type" : "Point",
				"coordinates" : [ -6.3793500633, 39.4691693006 ]
			},
			"properties" : {
				"NUCLEO" : "CACERES",
				"DISTRITO" : "CENTRO",
				"BARRIO" : "CANOVAS",
				"CODBARRIO" : 7,
				"CODIGO_VIA" : 3048,
				"TIPO_VIA" : "AVDA",
				"NOMBRE_VIA" : "DE ESPAÑA",
				"GESTION" : "PUBLICA",
				"URL_FICHA" : "https://sig.caceres.es/serweb/fichasig/fichamovilidadreducida.php?mslink=719",
				"URL_FOTO" : "https://sig.caceres.es/fotosOriginales/MOVILIDAD/3048_4_1.JPG",
				"URL_VIA" : "https://sig.caceres.es/serweb/fichasig/fichacalle.php?codigo=3048",
				"WGS84_X" : -6.37935,
				"WGS84_Y" : 39.469169,
				"COORD_X" : 725436,
				"COORD_Y" : 4372121
			}
		},
		{
			"type" : "Feature",
			"geometry" : {
				"type" : "Point",
				"coordinates" : [ -6.3793485486, 39.4692285028 ]
			},
			"properties" : {
				"NUCLEO" : "CACERES",
				"DISTRITO" : "CENTRO",
				"BARRIO" : "CANOVAS",
				"CODBARRIO" : 7,
				"CODIGO_VIA" : 3048,
				"TIPO_VIA" : "AVDA",
				"NOMBRE_VIA" : "DE ESPAÑA",
				"GESTION" : "PUBLICA",
				"URL_FICHA" : "https://sig.caceres.es/serweb/fichasig/fichamovilidadreducida.php?mslink=720",
				"URL_FOTO" : "https://sig.caceres.es/fotosOriginales/MOVILIDAD/3048_5_1.JPG",
				"URL_VIA" : "https://sig.caceres.es/serweb/fichasig/fichacalle.php?codigo=3048",
				"WGS84_X" : -6.379349,
				"WGS84_Y" : 39.469229,
				"COORD_X" : 725436,
				"COORD_Y" : 4372128
			}
		},
		{
			"type" : "Feature",
			"geometry" : {
				"type" : "Point",
				"coordinates" : [ -6.3789832318, 39.4790127547 ]
			},
			"properties" : {
				"NUCLEO" : "CACERES",
				"DISTRITO" : "CENTRO",
				"BARRIO" : "AGUAS VIVAS",
				"CODBARRIO" : 1,
				"CODIGO_VIA" : 681,
				"TIPO_VIA" : "CALLE",
				"NOMBRE_VIA" : "LA MARAÑOSA",
				"NUMPOL" : "7",
				"F_CREACION" : "12/11/20",
				"GESTION" : "PUBLICA",
				"URL_FICHA" : "https://sig.caceres.es/serweb/fichasig/fichamovilidadreducida.php?mslink=721",
				"URL_FOTO" : "https://sig.caceres.es/fotosOriginales/MOVILIDAD/681_1_1.JPG",
				"URL_VIA" : "https://sig.caceres.es/serweb/fichasig/fichacalle.php?codigo=681",
				"WGS84_X" : -6.378983,
				"WGS84_Y" : 39.479013,
				"COORD_X" : 725435,
				"COORD_Y" : 4373215
			}
		},
		{
			"type" : "Feature",
			"geometry" : {
				"type" : "Point",
				"coordinates" : [ -6.3740944916, 39.4595048503 ]
			},
			"properties" : {
				"NUCLEO" : "CACERES",
				"DISTRITO" : "SUR",
				"BARRIO" : "LLOPIS IVORRA",
				"CODBARRIO" : 39,
				"CODIGO_VIA" : 133,
				"TIPO_VIA" : "CALLE",
				"NOMBRE_VIA" : "COLOMBIA",
				"NUMPOL" : "28",
				"GESTION" : "PUBLICA",
				"URL_FICHA" : "https://sig.caceres.es/serweb/fichasig/fichamovilidadreducida.php?mslink=722",
				"URL_FOTO" : "https://sig.caceres.es/fotosOriginales/MOVILIDAD/133_1_1.JPG",
				"URL_VIA" : "https://sig.caceres.es/serweb/fichasig/fichacalle.php?codigo=133",
				"WGS84_X" : -6.374094,
				"WGS84_Y" : 39.459505,
				"COORD_X" : 725919,
				"COORD_Y" : 4371062
			}
		},
		{
			"type" : "Feature",
			"geometry" : {
				"type" : "Point",
				"coordinates" : [ -6.3737759977, 39.4610488479 ]
			},
			"properties" : {
				"NUCLEO" : "CACERES",
				"DISTRITO" : "CENTRO",
				"BARRIO" : "LA BONDAD",
				"CODBARRIO" : 31,
				"CODIGO_VIA" : 1288,
				"TIPO_VIA" : "AVDA",
				"NOMBRE_VIA" : "DE LA HISPANIDAD",
				"GESTION" : "PUBLICA",
				"URL_FICHA" : "https://sig.caceres.es/serweb/fichasig/fichamovilidadreducida.php?mslink=723",
				"URL_FOTO" : "https://sig.caceres.es/fotosOriginales/MOVILIDAD/1288_7_1.JPG",
				"URL_VIA" : "https://sig.caceres.es/serweb/fichasig/fichacalle.php?codigo=1288",
				"WGS84_X" : -6.373776,
				"WGS84_Y" : 39.461049,
				"COORD_X" : 725942,
				"COORD_Y" : 4371234
			}
		},
		{
			"type" : "Feature",
			"geometry" : {
				"type" : "Point",
				"coordinates" : [ -6.3817755781, 39.4729696637 ]
			},
			"properties" : {
				"NUCLEO" : "CACERES",
				"DISTRITO" : "OESTE",
				"BARRIO" : "LA MADRILA",
				"CODBARRIO" : 33,
				"CODIGO_VIA" : 338,
				"TIPO_VIA" : "CALLE",
				"NOMBRE_VIA" : "NAPOLES",
				"F_CREACION" : "17/05/24",
				"GESTION" : "PUBLICA",
				"URL_FICHA" : "https://sig.caceres.es/serweb/fichasig/fichamovilidadreducida.php?mslink=724",
				"URL_VIA" : "https://sig.caceres.es/serweb/fichasig/fichacalle.php?codigo=338",
				"WGS84_X" : -6.381776,
				"WGS84_Y" : 39.47297,
				"COORD_X" : 725215,
				"COORD_Y" : 4372537
			}
		},
		{
			"type" : "Feature",
			"geometry" : {
				"type" : "Point",
				"coordinates" : [ -6.3876278263, 39.4736696092 ]
			},
			"properties" : {
				"NUCLEO" : "CACERES",
				"DISTRITO" : "OESTE",
				"BARRIO" : "R-66A PARQUE DEL PRINCIPE",
				"CODBARRIO" : 61,
				"CODIGO_VIA" : 3586,
				"TIPO_VIA" : "CALLE",
				"NOMBRE_VIA" : "ISLA DE PALMA",
				"NUMPOL" : "6",
				"GESTION" : "PUBLICA",
				"URL_FICHA" : "https://sig.caceres.es/serweb/fichasig/fichamovilidadreducida.php?mslink=725",
				"URL_VIA" : "https://sig.caceres.es/serweb/fichasig/fichacalle.php?codigo=3586",
				"WGS84_X" : -6.387628,
				"WGS84_Y" : 39.47367,
				"COORD_X" : 724709,
				"COORD_Y" : 4372600
			}
		},
		{
			"type" : "Feature",
			"geometry" : {
				"type" : "Point",
				"coordinates" : [ -6.3977347472, 39.4676829017 ]
			},
			"properties" : {
				"NUCLEO" : "CACERES",
				"DISTRITO" : "OESTE",
				"BARRIO" : "ESTACION",
				"CODBARRIO" : 20,
				"CODIGO_VIA" : 4143,
				"TIPO_VIA" : "AVDA",
				"NOMBRE_VIA" : "DE LAS ARENAS",
				"GESTION" : "PRIVADA",
				"URL_FICHA" : "https://sig.caceres.es/serweb/fichasig/fichamovilidadreducida.php?mslink=726",
				"URL_FOTO" : "https://sig.caceres.es/fotosOriginales/MOVILIDAD/4143_7_1.JPG",
				"URL_VIA" : "https://sig.caceres.es/serweb/fichasig/fichacalle.php?codigo=4143",
				"WGS84_X" : -6.397735,
				"WGS84_Y" : 39.467683,
				"COORD_X" : 723859,
				"COORD_Y" : 4371911
			}
		},
		{
			"type" : "Feature",
			"geometry" : {
				"type" : "Point",
				"coordinates" : [ -6.397711796, 39.4676364521 ]
			},
			"properties" : {
				"NUCLEO" : "CACERES",
				"DISTRITO" : "OESTE",
				"BARRIO" : "ESTACION",
				"CODBARRIO" : 20,
				"CODIGO_VIA" : 4143,
				"TIPO_VIA" : "AVDA",
				"NOMBRE_VIA" : "DE LAS ARENAS",
				"GESTION" : "PRIVADA",
				"URL_FICHA" : "https://sig.caceres.es/serweb/fichasig/fichamovilidadreducida.php?mslink=727",
				"URL_FOTO" : "https://sig.caceres.es/fotosOriginales/MOVILIDAD/4143_7_1.JPG",
				"URL_VIA" : "https://sig.caceres.es/serweb/fichasig/fichacalle.php?codigo=4143",
				"WGS84_X" : -6.397712,
				"WGS84_Y" : 39.467636,
				"COORD_X" : 723861,
				"COORD_Y" : 4371905
			}
		},
		{
			"type" : "Feature",
			"geometry" : {
				"type" : "Point",
				"coordinates" : [ -6.3975966283, 39.4674261643 ]
			},
			"properties" : {
				"NUCLEO" : "CACERES",
				"DISTRITO" : "OESTE",
				"BARRIO" : "ESTACION",
				"CODBARRIO" : 20,
				"CODIGO_VIA" : 4143,
				"TIPO_VIA" : "AVDA",
				"NOMBRE_VIA" : "DE LAS ARENAS",
				"GESTION" : "PRIVADA",
				"URL_FICHA" : "https://sig.caceres.es/serweb/fichasig/fichamovilidadreducida.php?mslink=728",
				"URL_FOTO" : "https://sig.caceres.es/fotosOriginales/MOVILIDAD/4143_7_1.JPG",
				"URL_VIA" : "https://sig.caceres.es/serweb/fichasig/fichacalle.php?codigo=4143",
				"WGS84_X" : -6.397597,
				"WGS84_Y" : 39.467426,
				"COORD_X" : 723871,
				"COORD_Y" : 4371882
			}
		},
		{
			"type" : "Feature",
			"geometry" : {
				"type" : "Point",
				"coordinates" : [ -6.3975733162, 39.4673821243 ]
			},
			"properties" : {
				"NUCLEO" : "CACERES",
				"DISTRITO" : "OESTE",
				"BARRIO" : "ESTACION",
				"CODBARRIO" : 20,
				"CODIGO_VIA" : 4143,
				"TIPO_VIA" : "AVDA",
				"NOMBRE_VIA" : "DE LAS ARENAS",
				"GESTION" : "PRIVADA",
				"URL_FICHA" : "https://sig.caceres.es/serweb/fichasig/fichamovilidadreducida.php?mslink=729",
				"URL_FOTO" : "https://sig.caceres.es/fotosOriginales/MOVILIDAD/4143_7_1.JPG",
				"URL_VIA" : "https://sig.caceres.es/serweb/fichasig/fichacalle.php?codigo=4143",
				"WGS84_X" : -6.397573,
				"WGS84_Y" : 39.467382,
				"COORD_X" : 723874,
				"COORD_Y" : 4371878
			}
		},
		{
			"type" : "Feature",
			"geometry" : {
				"type" : "Point",
				"coordinates" : [ -6.3975290943, 39.4672987232 ]
			},
			"properties" : {
				"NUCLEO" : "CACERES",
				"DISTRITO" : "OESTE",
				"BARRIO" : "ESTACION",
				"CODBARRIO" : 20,
				"CODIGO_VIA" : 4143,
				"TIPO_VIA" : "AVDA",
				"NOMBRE_VIA" : "DE LAS ARENAS",
				"GESTION" : "PRIVADA",
				"URL_FICHA" : "https://sig.caceres.es/serweb/fichasig/fichamovilidadreducida.php?mslink=730",
				"URL_FOTO" : "https://sig.caceres.es/fotosOriginales/MOVILIDAD/4143_7_1.JPG",
				"URL_VIA" : "https://sig.caceres.es/serweb/fichasig/fichacalle.php?codigo=4143",
				"WGS84_X" : -6.397529,
				"WGS84_Y" : 39.467299,
				"COORD_X" : 723878,
				"COORD_Y" : 4371868
			}
		},
		{
			"type" : "Feature",
			"geometry" : {
				"type" : "Point",
				"coordinates" : [ -6.3975062005, 39.4672543772 ]
			},
			"properties" : {
				"NUCLEO" : "CACERES",
				"DISTRITO" : "OESTE",
				"BARRIO" : "ESTACION",
				"CODBARRIO" : 20,
				"CODIGO_VIA" : 4143,
				"TIPO_VIA" : "AVDA",
				"NOMBRE_VIA" : "DE LAS ARENAS",
				"GESTION" : "PRIVADA",
				"URL_FICHA" : "https://sig.caceres.es/serweb/fichasig/fichamovilidadreducida.php?mslink=731",
				"URL_FOTO" : "https://sig.caceres.es/fotosOriginales/MOVILIDAD/4143_7_1.JPG",
				"URL_VIA" : "https://sig.caceres.es/serweb/fichasig/fichacalle.php?codigo=4143",
				"WGS84_X" : -6.397506,
				"WGS84_Y" : 39.467254,
				"COORD_X" : 723880,
				"COORD_Y" : 4371864
			}
		},
		{
			"type" : "Feature",
			"geometry" : {
				"type" : "Point",
				"coordinates" : [ -6.3827374682, 39.4558546854 ]
			},
			"properties" : {
				"NUCLEO" : "CACERES",
				"DISTRITO" : "SUR",
				"BARRIO" : "SAN ANTONIO (NUEVO CACERES)",
				"CODBARRIO" : 62,
				"CODIGO_VIA" : 3640,
				"TIPO_VIA" : "CALLE",
				"NOMBRE_VIA" : "SAN PETERSBURGO",
				"NUMPOL" : "10",
				"GESTION" : "PRIVADA",
				"URL_FICHA" : "https://sig.caceres.es/serweb/fichasig/fichamovilidadreducida.php?mslink=732",
				"URL_FOTO" : "https://sig.caceres.es/fotosOriginales/MOVILIDAD/3640_3_1.JPG",
				"URL_VIA" : "https://sig.caceres.es/serweb/fichasig/fichacalle.php?codigo=4143",
				"WGS84_X" : -6.382737,
				"WGS84_Y" : 39.455855,
				"COORD_X" : 725187,
				"COORD_Y" : 4370635
			}
		},
		{
			"type" : "Feature",
			"geometry" : {
				"type" : "Point",
				"coordinates" : [ -6.3827824091, 39.4558506653 ]
			},
			"properties" : {
				"NUCLEO" : "CACERES",
				"DISTRITO" : "SUR",
				"BARRIO" : "SAN ANTONIO (NUEVO CACERES)",
				"CODBARRIO" : 62,
				"CODIGO_VIA" : 3640,
				"TIPO_VIA" : "CALLE",
				"NOMBRE_VIA" : "SAN PETERSBURGO",
				"NUMPOL" : "10",
				"GESTION" : "PRIVADA",
				"URL_FICHA" : "https://sig.caceres.es/serweb/fichasig/fichamovilidadreducida.php?mslink=733",
				"URL_FOTO" : "https://sig.caceres.es/fotosOriginales/MOVILIDAD/3640_3_1.JPG",
				"URL_VIA" : "https://sig.caceres.es/serweb/fichasig/fichacalle.php?codigo=4143",
				"WGS84_X" : -6.382782,
				"WGS84_Y" : 39.455851,
				"COORD_X" : 725183,
				"COORD_Y" : 4370634
			}
		},
		{
			"type" : "Feature",
			"geometry" : {
				"type" : "Point",
				"coordinates" : [ -6.3828262224, 39.4558420907 ]
			},
			"properties" : {
				"NUCLEO" : "CACERES",
				"DISTRITO" : "SUR",
				"BARRIO" : "SAN ANTONIO (NUEVO CACERES)",
				"CODBARRIO" : 62,
				"CODIGO_VIA" : 3640,
				"TIPO_VIA" : "CALLE",
				"NOMBRE_VIA" : "SAN PETERSBURGO",
				"NUMPOL" : "10",
				"GESTION" : "PRIVADA",
				"URL_FICHA" : "https://sig.caceres.es/serweb/fichasig/fichamovilidadreducida.php?mslink=734",
				"URL_FOTO" : "https://sig.caceres.es/fotosOriginales/MOVILIDAD/3640_3_1.JPG",
				"URL_VIA" : "https://sig.caceres.es/serweb/fichasig/fichacalle.php?codigo=4143",
				"WGS84_X" : -6.382826,
				"WGS84_Y" : 39.455842,
				"COORD_X" : 725180,
				"COORD_Y" : 4370633
			}
		},
		{
			"type" : "Feature",
			"geometry" : {
				"type" : "Point",
				"coordinates" : [ -6.382668719, 39.4569390577 ]
			},
			"properties" : {
				"NUCLEO" : "CACERES",
				"DISTRITO" : "SUR",
				"BARRIO" : "SAN ANTONIO (NUEVO CACERES)",
				"CODBARRIO" : 62,
				"CODIGO_VIA" : 3640,
				"TIPO_VIA" : "CALLE",
				"NOMBRE_VIA" : "SAN PETERSBURGO",
				"GESTION" : "PUBLICA",
				"URL_FICHA" : "https://sig.caceres.es/serweb/fichasig/fichamovilidadreducida.php?mslink=735",
				"URL_VIA" : "https://sig.caceres.es/serweb/fichasig/fichacalle.php?codigo=4143",
				"WGS84_X" : -6.382669,
				"WGS84_Y" : 39.456939,
				"COORD_X" : 725190,
				"COORD_Y" : 4370756
			}
		},
		{
			"type" : "Feature",
			"geometry" : {
				"type" : "Point",
				"coordinates" : [ -6.3826793081, 39.4569796408 ]
			},
			"properties" : {
				"NUCLEO" : "CACERES",
				"DISTRITO" : "SUR",
				"BARRIO" : "SAN ANTONIO (NUEVO CACERES)",
				"CODBARRIO" : 62,
				"CODIGO_VIA" : 3640,
				"TIPO_VIA" : "CALLE",
				"NOMBRE_VIA" : "SAN PETERSBURGO",
				"GESTION" : "PUBLICA",
				"URL_FICHA" : "https://sig.caceres.es/serweb/fichasig/fichamovilidadreducida.php?mslink=736",
				"URL_VIA" : "https://sig.caceres.es/serweb/fichasig/fichacalle.php?codigo=4143",
				"WGS84_X" : -6.382679,
				"WGS84_Y" : 39.45698,
				"COORD_X" : 725189,
				"COORD_Y" : 4370760
			}
		},
		{
			"type" : "Feature",
			"geometry" : {
				"type" : "Point",
				"coordinates" : [ -6.3827255173, 39.4571545771 ]
			},
			"properties" : {
				"NUCLEO" : "CACERES",
				"DISTRITO" : "SUR",
				"BARRIO" : "SAN ANTONIO (NUEVO CACERES)",
				"CODBARRIO" : 62,
				"CODIGO_VIA" : 3640,
				"TIPO_VIA" : "CALLE",
				"NOMBRE_VIA" : "SAN PETERSBURGO",
				"GESTION" : "PUBLICA",
				"URL_FICHA" : "https://sig.caceres.es/serweb/fichasig/fichamovilidadreducida.php?mslink=737",
				"URL_VIA" : "https://sig.caceres.es/serweb/fichasig/fichacalle.php?codigo=4143",
				"WGS84_X" : -6.382726,
				"WGS84_Y" : 39.457155,
				"COORD_X" : 725184,
				"COORD_Y" : 4370779
			}
		},
		{
			"type" : "Feature",
			"geometry" : {
				"type" : "Point",
				"coordinates" : [ -6.3827358058, 39.4571954888 ]
			},
			"properties" : {
				"NUCLEO" : "CACERES",
				"DISTRITO" : "SUR",
				"BARRIO" : "SAN ANTONIO (NUEVO CACERES)",
				"CODBARRIO" : 62,
				"CODIGO_VIA" : 3640,
				"TIPO_VIA" : "CALLE",
				"NOMBRE_VIA" : "SAN PETERSBURGO",
				"GESTION" : "PUBLICA",
				"URL_FICHA" : "https://sig.caceres.es/serweb/fichasig/fichamovilidadreducida.php?mslink=738",
				"URL_VIA" : "https://sig.caceres.es/serweb/fichasig/fichacalle.php?codigo=4143",
				"WGS84_X" : -6.382736,
				"WGS84_Y" : 39.457195,
				"COORD_X" : 725183,
				"COORD_Y" : 4370784
			}
		},
		{
			"type" : "Feature",
			"geometry" : {
				"type" : "Point",
				"coordinates" : [ -6.3828654567, 39.4576854503 ]
			},
			"properties" : {
				"NUCLEO" : "CACERES",
				"DISTRITO" : "SUR",
				"BARRIO" : "SAN ANTONIO (NUEVO CACERES)",
				"CODBARRIO" : 62,
				"CODIGO_VIA" : 3640,
				"TIPO_VIA" : "CALLE",
				"NOMBRE_VIA" : "SAN PETERSBURGO",
				"GESTION" : "PUBLICA",
				"URL_FICHA" : "https://sig.caceres.es/serweb/fichasig/fichamovilidadreducida.php?mslink=739",
				"URL_VIA" : "https://sig.caceres.es/serweb/fichasig/fichacalle.php?codigo=4143",
				"WGS84_X" : -6.382865,
				"WGS84_Y" : 39.457685,
				"COORD_X" : 725170,
				"COORD_Y" : 4370838
			}
		},
		{
			"type" : "Feature",
			"geometry" : {
				"type" : "Point",
				"coordinates" : [ -6.382540917, 39.4564528256 ]
			},
			"properties" : {
				"NUCLEO" : "CACERES",
				"DISTRITO" : "SUR",
				"BARRIO" : "SAN ANTONIO (NUEVO CACERES)",
				"CODBARRIO" : 62,
				"CODIGO_VIA" : 3640,
				"TIPO_VIA" : "CALLE",
				"NOMBRE_VIA" : "SAN PETERSBURGO",
				"NUMPOL" : "10",
				"GESTION" : "PUBLICA",
				"URL_FICHA" : "https://sig.caceres.es/serweb/fichasig/fichamovilidadreducida.php?mslink=740",
				"URL_VIA" : "https://sig.caceres.es/serweb/fichasig/fichacalle.php?codigo=4143",
				"WGS84_X" : -6.382541,
				"WGS84_Y" : 39.456453,
				"COORD_X" : 725202,
				"COORD_Y" : 4370702
			}
		},
		{
			"type" : "Feature",
			"geometry" : {
				"type" : "Point",
				"coordinates" : [ -6.368057317, 39.480922925 ]
			},
			"properties" : {
				"NUCLEO" : "CACERES",
				"DISTRITO" : "CENTRO",
				"BARRIO" : "SAN BLAS",
				"CODBARRIO" : 63,
				"CODIGO_VIA" : 284,
				"TIPO_VIA" : "CALLE",
				"NOMBRE_VIA" : "LOPE DE VEGA",
				"GESTION" : "PUBLICA",
				"URL_FICHA" : "https://sig.caceres.es/serweb/fichasig/fichamovilidadreducida.php?mslink=741",
				"URL_FOTO" : "https://sig.caceres.es/fotosOriginales/MOVILIDAD/284_1_1.JPG",
				"URL_VIA" : "https://sig.caceres.es/serweb/fichasig/fichacalle.php?codigo=284",
				"WGS84_X" : -6.368057,
				"WGS84_Y" : 39.480923,
				"COORD_X" : 726369,
				"COORD_Y" : 4373454
			}
		},
		{
			"type" : "Feature",
			"geometry" : {
				"type" : "Point",
				"coordinates" : [ -6.3692110526, 39.4798627126 ]
			},
			"properties" : {
				"NUCLEO" : "CACERES",
				"DISTRITO" : "CENTRO",
				"BARRIO" : "SAN BLAS",
				"CODBARRIO" : 63,
				"CODIGO_VIA" : 3052,
				"TIPO_VIA" : "AVDA",
				"NOMBRE_VIA" : "SAN BLAS",
				"GESTION" : "PUBLICA",
				"URL_FICHA" : "https://sig.caceres.es/serweb/fichasig/fichamovilidadreducida.php?mslink=742",
				"URL_FOTO" : "https://sig.caceres.es/fotosOriginales/MOVILIDAD/3052_1_1.JPG",
				"URL_VIA" : "https://sig.caceres.es/serweb/fichasig/fichacalle.php?codigo=3052",
				"WGS84_X" : -6.369211,
				"WGS84_Y" : 39.479863,
				"COORD_X" : 726273,
				"COORD_Y" : 4373334
			}
		},
		{
			"type" : "Feature",
			"geometry" : {
				"type" : "Point",
				"coordinates" : [ -6.3817246503, 39.4732379348 ]
			},
			"properties" : {
				"NUCLEO" : "CACERES",
				"DISTRITO" : "OESTE",
				"BARRIO" : "LA MADRILA",
				"CODBARRIO" : 33,
				"CODIGO_VIA" : 318,
				"TIPO_VIA" : "CALLE",
				"NOMBRE_VIA" : "MONACO",
				"NUMPOL" : "1",
				"F_CREACION" : "24/01/25",
				"GESTION" : "PUBLICA",
				"URL_FICHA" : "https://sig.caceres.es/serweb/fichasig/fichamovilidadreducida.php?mslink=743",
				"URL_FOTO" : "https://sig.caceres.es/fotosOriginales/MOVILIDAD/318_1_1.JPG",
				"URL_VIA" : "https://sig.caceres.es/serweb/fichasig/fichacalle.php?codigo=318",
				"WGS84_X" : -6.381725,
				"WGS84_Y" : 39.473238,
				"COORD_X" : 725218,
				"COORD_Y" : 4372567
			}
		},
		{
			"type" : "Feature",
			"geometry" : {
				"type" : "Point",
				"coordinates" : [ -6.3991257081, 39.4685708587 ]
			},
			"properties" : {
				"NUCLEO" : "CACERES",
				"DISTRITO" : "OESTE",
				"BARRIO" : "LOS CASTELLANOS",
				"CODBARRIO" : 40,
				"CODIGO_VIA" : 3609,
				"TIPO_VIA" : "CALLE",
				"NOMBRE_VIA" : "MIGUEL SERRANO",
				"NUMPOL" : "17",
				"GESTION" : "PUBLICA",
				"URL_FICHA" : "https://sig.caceres.es/serweb/fichasig/fichamovilidadreducida.php?mslink=744",
				"URL_FOTO" : "https://sig.caceres.es/fotosOriginales/MOVILIDAD/3609_3_1.JPG",
				"URL_VIA" : "https://sig.caceres.es/serweb/fichasig/fichacalle.php?codigo=3609",
				"WGS84_X" : -6.399126,
				"WGS84_Y" : 39.468571,
				"COORD_X" : 723736,
				"COORD_Y" : 4372006
			}
		},
		{
			"type" : "Feature",
			"geometry" : {
				"type" : "Point",
				"coordinates" : [ -6.3812837347, 39.4724187737 ]
			},
			"properties" : {
				"NUCLEO" : "CACERES",
				"DISTRITO" : "OESTE",
				"BARRIO" : "LA MADRILA",
				"CODBARRIO" : 33,
				"CODIGO_VIA" : 281,
				"TIPO_VIA" : "CALLE",
				"NOMBRE_VIA" : "LISBOA",
				"NUMPOL" : "2",
				"F_CREACION" : "5/03/2024",
				"GESTION" : "PUBLICA",
				"URL_FICHA" : "https://sig.caceres.es/serweb/fichasig/fichamovilidadreducida.php?mslink=745",
				"URL_FOTO" : "https://sig.caceres.es/fotosOriginales/MOVILIDAD/281_1_1.JPG",
				"URL_VIA" : "https://sig.caceres.es/serweb/fichasig/fichacalle.php?codigo=281",
				"WGS84_X" : -6.381284,
				"WGS84_Y" : 39.472419,
				"COORD_X" : 725259,
				"COORD_Y" : 4372477
			}
		},
		{
			"type" : "Feature",
			"geometry" : {
				"type" : "Point",
				"coordinates" : [ -6.3674121786, 39.4735755015 ]
			},
			"properties" : {
				"NUCLEO" : "CACERES",
				"DISTRITO" : "CENTRO",
				"BARRIO" : "SAN MARQUINO",
				"CODBARRIO" : 68,
				"CODIGO_VIA" : 1496,
				"TIPO_VIA" : "CALLE",
				"NOMBRE_VIA" : "FUENTE ROCHA",
				"NUMPOL" : "14",
				"GESTION" : "PUBLICA",
				"URL_FICHA" : "https://sig.caceres.es/serweb/fichasig/fichamovilidadreducida.php?mslink=746",
				"URL_FOTO" : "https://sig.caceres.es/fotosOriginales/MOVILIDAD/1496_2_1.JPG",
				"URL_VIA" : "https://sig.caceres.es/serweb/fichasig/fichacalle.php?codigo=1496",
				"WGS84_X" : -6.367412,
				"WGS84_Y" : 39.473576,
				"COORD_X" : 726448,
				"COORD_Y" : 4372640
			}
		},
		{
			"type" : "Feature",
			"geometry" : {
				"type" : "Point",
				"coordinates" : [ -6.3816298054, 39.4666809494 ]
			},
			"properties" : {
				"NUCLEO" : "CACERES",
				"DISTRITO" : "CENTRO",
				"BARRIO" : "ARGENTINA",
				"CODBARRIO" : 2,
				"CODIGO_VIA" : 208,
				"TIPO_VIA" : "CALLE",
				"NOMBRE_VIA" : "GARCIA PLATA DE OSMA",
				"NUMPOL" : "18",
				"F_CREACION" : "6/09/2024",
				"GESTION" : "PUBLICA",
				"URL_FICHA" : "https://sig.caceres.es/serweb/fichasig/fichamovilidadreducida.php?mslink=747",
				"URL_FOTO" : "https://sig.caceres.es/fotosOriginales/MOVILIDAD/208_4_1.JPG",
				"URL_VIA" : "https://sig.caceres.es/serweb/fichasig/fichacalle.php?codigo=208",
				"WGS84_X" : -6.38163,
				"WGS84_Y" : 39.466681,
				"COORD_X" : 725248,
				"COORD_Y" : 4371839
			}
		},
		{
			"type" : "Feature",
			"geometry" : {
				"type" : "Point",
				"coordinates" : [ -6.3655468624, 39.4749010463 ]
			},
			"properties" : {
				"NUCLEO" : "CACERES",
				"DISTRITO" : "CENTRO",
				"BARRIO" : "SAN MARQUINO",
				"CODBARRIO" : 68,
				"CODIGO_VIA" : 220,
				"TIPO_VIA" : "CALLE",
				"NOMBRE_VIA" : "GENEROSIDAD",
				"NUMPOL" : "13",
				"F_CREACION" : "21/11/24",
				"GESTION" : "PUBLICA",
				"URL_FICHA" : "https://sig.caceres.es/serweb/fichasig/fichamovilidadreducida.php?mslink=748",
				"URL_FOTO" : "https://sig.caceres.es/fotosOriginales/MOVILIDAD/220_2_1.JPG",
				"URL_VIA" : "https://sig.caceres.es/serweb/fichasig/fichacalle.php?codigo=220",
				"WGS84_X" : -6.365547,
				"WGS84_Y" : 39.474901,
				"COORD_X" : 726605,
				"COORD_Y" : 4372792
			}
		},
		{
			"type" : "Feature",
			"geometry" : {
				"type" : "Point",
				"coordinates" : [ -6.4007923455, 39.4618716256 ]
			},
			"properties" : {
				"NUCLEO" : "CACERES",
				"DISTRITO" : "OESTE",
				"BARRIO" : "EL JUNQUILLO",
				"CODBARRIO" : 15,
				"CODIGO_VIA" : 4145,
				"TIPO_VIA" : "CALLE",
				"NOMBRE_VIA" : "DALIA",
				"NUMPOL" : "50",
				"F_CREACION" : "10/12/24",
				"GESTION" : "PUBLICA",
				"URL_FICHA" : "https://sig.caceres.es/serweb/fichasig/fichamovilidadreducida.php?mslink=749",
				"URL_FOTO" : "https://sig.caceres.es/fotosOriginales/MOVILIDAD/4145_1_1.JPG",
				"URL_VIA" : "https://sig.caceres.es/serweb/fichasig/fichacalle.php?codigo=4145",
				"WGS84_X" : -6.400792,
				"WGS84_Y" : 39.461872,
				"COORD_X" : 723614,
				"COORD_Y" : 4371258
			}
		},
		{
			"type" : "Feature",
			"geometry" : {
				"type" : "Point",
				"coordinates" : [ -6.376018972, 39.4781215427 ]
			},
			"properties" : {
				"NUCLEO" : "CACERES",
				"DISTRITO" : "CENTRO",
				"BARRIO" : "PEÑA REDONDA",
				"CODBARRIO" : 51,
				"CODIGO_VIA" : 1452,
				"TIPO_VIA" : "CALLE",
				"NOMBRE_VIA" : "TRAJANO",
				"NUMPOL" : "1",
				"F_CREACION" : "23/11/23",
				"GESTION" : "PUBLICA",
				"URL_FICHA" : "https://sig.caceres.es/serweb/fichasig/fichamovilidadreducida.php?mslink=750",
				"URL_FOTO" : "https://sig.caceres.es/fotosOriginales/MOVILIDAD/1452_2_1.JPG",
				"URL_VIA" : "https://sig.caceres.es/serweb/fichasig/fichacalle.php?codigo=1452",
				"WGS84_X" : -6.376019,
				"WGS84_Y" : 39.478122,
				"COORD_X" : 725693,
				"COORD_Y" : 4373123
			}
		},
		{
			"type" : "Feature",
			"geometry" : {
				"type" : "Point",
				"coordinates" : [ -6.3787742249, 39.4784476703 ]
			},
			"properties" : {
				"NUCLEO" : "CACERES",
				"DISTRITO" : "CENTRO",
				"BARRIO" : "AGUAS VIVAS",
				"CODBARRIO" : 1,
				"CODIGO_VIA" : 507,
				"TIPO_VIA" : "CALLE",
				"NOMBRE_VIA" : "TOMAS DE LA HUERTA",
				"NUMPOL" : "18",
				"GESTION" : "PUBLICA",
				"URL_FICHA" : "https://sig.caceres.es/serweb/fichasig/fichamovilidadreducida.php?mslink=751",
				"URL_FOTO" : "https://sig.caceres.es/fotosOriginales/MOVILIDAD/507_1_1.JPG",
				"URL_VIA" : "https://sig.caceres.es/serweb/fichasig/fichacalle.php?codigo=507",
				"WGS84_X" : -6.378774,
				"WGS84_Y" : 39.478448,
				"COORD_X" : 725455,
				"COORD_Y" : 4373153
			}
		},
		{
			"type" : "Feature",
			"geometry" : {
				"type" : "Point",
				"coordinates" : [ -6.3783865412, 39.4571683897 ]
			},
			"properties" : {
				"NUCLEO" : "CACERES",
				"DISTRITO" : "SUR",
				"BARRIO" : "NUEVO CACERES",
				"CODBARRIO" : 62,
				"CODIGO_VIA" : 3625,
				"TIPO_VIA" : "AVDA",
				"NOMBRE_VIA" : "PIERRE DE COUBERTIN",
				"GESTION" : "PUBLICA",
				"URL_FICHA" : "https://sig.caceres.es/serweb/fichasig/fichamovilidadreducida.php?mslink=752",
				"URL_FOTO" : "https://sig.caceres.es/fotosOriginales/MOVILIDAD/3625_5_1.JPG",
				"URL_VIA" : "https://sig.caceres.es/serweb/fichasig/fichacalle.php?codigo=3625",
				"WGS84_X" : -6.378387,
				"WGS84_Y" : 39.457168,
				"COORD_X" : 725557,
				"COORD_Y" : 4370792
			}
		},
		{
			"type" : "Feature",
			"geometry" : {
				"type" : "Point",
				"coordinates" : [ -6.3783957067, 39.4572063036 ]
			},
			"properties" : {
				"NUCLEO" : "CACERES",
				"DISTRITO" : "SUR",
				"BARRIO" : "NUEVO CACERES",
				"CODBARRIO" : 62,
				"CODIGO_VIA" : 3625,
				"TIPO_VIA" : "AVDA",
				"NOMBRE_VIA" : "PIERRE DE COUBERTIN",
				"GESTION" : "PUBLICA",
				"URL_FICHA" : "https://sig.caceres.es/serweb/fichasig/fichamovilidadreducida.php?mslink=753",
				"URL_FOTO" : "https://sig.caceres.es/fotosOriginales/MOVILIDAD/3625_6_1.JPG",
				"URL_VIA" : "https://sig.caceres.es/serweb/fichasig/fichacalle.php?codigo=3625",
				"WGS84_X" : -6.378396,
				"WGS84_Y" : 39.457206,
				"COORD_X" : 725556,
				"COORD_Y" : 4370796
			}
		},
		{
			"type" : "Feature",
			"geometry" : {
				"type" : "Point",
				"coordinates" : [ -6.377295696, 39.4573733271 ]
			},
			"properties" : {
				"NUCLEO" : "CACERES",
				"DISTRITO" : "SUR",
				"BARRIO" : "VERA CRUZ",
				"CODBARRIO" : 62,
				"CODIGO_VIA" : 3010,
				"TIPO_VIA" : "AVDA",
				"NOMBRE_VIA" : "DE LA PIZARRA",
				"GESTION" : "PUBLICA",
				"URL_FICHA" : "https://sig.caceres.es/serweb/fichasig/fichamovilidadreducida.php?mslink=754",
				"URL_FOTO" : "https://sig.caceres.es/fotosOriginales/MOVILIDAD/3625_5_1.JPG",
				"URL_VIA" : "https://sig.caceres.es/serweb/fichasig/fichacalle.php?codigo=3625",
				"WGS84_X" : -6.377296,
				"WGS84_Y" : 39.457373,
				"COORD_X" : 725651,
				"COORD_Y" : 4370817
			}
		},
		{
			"type" : "Feature",
			"geometry" : {
				"type" : "Point",
				"coordinates" : [ -6.3773610911, 39.4576193631 ]
			},
			"properties" : {
				"NUCLEO" : "CACERES",
				"DISTRITO" : "SUR",
				"BARRIO" : "VERA CRUZ",
				"CODBARRIO" : 62,
				"CODIGO_VIA" : 3010,
				"TIPO_VIA" : "AVDA",
				"NOMBRE_VIA" : "DE LA PIZARRA",
				"GESTION" : "PUBLICA",
				"URL_FICHA" : "https://sig.caceres.es/serweb/fichasig/fichamovilidadreducida.php?mslink=755",
				"URL_FOTO" : "https://sig.caceres.es/fotosOriginales/MOVILIDAD/3625_4_1.JPG",
				"URL_VIA" : "https://sig.caceres.es/serweb/fichasig/fichacalle.php?codigo=3625",
				"WGS84_X" : -6.377361,
				"WGS84_Y" : 39.457619,
				"COORD_X" : 725644,
				"COORD_Y" : 4370844
			}
		},
		{
			"type" : "Feature",
			"geometry" : {
				"type" : "Point",
				"coordinates" : [ -6.3773717991, 39.4576565076 ]
			},
			"properties" : {
				"NUCLEO" : "CACERES",
				"DISTRITO" : "SUR",
				"BARRIO" : "VERA CRUZ",
				"CODBARRIO" : 62,
				"CODIGO_VIA" : 3010,
				"TIPO_VIA" : "AVDA",
				"NOMBRE_VIA" : "DE LA PIZARRA",
				"GESTION" : "PUBLICA",
				"URL_FICHA" : "https://sig.caceres.es/serweb/fichasig/fichamovilidadreducida.php?mslink=756",
				"URL_FOTO" : "https://sig.caceres.es/fotosOriginales/MOVILIDAD/3625_4_1.JPG",
				"URL_VIA" : "https://sig.caceres.es/serweb/fichasig/fichacalle.php?codigo=3625",
				"WGS84_X" : -6.377372,
				"WGS84_Y" : 39.457657,
				"COORD_X" : 725643,
				"COORD_Y" : 4370848
			}
		},
		{
			"type" : "Feature",
			"geometry" : {
				"type" : "Point",
				"coordinates" : [ -6.3800215685, 39.4766628116 ]
			},
			"properties" : {
				"NUCLEO" : "CACERES",
				"DISTRITO" : "OESTE",
				"BARRIO" : "LA MADRILA",
				"CODBARRIO" : 33,
				"CODIGO_VIA" : 3534,
				"TIPO_VIA" : "CALLE",
				"NOMBRE_VIA" : "JOSE LUIS COTALLO",
				"GESTION" : "PUBLICA",
				"URL_FICHA" : "https://sig.caceres.es/serweb/fichasig/fichamovilidadreducida.php?mslink=757",
				"URL_FOTO" : "https://sig.caceres.es/fotosOriginales/MOVILIDAD/3534_3_1.JPG",
				"URL_VIA" : "https://sig.caceres.es/serweb/fichasig/fichacalle.php?codigo=3534",
				"WGS84_X" : -6.380022,
				"WGS84_Y" : 39.476663,
				"COORD_X" : 725354,
				"COORD_Y" : 4372952
			}
		},
		{
			"type" : "Feature",
			"geometry" : {
				"type" : "Point",
				"coordinates" : [ -6.3800076982, 39.4767000659 ]
			},
			"properties" : {
				"NUCLEO" : "CACERES",
				"DISTRITO" : "OESTE",
				"BARRIO" : "LA MADRILA",
				"CODBARRIO" : 33,
				"CODIGO_VIA" : 3534,
				"TIPO_VIA" : "CALLE",
				"NOMBRE_VIA" : "JOSE LUIS COTALLO",
				"GESTION" : "PUBLICA",
				"URL_FICHA" : "https://sig.caceres.es/serweb/fichasig/fichamovilidadreducida.php?mslink=758",
				"URL_FOTO" : "https://sig.caceres.es/fotosOriginales/MOVILIDAD/3534_3_1.JPG",
				"URL_VIA" : "https://sig.caceres.es/serweb/fichasig/fichacalle.php?codigo=3534",
				"WGS84_X" : -6.380008,
				"WGS84_Y" : 39.4767,
				"COORD_X" : 725355,
				"COORD_Y" : 4372956
			}
		},
		{
			"type" : "Feature",
			"geometry" : {
				"type" : "Point",
				"coordinates" : [ -6.3799934029, 39.4767374013 ]
			},
			"properties" : {
				"NUCLEO" : "CACERES",
				"DISTRITO" : "OESTE",
				"BARRIO" : "LA MADRILA",
				"CODBARRIO" : 33,
				"CODIGO_VIA" : 3534,
				"TIPO_VIA" : "CALLE",
				"NOMBRE_VIA" : "JOSE LUIS COTALLO",
				"GESTION" : "PUBLICA",
				"URL_FICHA" : "https://sig.caceres.es/serweb/fichasig/fichamovilidadreducida.php?mslink=759",
				"URL_FOTO" : "https://sig.caceres.es/fotosOriginales/MOVILIDAD/3534_3_1.JPG",
				"URL_VIA" : "https://sig.caceres.es/serweb/fichasig/fichacalle.php?codigo=3534",
				"WGS84_X" : -6.379993,
				"WGS84_Y" : 39.476737,
				"COORD_X" : 725356,
				"COORD_Y" : 4372960
			}
		},
		{
			"type" : "Feature",
			"geometry" : {
				"type" : "Point",
				"coordinates" : [ -6.3799800687, 39.476774621 ]
			},
			"properties" : {
				"NUCLEO" : "CACERES",
				"DISTRITO" : "OESTE",
				"BARRIO" : "LA MADRILA",
				"CODBARRIO" : 33,
				"CODIGO_VIA" : 3534,
				"TIPO_VIA" : "CALLE",
				"NOMBRE_VIA" : "JOSE LUIS COTALLO",
				"GESTION" : "PUBLICA",
				"URL_FICHA" : "https://sig.caceres.es/serweb/fichasig/fichamovilidadreducida.php?mslink=760",
				"URL_FOTO" : "https://sig.caceres.es/fotosOriginales/MOVILIDAD/3534_3_1.JPG",
				"URL_VIA" : "https://sig.caceres.es/serweb/fichasig/fichacalle.php?codigo=3534",
				"WGS84_X" : -6.37998,
				"WGS84_Y" : 39.476775,
				"COORD_X" : 725357,
				"COORD_Y" : 4372964
			}
		},
		{
			"type" : "Feature",
			"geometry" : {
				"type" : "Point",
				"coordinates" : [ -6.3799657442, 39.476811127 ]
			},
			"properties" : {
				"NUCLEO" : "CACERES",
				"DISTRITO" : "OESTE",
				"BARRIO" : "LA MADRILA",
				"CODBARRIO" : 33,
				"CODIGO_VIA" : 3534,
				"TIPO_VIA" : "CALLE",
				"NOMBRE_VIA" : "JOSE LUIS COTALLO",
				"GESTION" : "PUBLICA",
				"URL_FICHA" : "https://sig.caceres.es/serweb/fichasig/fichamovilidadreducida.php?mslink=761",
				"URL_FOTO" : "https://sig.caceres.es/fotosOriginales/MOVILIDAD/3534_4_1.JPG",
				"URL_VIA" : "https://sig.caceres.es/serweb/fichasig/fichacalle.php?codigo=3534",
				"WGS84_X" : -6.379966,
				"WGS84_Y" : 39.476811,
				"COORD_X" : 725358,
				"COORD_Y" : 4372968
			}
		},
		{
			"type" : "Feature",
			"geometry" : {
				"type" : "Point",
				"coordinates" : [ -6.3799522284, 39.4768484234 ]
			},
			"properties" : {
				"NUCLEO" : "CACERES",
				"DISTRITO" : "OESTE",
				"BARRIO" : "LA MADRILA",
				"CODBARRIO" : 33,
				"CODIGO_VIA" : 3534,
				"TIPO_VIA" : "CALLE",
				"NOMBRE_VIA" : "JOSE LUIS COTALLO",
				"GESTION" : "PUBLICA",
				"URL_FICHA" : "https://sig.caceres.es/serweb/fichasig/fichamovilidadreducida.php?mslink=762",
				"URL_FOTO" : "https://sig.caceres.es/fotosOriginales/MOVILIDAD/3534_4_1.JPG",
				"URL_VIA" : "https://sig.caceres.es/serweb/fichasig/fichacalle.php?codigo=3534",
				"WGS84_X" : -6.379952,
				"WGS84_Y" : 39.476848,
				"COORD_X" : 725359,
				"COORD_Y" : 4372972
			}
		},
		{
			"type" : "Feature",
			"geometry" : {
				"type" : "Point",
				"coordinates" : [ -6.3799386608, 39.4768858388 ]
			},
			"properties" : {
				"NUCLEO" : "CACERES",
				"DISTRITO" : "OESTE",
				"BARRIO" : "LA MADRILA",
				"CODBARRIO" : 33,
				"CODIGO_VIA" : 3534,
				"TIPO_VIA" : "CALLE",
				"NOMBRE_VIA" : "JOSE LUIS COTALLO",
				"GESTION" : "PUBLICA",
				"URL_FICHA" : "https://sig.caceres.es/serweb/fichasig/fichamovilidadreducida.php?mslink=763",
				"URL_FOTO" : "https://sig.caceres.es/fotosOriginales/MOVILIDAD/3534_4_1.JPG",
				"URL_VIA" : "https://sig.caceres.es/serweb/fichasig/fichacalle.php?codigo=3534",
				"WGS84_X" : -6.379939,
				"WGS84_Y" : 39.476886,
				"COORD_X" : 725360,
				"COORD_Y" : 4372976
			}
		},
		{
			"type" : "Feature",
			"geometry" : {
				"type" : "Point",
				"coordinates" : [ -6.3799243141, 39.4769210842 ]
			},
			"properties" : {
				"NUCLEO" : "CACERES",
				"DISTRITO" : "OESTE",
				"BARRIO" : "LA MADRILA",
				"CODBARRIO" : 33,
				"CODIGO_VIA" : 3534,
				"TIPO_VIA" : "CALLE",
				"NOMBRE_VIA" : "JOSE LUIS COTALLO",
				"GESTION" : "PUBLICA",
				"URL_FICHA" : "https://sig.caceres.es/serweb/fichasig/fichamovilidadreducida.php?mslink=764",
				"URL_FOTO" : "https://sig.caceres.es/fotosOriginales/MOVILIDAD/3534_4_1.JPG",
				"URL_VIA" : "https://sig.caceres.es/serweb/fichasig/fichacalle.php?codigo=3534",
				"WGS84_X" : -6.379924,
				"WGS84_Y" : 39.476921,
				"COORD_X" : 725361,
				"COORD_Y" : 4372980
			}
		},
		{
			"type" : "Feature",
			"geometry" : {
				"type" : "Point",
				"coordinates" : [ -6.3729845159, 39.4489783181 ]
			},
			"properties" : {
				"NUCLEO" : "CACERES",
				"DISTRITO" : "SUR",
				"BARRIO" : "CASA PLATA",
				"CODBARRIO" : 8,
				"CODIGO_VIA" : 4139,
				"TIPO_VIA" : "CALLE",
				"NOMBRE_VIA" : "TORRE DE FLORIPES",
				"NUMPOL" : "31",
				"GESTION" : "PRIVADA",
				"URL_FICHA" : "https://sig.caceres.es/serweb/fichasig/fichamovilidadreducida.php?mslink=765",
				"URL_FOTO" : "https://sig.caceres.es/fotosOriginales/MOVILIDAD/4139_2_1.JPG",
				"URL_VIA" : "https://sig.caceres.es/serweb/fichasig/fichacalle.php?codigo=4139",
				"WGS84_X" : -6.372985,
				"WGS84_Y" : 39.448978,
				"COORD_X" : 726049,
				"COORD_Y" : 4369896
			}
		},
		{
			"type" : "Feature",
			"geometry" : {
				"type" : "Point",
				"coordinates" : [ -6.3806435249, 39.4582156029 ]
			},
			"properties" : {
				"NUCLEO" : "CACERES",
				"DISTRITO" : "SUR",
				"BARRIO" : "NUEVO CACERES",
				"CODBARRIO" : 62,
				"CODIGO_VIA" : 3629,
				"TIPO_VIA" : "CALLE",
				"NOMBRE_VIA" : "AVILA",
				"NUMPOL" : "13",
				"GESTION" : "PUBLICA",
				"URL_FICHA" : "https://sig.caceres.es/serweb/fichasig/fichamovilidadreducida.php?mslink=766",
				"URL_FOTO" : "https://sig.caceres.es/fotosOriginales/MOVILIDAD/3629_1_1.JPG",
				"URL_VIA" : "https://sig.caceres.es/serweb/fichasig/fichacalle.php?codigo=3629",
				"WGS84_X" : -6.380644,
				"WGS84_Y" : 39.458216,
				"COORD_X" : 725360,
				"COORD_Y" : 4370902
			}
		}
	]
}